Workbook
Name ________________GEN1: [1]D!#REF!
Name ________________GEN1: [1]D!#REF!
Name ________________GEN1: [1]D!#REF!
Name ________________GEN1: [1]D!#REF!
Name ________________GEN1: [1]D!#REF!
Name ________________GEN1: [1]D!#REF!
Name ________________GEN1: [1]D!#REF!
Name ________________GEN1: [1]D!#REF!
Name ________________GEN1: [1]D!#REF!
Name ________________GEN1: [1]D!#REF!
Name ________________GEN1: [1]D!#REF!
Name ________________GEN1: [1]D!#REF!
Name ________________GEN1: [1]D!#REF!
Name ________________GEN1: [1]D!#REF!
Name ________________GEN1: [1]D!#REF!
Name ________________GEN1: [1]D!#REF!
Name ________________GEN1: [1]D!#REF!
Name ________________GEN1: [1]D!#REF!
Name ________________GEN1: [1]D!#REF!
Name ________________GEN1: [1]D!#REF!
Name ________________GEN1: [1]D!#REF!
Name ________________GEN1: [1]D!#REF!
Name ________________GEN1: [1]D!#REF!
Name ________________GEN1: [1]D!#REF!
Name ________________GEN1: [1]D!#REF!
Name ________________GEN1: [1]D!#REF!
Name ________________GEN1: [1]D!#REF!
Name ________________GEN1: [1]D!#REF!
Name ________________GEN1: [1]D!#REF!
Name ________________GEN1: [1]D!#REF!
Name ________________GEN1: [1]D!#REF!
Name ________________GEN1: [1]D!#REF!
Name ________________GEN1: [1]D!#REF!
Name ________________GEN1: [1]D!#REF!
Name ________________GEN1: [1]D!#REF!
Name ________________GEN1: [1]D!#REF!
Name ________________GEN1: [1]D!#REF!
Name ________________GEN1: [1]D!#REF!
Name ________________GEN1: [1]D!#REF!
Name ________________GEN1: [1]D!#REF!
Name ________________GEN1: [1]D!#REF!
Name ________________GEN1: [1]D!#REF!
Name ________________GEN1: [1]D!#REF!
Name ________________GEN1: [1]D!#REF!
Name ________________GEN1: [1]D!#REF!
Name ________________GEN1: [1]D!#REF!
Name ________________GEN1: [1]D!#REF!
Name ________________GEN1: [1]D!#REF!
Name ________________GEN1: [1]D!#REF!
Name ________________GEN1: [1]D!#REF!
Name ________________GEN1: [1]D!#REF!
Name ________________GEN1: [1]D!#REF!
Name ________________GEN1: [1]D!#REF!
Name ________________GEN1: [1]D!#REF!
Name ________________GEN1: [1]D!#REF!
Name ________________GEN1: [1]D!#REF!
Name ________________GEN1: [1]D!#REF!
Name ________________GEN1: [1]D!#REF!
Name ________________GEN1: [1]D!#REF!
Name ________________GEN1: [1]D!#REF!

Sheet Cover
L1: Basic Design Study and FEED Package Preparation for Construct New KOOPAL (ASMARI & BANGESTAN) Desalting Unit
A5: Hirgan Energy Eng. Co. | AE5: NISOC
A7: Project No.: 53-51-91215 | L7: Document Title : MECH. BASIC DESIGN MTO & COST ESTIMATION REPORT | AE7: Contract No.: 53-73-1264
A10: Consult. Proj. No.: 9104 | L10: Proj. | P10: Loc. | S10: Disc. | V10: Type | Y10: Seq. | AB10: Rev. | AE10: Page No: 1 of 109
L11: 91215 | P11: KPL | S11: ME | V11: RE | Y11: 476 | AB11: R03
A13: DOCUMENT TITLE: MECHANICAL BASIC DESIGN MTO & COST ESTIMATION REPORT
A70: R03 | D70: JAN. 2016 | I70: 91215-TN-ME-0596 | P70: IBB | U70: M.F. | Z70: M.Kh. | AE70: M.M.
A71: R02 | D71: FEB. 2015 | I71: 91215-TN-ME-0586 | P71: IBB | U71: M.F. | Z71: M.Kh. | AE71: M.M.
A72: R01 | D72: SEP. 2014 | I72: 91215-TN-ME-0568 | P72: IBB | U72: M.F. | Z72: M.Kh. | AE72: M.M.
A73: R00 | D73: JUN. 2014 | I73: 91215-TN-ME-0544 | P73: IFC | U73: M.F. | Z73: M.Kh. | AE73: M.M.
A74: REV. | D74: DATE | I74: TRANS. No. | P74: P.O.I. | U74: PREPARED | Z74: CHECKED | AE74: APPROVED | AJ74: AUTHORIZED

Sheet Record Sheet
L1: Basic Design Study and FEED Package Preparation for Construct New KOOPAL (ASMARI & BANGESTAN) Desalting Unit
A5: Hirgan Energy Eng. Co. | AE5: NISOC
A7: Project No.: 53-51-91215 | L7: Document Title : MECH. BASIC DESIGN MTO & COST ESTIMATION REPORT | AE7: Contract No.: 53-73-1264
A10: Consult. Proj. No.: 9104 | L10: Proj. | P10: Loc. | S10: Disc. | V10: Type | Y10: Seq. | AB10: Rev. | AE10: Page No: 2 of 109
L11: 91215 | P11: KPL | S11: ME | V11: RE | Y11: 476 | AB11: R03
P15: CHANGE RECORD SHEET
C17: PAGE | E17: R01 | H17: R02 | K17: R03 | P17: PAGE | R17: R01 | U17: R02 | X17: R03 | AC17: PAGE | AE17: R01 | AH17: R02 | AK17: R03
C18: 1 | E18: X | P18: 51 | R18: X | AC18: 101 | AE18: X
C19: 2 | E19: X | P19: 52 | R19: X | AC19: 102 | AE19: X
C20: 3 | E20: X | P20: 53 | R20: X | AC20: 103 | AE20: X
C21: 4 | E21: X | P21: 54 | R21: X | AC21: 104 | AE21: X
C22: 5 | E22: X | P22: 55 | R22: X | AC22: 105 | AE22: X
C23: 6 | E23: X | P23: 56 | R23: X | AC23: 106
C24: 7 | E24: X | P24: 57 | R24: X | AC24: 107
C25: 8 | E25: X | P25: 58 | R25: X | AC25: 108
C26: 9 | E26: X | P26: 59 | R26: X | AC26: 109
C27: 10 | E27: X | P27: 60 | R27: X | AC27: 110
C28: 11 | E28: X | P28: 61 | R28: X | AC28: 111
C29: 12 | E29: X | P29: 62 | R29: X | AC29: 112
C30: 13 | E30: X | P30: 63 | R30: X | AC30: 113
C31: 14 | E31: X | P31: 64 | R31: X | AC31: 114
C32: 15 | E32: X | P32: 65 | R32: X | AC32: 115
C33: 16 | E33: X | P33: 66 | R33: X | AC33: 116
C34: 17 | E34: X | P34: 67 | R34: X | AC34: 117
... C67: 50 | E67: X | P67: 100 | R67: X | AC67: 150

Sheet PROC-TITLE
N1: Basic Design Study and FEED Package Preparation for Construct New KOOPAL (ASMARI & BANGESTAN) Desalting Unit
A5: Hirgan Energy Eng. Co. | AW5: NISOC
A7: Project No.: 53-51-91215 | N7: Document Title : MECH. BASIC DESIGN MTO & COST ESTIMATION REPORT | AW7: Contract No.: 53-73-1264
A10: Consult. Proj. No.: 9104 | N10: Proj. | T10: Loc. | Z10: Disc. | AF10: Type | AL10: Seq. | AR10: Rev. | AW10: Page No: | BB10: 3 | BD10: of | BF10: 109
N11: 91215 | T11: KPL | Z11: ME | AF11: RE | AL11: 476 | AR11: R03
A13: PROCUREMENT MTO & COST ESTIMATION

Sheet DESALTERS-A
N1: Basic Design Study and FEED Package Preparation for Construct New KOOPAL (ASMARI & BANGESTAN) Desalting Unit
A5: Hirgan Energy Eng. Co. | AW5: NISOC
A7: Project No.: 53-51-91215 | N7: Document Title : MECH. BASIC DESIGN MTO & COST ESTIMATION REPORT | AW7: Contract No.: 53-73-1264
A10: Consult. Proj. No.: 9104 | N10: Proj. | T10: Loc. | Z10: Disc. | AF10: Type | AL10: Seq. | AR10: Rev. | AW10: Page No: | BB10: 4 | BD10: of | BF10: 109
N11: 91215 | T11: KPL | Z11: ME | AF11: RE | AL11: 476 | AR11: R03
A13: DESALTING PACKAGES
A14: ASMARI TRAIN
A16: Item No. | F16: Description | R16: Qty. (Set) | U16: Unit Price (Rials) | AC16: Total Price (Rials) | AK16: Unit Price (Euros) | AQ16: Total Price (Euros) | AW16: Remarks
A19: PK-111 | F19: Desalting Package | R19: 1 | AC19: =R19*U19 -> 0 | AK19: 3500000 | AQ19: =R19*AK19 -> 3500000
F20: Type: Electrostatic - AC / DC
F21: Including 1st & 2nd Stage Desalters
F22: (W/ 3 x 50% Transformer), Recycle Pumps,
F23: Related Piping, Instruments, etc.
F24: Desalter Vessels Tag Nos.: DE-111 / 112
F25: Vessels Dim. (ID x TL-TL):4267x30480 mm
F26: Vessels Design Pressure: 20.3 Barg
F27: Vessels Design Temperature: -2 / 95 oC
F28: Vessels Mat. (Shell/Heads): SA 516 Gr. 70
F29: Vessel Design Code & Standard:
F30: ASME VIII, DIV.1 & IPS-G-ME-150
F31: Recycle Pumps Tag Nos.: P-113 A/B
... F37: & IPS-G-PM-105
U38: Total Price (Rials) | AC38: =SUM(AC19:AJ37) -> 0 | AK38: Total Price (Euros) | AQ38: =SUM(AQ19:AV37) -> 3500000

Sheet DESALTERS-B
N1: Basic Design Study and FEED Package Preparation for Construct New KOOPAL (ASMARI & BANGESTAN) Desalting Unit
A5: Hirgan Energy Eng. Co. | AW5: NISOC
A7: Project No.: 53-51-91215 | N7: Document Title : MECH. BASIC DESIGN MTO & COST ESTIMATION REPORT | AW7: Contract No.: 53-73-1264
A10: Consult. Proj. No.: 9104 | N10: Proj. | T10: Loc. | Z10: Disc. | AF10: Type | AL10: Seq. | AR10: Rev. | AW10: Page No: | BB10: 5 | BD10: of | BF10: 109
N11: 91215 | T11: KPL | Z11: ME | AF11: RE | AL11: 476 | AR11: R03
A13: DESALTING PACKAGES
A14: BANGESTAN TRAIN
A16: Item No. | F16: Description | R16: Qty. (Set) | U16: Unit Price (Rials) | AC16: Total Price (Rials) | AK16: Unit Price (Euros) | AQ16: Total Price (Euros) | AW16: Remarks
A19: PK-121 | F19: Desalting Package | R19: 1 | AC19: =R19*U19 -> 0 | AK19: 2500000 | AQ19: =R19*AK19 -> 2500000
F20: Type: Electrostatic - AC / DC
F21: Including 1st & 2nd Stage Desalters
F22: (W/ 3 x 50% Transformer), Recycle Pumps,
F23: Related Piping, Instruments, etc.
F24: Desalter Vessels Tag Nos.: DE-121 / 122
F25: Vessels Dim. (ID x TL-TL):3352x16764mm
F26: Vessels Design Pressure: 21.4 Barg
F27: Vessels Design Temperature: -2 / 95 oC
F28: Vessels Mat. (Shell/Heads): SA 516 Gr. 70
F29: NACE 'MR-0175' Required: Yes
F30: Vessel Design Code & Standard:
F31: ASME VIII, DIV.1 & IPS-G-ME-150
... F39: & IPS-G-PM-105
U40: Total Price (Rials) | AC40: =SUM(AC19:AJ39) -> 0 | AK40: Total Price (Euros) | AQ40: =SUM(AQ19:AV39) -> 2500000

Sheet HEATERS-A
N1: Basic Design Study and FEED Package Preparation for Construct New KOOPAL (ASMARI & BANGESTAN) Desalting Unit
A5: Hirgan Energy Eng. Co. | AW5: NISOC
A7: Project No.: 53-51-91215 | N7: Document Title : MECH. BASIC DESIGN MTO & COST ESTIMATION REPORT | AW7: Contract No.: 53-73-1264
A10: Consult. Proj. No.: 9104 | N10: Proj. | T10: Loc. | Z10: Disc. | AF10: Type | AL10: Seq. | AR10: Rev. | AW10: Page No: | BB10: 6 | BD10: of | BF10: 109
N11: 91215 | T11: KPL | Z11: ME | AF11: RE | AL11: 476 | AR11: R03
A13: INDIRECT FIRED HEATER PACKAGES
A14: ASMARI TRAIN
A16: Item No. | F16: Description | R16: Qty. (Set) | U16: Unit Price (Rials) | AC16: Total Price (Rials) | AK16: Unit Price (Euros) | AQ16: Total Price (Euros) | AW16: Remarks
A19: H-111 A/B | F19: Oil Indirect Fired Heater Packages | R19: 2 | AC19: =R19*U19 -> 0 | AK19: 780000 | AQ19: =R19*AK19 -> 1560000
F20: Rated Heat Exchanged (KW): 8844
F21: Shell Dim. (ID x TL-TL): 3700 x 12000 mm
F22: Design Press. (Shell/Coils): 0.3/20.3 Barg
F23: Design Temperature: -2 / 120 oC
F24: Material (Shell/Heads): SA 516 Gr. 70
F25: Material (Coils): SA 106 Gr. B
F26: Design Code & Standard: API Spec.12K
F27: , ASME VIII, DIV.1 & IPS-G-ME-200
A28: H-112 | F28: Water Indirect Fired Heater Packages | R28: 1 | AC28: =R28*U28 -> 0 | AK28: 650000 | AQ28: =R28*AK28 -> 650000
F29: Rated Heat Exchanged (KW): 3649
F30: Dimsion (ID x TL-TL): 2600 x 10500 mm
F31: Design Press. (Shell/Coils): 0.3/17.7 Barg
F32: Design Temperature: -2 / 120 oC
F33: Material (Shell/Heads): SA 516 Gr. 70
F34: Material (Coils): SA 106 Gr. B
F35: Design Code & Standard: API Spec.12K
F36: , ASME VIII, DIV.1 & IPS-G-ME-200
U37: Total Price (Rials) | AC37: =SUM(AC19:AJ36) -> 0 | AK37: Total Price (Euros) | AQ37: =SUM(AQ19:AV36) -> 2210000

Sheet HEATERS-B
N1: Basic Design Study and FEED Package Preparation for Construct New KOOPAL (ASMARI & BANGESTAN) Desalting Unit
A5: Hirgan Energy Eng. Co. | AW5: NISOC
A7: Project No.: 53-51-91215 | N7: Document Title : MECH. BASIC DESIGN MTO & COST ESTIMATION REPORT | AW7: Contract No.: 53-73-1264
A10: Consult. Proj. No.: 9104 | N10: Proj. | T10: Loc. | Z10: Disc. | AF10: Type | AL10: Seq. | AR10: Rev. | AW10: Page No: | BB10: 7 | BD10: of | BF10: 109
N11: 91215 | T11: KPL | Z11: ME | AF11: RE | AL11: 476 | AR11: R03
A13: INDIRECT FIRED HEATER PACKAGES
A14: BANGESTAN TRAIN
A16: Item No. | F16: Description | R16: Qty. (Set) | U16: Unit Price (Rials) | AC16: Total Price (Rials) | AK16: Unit Price (Euros) | AQ16: Total Price (Euros) | AW16: Remarks
A19: H-121 A/B | F19: Oil Indirect Fired Heater Packages | R19: 2 | AC19: =R19*U19 -> 0 | AK19: 780000 | AQ19: =R19*AK19 -> 1560000
F20: Rated Heat Exchanged (KW): 5571
F21: Dimsion (ID x TL-TL): 3400 x 11000mm
F22: Design Press. (Shell/Coils): 0.3/21.4 Barg
F23: Design Temperature: -2 / 120 oC
F24: Material (Shell/Heads): SA 516 Gr. 70
F25: Material (Coils): SA 106 Gr. B
F26: NACE 'MR-0175' Required: Yes (for Coils)
F27: Design Code & Standard: API Spec.12K
F28: , ASME VIII, DIV.1 & IPS-G-ME-200
A29: H-122 | F29: Water Indirect Fired Heater Packages | R29: 1 | AC29: =R29*U29 -> 0 | AK29: 620000 | AQ29: =R29*AK29 -> 620000
F30: Rated Heat Exchanged (KW): 2653
F31: Dimsion (ID x TL-TL): 2400 x 9500 mm
F32: Design Press. (Shell/Coils): 0.3/17.7 Barg
F33: Design Temperature: -2 / 120 oC
F34: Material (Shell/Heads): SA 516 Gr. 70
F35: Material (Coils): SA 106 Gr. B
F36: Design Code & Standard: API Spec.12K
F37: , ASME VIII, DIV.1 & IPS-G-ME-200
U38: Total Price (Rials) | AC38: =SUM(AC19:AJ37) -> 0 | AK38: Total Price (Euros) | AQ38: =SUM(AQ19:AV37) -> 2180000

Sheet VESSELS-A
N1: Basic Design Study and FEED Package Preparation for Construct New KOOPAL (ASMARI & BANGESTAN) Desalting Unit
A5: Hirgan Energy Eng. Co. | AW5: NISOC
A7: Project No.: 53-51-91215 | N7: Document Title : MECH. BASIC DESIGN MTO & COST ESTIMATION REPORT | AW7: Contract No.: 53-73-1264
A10: Consult. Proj. No.: 9104 | N10: Proj. | T10: Loc. | Z10: Disc. | AF10: Type | AL10: Seq. | AR10: Rev. | AW10: Page No: | BB10: 8 | BD10: of | BF10: 109
N11: 91215 | T11: KPL | Z11: ME | AF11: RE | AL11: 476 | AR11: R03
A13: VESSELS
A14: ASMARI TRAIN
A16: Item No. | F16: Description | R16: Qty. (Set) | U16: Unit Price (Rials) | AC16: Total Price (Rials) | AK16: Unit Price (Euros) | AQ16: Total Price (Euros) | AW16: Remarks
A19: V-171 | F19: Flare K.O. Drum | R19: 1 | U19: 800000000 | AC19: =R19*U19 -> 800000000 | AQ19: =R19*AK19 -> 0
F20: Size (ID x TL-TL): 1500 x 4500 mm
F21: Installation Position: Horizontal
F22: Design Pressure: 3.5 (F.V.) Barg
F23: Design Temperature: -2 / 95 oC
F24: Material (Shell/Heads): SA 516 Gr. 70
F25: Design Code & Standard: ASME VIII, DIV.1
F26: & IPS-G-ME-150
A27: V-231 | F27: Closed Drain Drum | R27: 1 | U27: 1300000000 | AC27: =R27*U27 -> 1300000000 | AQ27: =R27*AK27 -> 0
F28: Size (ID x TL-TL): 2000 x 8000 mm
F29: Installation Position: Horizontal
F30: Design Pressure: 3.5 (F.V.) Barg
F31: Design Temperature: -2 / 95 oC
F32: Material (Shell/Heads): SA 516 Gr. 70
F33: Design Code & Standard: ASME VIII, DIV.1
F34: & IPS-G-ME-150
U35: Total Price (Rials) | AC35: =SUM(AC19:AJ32) -> 2100000000 | AK35: Total Price (Euros) | AQ35: =SUM(AQ19:AV32) -> 0

Sheet VESSELS-B
N1: Basic Design Study and FEED Package Preparation for Construct New KOOPAL (ASMARI & BANGESTAN) Desalting Unit
A5: Hirgan Energy Eng. Co. | AW5: NISOC
A7: Project No.: 53-51-91215 | N7: Document Title : MECH. BASIC DESIGN MTO & COST ESTIMATION REPORT | AW7: Contract No.: 53-73-1264
A10: Consult. Proj. No.: 9104 | N10: Proj. | T10: Loc. | Z10: Disc. | AF10: Type | AL10: Seq. | AR10: Rev. | AW10: Page No: | BB10: 9 | BD10: of | BF10: 109
N11: 91215 | T11: KPL | Z11: ME | AF11: RE | AL11: 476 | AR11: R03
A13: VESSELS
A14: BANGESTAN TRAIN
A16: Item No. | F16: Description | R16: Qty. (Set) | U16: Unit Price (Rials) | AC16: Total Price (Rials) | AK16: Unit Price (Euros) | AQ16: Total Price (Euros) | AW16: Remarks
A19: V-181 | F19: Flare K.O. Drum | R19: 1 | U19: 850000000 | AC19: =R19*U19 -> 850000000 | AQ19: =R19*AK19 -> 0
F20: Size (ID x TL-TL): 1500 x 4500 mm
F21: Installation Position: Horizontal
F22: Design Pressure: 3.5 (F.V.) Barg
F23: Design Temperature: -2 / 95 oC
F24: Material (Shell/Heads): SA 516 Gr. 70
F25: NACE 'MR-0175' Required: Yes
F26: Design Code & Standard: ASME VIII, DIV.1
F27: & IPS-G-ME-150
A28: V-241 | F28: Closed Drain Drum | R28: 1 | U28: 1500000000 | AC28: =R28*U28 -> 1500000000 | AQ28: =R28*AK28 -> 0
F29: Size (ID x TL-TL): 2000 x 8000 mm
F30: Installation Position: Horizontal
F31: Design Pressure: 3.5 (F.V.) Barg
F32: Design Temperature: -2 / 95 oC
F33: Material (Shell/Heads): SA 516 Gr. 70
F34: NACE 'MR-0175' Required: Yes
F35: Design Code & Standard: ASME VIII, DIV.1
F36: & IPS-G-ME-150
U37: Total Price (Rials) | AC37: =SUM(AC21:AJ36) -> 1500000000 | AK37: Total Price (Euros) | AQ37: =SUM(AQ21:AV36) -> 0

Sheet VESSELS-C
N1: Basic Design Study and FEED Package Preparation for Construct New KOOPAL (ASMARI & BANGESTAN) Desalting Unit
A5: Hirgan Energy Eng. Co. | AW5: NISOC
A7: Project No.: 53-51-91215 | N7: Document Title : MECH. BASIC DESIGN MTO & COST ESTIMATION REPORT | AW7: Contract No.: 53-73-1264
A10: Consult. Proj. No.: 9104 | N10: Proj. | T10: Loc. | Z10: Disc. | AF10: Type | AL10: Seq. | AR10: Rev. | AW10: Page No: | BB10: 10 | BD10: of | BF10: 109
N11: 91215 | T11: KPL | Z11: ME | AF11: RE | AL11: 476 | AR11: R03
A13: VESSELS
A14: COMMON (ASMARI & BANGESTAN TRAINS)
A16: Item No. | F16: Description | R16: Qty. (Set) | U16: Unit Price (Rials) | AC16: Total Price (Rials) | AK16: Unit Price (Euros) | AQ16: Total Price (Euros) | AW16: Remarks
A19: V-191 | F19: Fuel Gas K.O. Drum | R19: 1 | U19: 500000000 | AC19: =R19*U19 -> 500000000 | AQ19: =R19*AK19 -> 0
F20: Size (ID x TL-TL): 1200 x 2600 mm
F21: Installation Position: Vertical
F22: Design Pressure: 7 Barg
F23: Design Temperature: -5 / 85 oC
F24: Material (Shell/Heads): SA 516 Gr. 70
F25: Design Code & Standard: ASME VIII, DIV.1
F26: & IPS-G-ME-150
A27: V-201 | F27: Fuel Oil Storage Drum | R27: 1 | U27: 850000000 | AC27: =R27*U27 -> 850000000 | AQ27: =R27*AK27 -> 0
F28: Size (ID x TL-TL): 2400 x 7500 mm
F29: Installation Position: Horizontal
F30: Design Pressure: Atm. + Full of Liquid
F31: Design Temperature: -2 / 85 oC
F32: Material (Shell/Heads): SA 285 Gr. C
F33: Design Code & Standard: ASME VIII, DIV.1
F34: & IPS-G-ME-150
A35: V-211 | F35: Air Receiver | R35: 1 | U35: 3000000000 | AC35: =R35*U35 -> 3000000000 | AQ35: =R35*AK35 -> 0
F36: Size (ID x TL-TL): 3000 x 7500 mm
F37: Installation Position: Vertical
F38: Design Pressure: 13 Barg
F39: Design Temperature: -2 / 85 oC
F40: Material (Shell/Heads): SA 516 Gr. 70
F41: Design Code & Standard: ASME VIII, DIV.1
F42: & IPS-G-ME-150

Sheet VESSELS-C (2)
N1: Basic Design Study and FEED Package Preparation for Construct New KOOPAL (ASMARI & BANGESTAN) Desalting Unit
A5: Hirgan Energy Eng. Co. | AW5: NISOC
A7: Project No.: 53-51-91215 | N7: Document Title : MECH. BASIC DESIGN MTO & COST ESTIMATION REPORT | AW7: Contract No.: 53-73-1264
A10: Consult. Proj. No.: 9104 | N10: Proj. | T10: Loc. | Z10: Disc. | AF10: Type | AL10: Seq. | AR10: Rev. | AW10: Page No: | BB10: 11 | BD10: of | BF10: 109
N11: 91215 | T11: KPL | Z11: ME | AF11: RE | AL11: 476 | AR11: R03
A13: VESSELS
A14: COMMON (ASMARI & BANGESTAN TRAINS)
A16: Item No. | F16: Description | R16: Qty. (Set) | U16: Unit Price (Rials) | AC16: Total Price (Rials) | AK16: Unit Price (Euros) | AQ16: Total Price (Euros) | AW16: Remarks
A19: V-153 | F19: Recycle Water Vessel | R19: 1 | U19: 500000000 | AC19: =U19*R19 -> 500000000 | AQ19: 0 | AW19: The mentioned size shall be confirmed & finalized by Deaerator Vendor.
F20: (Deaeration System)
F21: Size (ID x TL-TL): 1200 x 2600 mm
F22: Installation Position: Vertical
F23: Design Pressure: 3.5 Barg
F24: Design Temperature: -2 / 85 oC
F25: Material (Shell/Heads): SA 516 Gr. 70
F26: Design Code & Standard: ASME VIII, DIV.1
F27: & IPS-G-ME-150
U28: Total Price (Rials) | AC28: =SUM('VESSELS-C'!AC19:AJ42)+SUM('VESSELS-C (2)'!AC19:AJ27) -> 4850000000 | AK28: Total Price (Euros) | AQ28: =SUM('VESSELS-C'!AQ19:AV42)+SUM('VESSELS-C (2)'!AQ19:AV27) -> 0

Sheet TANKS-A (1)
N1: Basic Design Study and FEED Package Preparation for Construct New KOOPAL (ASMARI & BANGESTAN) Desalting Unit
A5: Hirgan Energy Eng. Co. | AW5: NISOC
A7: Project No.: 53-51-91215 | N7: Document Title : MECH. BASIC DESIGN MTO & COST ESTIMATION REPORT | AW7: Contract No.: 53-73-1264
A10: Consult. Proj. No.: 9104 | N10: Proj. | T10: Loc. | Z10: Disc. | AF10: Type | AL10: Seq. | AR10: Rev. | AW10: Page No: | BB10: 12 | BD10: of | BF10: 109
N11: 91215 | T11: KPL | Z11: ME | AF11: RE | AL11: 476 | AR11: R03
A13: TANKS
A14: ASMARI TRAIN
A16: Item No. | F16: Description | R16: Qty. (Set) | U16: Unit Price (Rials) # | AC16: Total Price (Rials) | AK16: Unit Price (Euros) | AQ16: Total Price (Euros) | AW16: Remarks
A19: TK-111 | F19: Gunbarrel Tank (Settling Tank) | R19: 1 | U19: 16000000000 | AC19: =R19*U19 -> 16000000000 | AQ19: =R19*AK19 -> 0 | AW19: #: The mentioned cost is only for design & procurement of raw material. The construction & installation cost is noted in next section (Construction & Installation Cost).
F20: Size (D x H): 25000 x 15000 mm
F21: Roof Type: Dome
F22: Design Pressure: -0.4 / 25 Kpa(g)
F23: Design Temperature: -2 / 85 oC
F24: Material (Shell/Bottom/Roof): A 283 Gr. C
F25: Design Code & Standard: API 620
F26: & IPS-G-ME-110
A27: TK-112 | F27: Surge Tank | R27: 1 | U27: 4500000000 | AC27: =R27*U27 -> 4500000000 | AQ27: =R27*AK27 -> 0 | AW27: #: The mentioned cost is only for design & procurement of raw material. The construction & installation cost is noted in next section (Construction & Installation Cost).
F28: Size (D x H): 10000 x 12000 mm
F29: Roof Type: Dome
F30: Design Pressure: -0.4 / 25 Kpa(g)
F31: Design Temperature: -2 / 85 oC
F32: Material (Shell/Bottom/Roof): A 283 Gr. C
F33: Design Code & Standard: API 620
F34: & IPS-G-ME-110
A35: TK-131 | F35: Dirty Oil Tank | R35: 1 | U35: 500000000 | AC35: =R35*U35 -> 500000000 | AQ35: =R35*AK35 -> 0 | AW35: #: The mentioned cost is only for design & procurement of raw material. The construction & installation cost is noted in next section (Construction & Installation Cost).
F36: Size (D x H): 3000 x 3000 mm
F37: Roof Type: Dome
F38: Design Pressure: -0.4 / 25 Kpa(g)
F39: Design Temperature: -2 / 85 oC
F40: Material (Shell/Bottom/Roof): A 283 Gr. C
F41: Design Code & Standard: API 620
F42: & IPS-G-ME-110
A43: TK-132 | F43: Skimmer Tank | R43: 1 | U43: 3000000000 | AC43: =R43*U43 -> 3000000000 | AQ43: =R43*AK43 -> 0 | AW43: #: The mentioned cost is only for design & procurement of raw material. The construction & installation cost is noted in next section (Construction & Installation Cost).
F44: Size (D x H): 10000 x 5000 mm
F45: Roof Type: Dome
F46: Design Pressure: -0.4 / 25 Kpa(g)
F47: Design Temperature: -2 / 85 oC
F48: Material (Shell/Bottom/Roof): A 283 Gr. C
F49: Design Code & Standard: API 620
F50: & IPS-G-ME-110

Sheet TANKS-A (2)
N1: Basic Design Study and FEED Package Preparation for Construct New KOOPAL (ASMARI & BANGESTAN) Desalting Unit
A5: Hirgan Energy Eng. Co. | AW5: NISOC
A7: Project No.: 53-51-91215 | N7: Document Title : MECH. BASIC DESIGN MTO & COST ESTIMATION REPORT | AW7: Contract No.: 53-73-1264
A10: Consult. Proj. No.: 9104 | N10: Proj. | T10: Loc. | Z10: Disc. | AF10: Type | AL10: Seq. | AR10: Rev. | AW10: Page No: | BB10: 13 | BD10: of | BF10: 109
N11: 91215 | T11: KPL | Z11: ME | AF11: RE | AL11: 476 | AR11: R03
A13: TANKS (Cont'd)
A14: ASMARI TRAIN
A16: Item No. | F16: Description | R16: Qty. (Set) | U16: Unit Price (Rials) # | AC16: Total Price (Rials) | AK16: Unit Price (Euros) | AQ16: Total Price (Euros) | AW16: Remarks
A19: TK-133 | F19: Disposal Water Tank | R19: 1 | U19: 3000000000 | AC19: =R19*U19 -> 3000000000 | AQ19: =R19*AK19 -> 0 | AW19: #: The mentioned cost is only for design & procurement of raw material. The construction & installation cost is noted in next section (Construction & Installation Cost).
F20: Size (D x H): 8000 x 10000 mm
F21: Roof Type: Dome
F22: Design Pressure: -0.4 / 25 Kpa(g)
F23: Design Temperature: -2 / 85 oC
F24: Material (Shell/Bottom/Roof): A 283 Gr. C
F25: Design Code & Standard: API 620
F26: & IPS-G-ME-110
A27: TK-151 | F27: Dilution Water Tank | R27: 1 | U27: 3000000000 | AC27: =R27*U27 -> 3000000000 | AQ27: =R27*AK27 -> 0 | AW27: #: The mentioned cost is only for design & procurement of raw material. The construction & installation cost is noted in next section (Construction & Installation Cost).
F28: Size (D x H): 8000 x 10000 mm
F29: Roof Type: Dome
F30: Design Pressure: -0.4 / 25 Kpa(g)
F31: Design Temperature: -2 / 85 oC
F32: Material (Shell/Bottom/Roof): A 283 Gr. C
F33: Design Code & Standard: API 620
F34: & IPS-G-ME-110
U35: Total Price (Rials) | AC35: =SUM('TANKS-A (1)'!AC19:AJ50)+SUM('TANKS-A (2)'!AC19:AJ34) -> 30000000000 | AK35: Total Price (Euros) | AQ35: =SUM('TANKS-A (1)'!AQ19:AV50)+SUM('TANKS-A (2)'!AQ19:AV34) -> 0

Sheet TANKS-B
N1: Basic Design Study and FEED Package Preparation for Construct New KOOPAL (ASMARI & BANGESTAN) Desalting Unit
A5: Hirgan Energy Eng. Co. | AW5: NISOC
A7: Project No.: 53-51-91215 | N7: Document Title : MECH. BASIC DESIGN MTO & COST ESTIMATION REPORT | AW7: Contract No.: 53-73-1264
A10: Consult. Proj. No.: 9104 | N10: Proj. | T10: Loc. | Z10: Disc. | AF10: Type | AL10: Seq. | AR10: Rev. | AW10: Page No: | BB10: 14 | BD10: of | BF10: 109
N11: 91215 | T11: KPL | Z11: ME | AF11: RE | AL11: 476 | AR11: R03
A13: TANKS
A14: BANGESTAN TRAIN
A16: Item No. | F16: Description | R16: Qty. (Set) | U16: Unit Price (Rials) # | AC16: Total Price (Rials) | AK16: Unit Price (Euros) | AQ16: Total Price (Euros) | AW16: Remarks
A19: TK-121 | F19: Gunbarrel Tank | R19: 1 | U19: 14500000000 | AC19: =R19*U19 -> 14500000000 | AQ19: =R19*AK19 -> 0 | AW19: #: The mentioned cost is only for design & procurement of raw material. The construction & installation cost is noted in next section (Construction & Installation Cost).
F20: Size (D x H): 20000 x 15000 mm
F21: Roof Type: Dome
F22: Design Pressure: -0.4 / 25 Kpa(g)
F23: Design Temperature: -2 / 85 oC
F24: Material (Shell/Bottom/Roof): A 283 Gr. C
F25: NACE 'MR-0175' Required: Yes
F26: Design Code & Standard: API 620
F27: & IPS-G-ME-110
A28: TK-122 | F28: Surge Tank | R28: 1 | U28: 5000000000 | AC28: =R28*U28 -> 5000000000 | AQ28: =R28*AK28 -> 0 | AW28: #: The mentioned cost is only for design & procurement of raw material. The construction & installation cost is noted in next section (Construction & Installation Cost).
F29: Size (D x H): 10000 x 12000 mm
F30: Roof Type: Dome
F31: Design Pressure: -0.4 / 25 Kpa(g)
F32: Design Temperature: -2 / 85 oC
F33: Material (Shell/Bottom/Roof): A 283 Gr. C
F34: NACE 'MR-0175' Required: Yes
F35: Design Code & Standard: API 620
F36: & IPS-G-ME-110
A37: TK-123 | F37: Off Spec. Tank | R37: 1 | U37: 13000000000 | AC37: =R37*U37 -> 13000000000 | AQ37: =R37*AK37 -> 0 | AW37: #: The mentioned cost is only for design & procurement of raw material. The construction & installation cost is noted in next section (Construction & Installation Cost).
F38: Size (D x H): 22500 x 14000 mm
F39: Roof Type: Dome
F40: Design Pressure: -0.4 / 25 Kpa(g)
F41: Design Temperature: -2 / 85 oC
F42: Material (Shell/Bottom/Roof): A 283 Gr. C
F43: NACE 'MR-0175' Required: Yes
F44: Design Code & Standard: API 620
F45: & IPS-G-ME-110

Sheet TANKS-B (2)
N1: Basic Design Study and FEED Package Preparation for Construct New KOOPAL (ASMARI & BANGESTAN) Desalting Unit
A5: Hirgan Energy Eng. Co. | AW5: NISOC
A7: Project No.: 53-51-91215 | N7: Document Title : MECH. BASIC DESIGN MTO & COST ESTIMATION REPORT | AW7: Contract No.: 53-73-1264
A10: Consult. Proj. No.: 9104 | N10: Proj. | T10: Loc. | Z10: Disc. | AF10: Type | AL10: Seq. | AR10: Rev. | AW10: Page No: | BB10: 15 | BD10: of | BF10: 109
N11: 91215 | T11: KPL | Z11: ME | AF11: RE | AL11: 476 | AR11: R03
A13: TANKS (Cont'd)
A14: BANGESTAN TRAIN
A16: Item No. | F16: Description | R16: Qty. (Set) | U16: Unit Price (Rials) # | AC16: Total Price (Rials) | AK16: Unit Price (Euros) | AQ16: Total Price (Euros) | AW16: Remarks
A19: TK-141 | F19: Dirty Oil Tank | R19: 1 | U19: 500000000 | AC19: =R19*U19 -> 500000000 | AQ19: =R19*AK19 -> 0 | AW19: #: The mentioned cost is only for design & procurement of raw material. The construction & installation cost is noted in next section (Construction & Installation Cost).
F20: Size (D x H): 3000 x 3000 mm
F21: Roof Type: Dome
F22: Design Pressure: -0.4 / 25 Kpa(g)
F23: Design Temperature: -2 / 85 oC
F24: Material (Shell/Bottom/Roof): A 283 Gr. C
F25: Design Code & Standard: API 620
F26: & IPS-G-ME-110
A27: TK-142 | F27: Skimmer Tank | R27: 1 | U27: 3000000000 | AC27: =R27*U27 -> 3000000000 | AQ27: =R27*AK27 -> 0 | AW27: #: The mentioned cost is only for design & procurement of raw material. The construction & installation cost is noted in next section (Construction & Installation Cost).
F28: Size (D x H): 10000 x 5000 mm
F29: Roof Type: Dome
F30: Design Pressure: -0.4 / 25 Kpa(g)
F31: Design Temperature: -2 / 85 oC
F32: Material (Shell/Bottom/Roof): A 283 Gr. C
F33: Design Code & Standard: API 620
F34: & IPS-G-ME-110
A35: TK-143 | F35: Disposal Water Tank | R35: 1 | U35: 3000000000 | AC35: =R35*U35 -> 3000000000 | AQ35: =R35*AK35 -> 0 | AW35: #: The mentioned cost is only for design & procurement of raw material. The construction & installation cost is noted in next section (Construction & Installation Cost).
F36: Size (D x H): 8000 x 10000 mm
F37: Roof Type: Dome
F38: Design Pressure: -0.4 / 25 Kpa(g)
F39: Design Temperature: -2 / 85 oC
F40: Material (Shell/Bottom/Roof): A 283 Gr. C
F41: Design Code & Standard: API 620
F42: & IPS-G-ME-110
A43: TK-161 | F43: Dilution Water Tank | R43: 1 | U43: 3000000000 | AC43: =R43*U43 -> 3000000000 | AQ43: =R43*AK43 -> 0 | AW43: #: The mentioned cost is only for design & procurement of raw material. The construction & installation cost is noted in next section (Construction & Installation Cost).
F44: Size (D x H): 8000 x 10000 mm
F45: Roof Type: Dome
F46: Design Pressure: -0.4 / 25 Kpa(g)
F47: Design Temperature: -2 / 85 oC
F48: Material (Shell/Bottom/Roof): A 283 Gr. C
F49: Des. Standards: API 620 & IPS-G-ME-110
U50: Total Price (Rials) | AC50: =SUM('TANKS-B'!AC19:AJ45)+SUM('TANKS-B (2)'!AC19:AJ49) -> 42000000000 | AK50: Total Price (Euros) | AQ50: =SUM('TANKS-B'!AQ19:AV45)+SUM('TANKS-B (2)'!AQ19:AV49) -> 0

Sheet TANKS-C
N1: Basic Design Study and FEED Package Preparation for Construct New KOOPAL (ASMARI & BANGESTAN) Desalting Unit
A5: Hirgan Energy Eng. Co. | AW5: NISOC
A7: Project No.: 53-51-91215 | N7: Document Title : MECH. BASIC DESIGN MTO & COST ESTIMATION REPORT | AW7: Contract No.: 53-73-1264
A10: Consult. Proj. No.: 9104 | N10: Proj. | T10: Loc. | Z10: Disc. | AF10: Type | AL10: Seq. | AR10: Rev. | AW10: Page No: | BB10: 16 | BD10: of | BF10: 109
N11: 91215 | T11: KPL | Z11: ME | AF11: RE | AL11: 476 | AR11: R03
A13: TANKS
A14: COMMON (ASMARI & BANGESTAN TRAINS)
A16: Item No. | F16: Description | R16: Qty. (Set) | U16: Unit Price (Rials) # | AC16: Total Price (Rials) | AK16: Unit Price (Euros) | AQ16: Total Price (Euros) | AW16: Remarks
A19: TK-152 | F19: Elevated Potable Water Tank | R19: 1 | U19: 1000000000 | AC19: =R19*U19 -> 1000000000 | AQ19: =R19*AK19 -> 0 | AW19: #: The mentioned cost is only for design & procurement of raw material. The construction & installation cost is noted in next section (Construction & Installation Cost).
F20: Size (D x H): 6000 x 4000 mm
F21: Roof Type: Cone
F22: Design Pressure: Atm.+Full of Water
F23: Design Temperature: -2 / 85 oC
F24: Material (Shell/Bottom/Roof): A 283 Gr. C
F25: Design Code & Standard: AWWA D-100
F26: & IPS-G-ME-100
A27: TK-270 A/B | F27: Fire Water Tank | R27: 2 | U27: 6000000000 | AC27: =R27*U27 -> 12000000000 | AQ27: =R27*AK27 -> 0 | AW27: #: The mentioned cost is only for design & procurement of raw material. The construction & installation cost is noted in next section (Construction & Installation Cost).
F28: Size (D x H): 15000 x 10000 mm
F29: Roof Type: Cone
F30: Design Pressure: Atm.
F31: Design Temperature: -2 / 85 oC
F32: Material (Shell/Bottom/Roof): A 283 Gr. C
F33: Design Code & Standard: API 650
F34: & IPS-G-ME-100
A35: TK-154 | F35: Cooling Water (Pumps Sealing System) | R35: 1 | U35: 200000000 | AC35: =U35*R35 -> 200000000 | AQ35: 0 | AW35: #: The mentioned cost is only for design & procurement of raw material. The construction & installation cost is noted in next section (Construction & Installation Cost).
F36: Tank
F37: (For Pumps 'Plan 53B' Sealing System)
F38: Size (D x H): 2000 x 1600 mm
F39: Roof Type: Cone
F40: Design Pressure: Atm.+Full of Water
F41: Design Temperature: -2 / 85 oC
F42: Material: S.S. Typ. 316
F43: Design Code & Standard: API 650
F44: & IPS-G-ME-100
U45: Total Price (Rials) | AC45: =SUM(AC19:AJ44) -> 13200000000 | AK45: Total Price (Euros) | AQ45: =SUM(AQ19:AV44) -> 0

Sheet PLATE H.E.-A
N1: Basic Design Study and FEED Package Preparation for Construct New KOOPAL (ASMARI & BANGESTAN) Desalting Unit
A5: Hirgan Energy Eng. Co. | AW5: NISOC
A7: Project No.: 53-51-91215 | N7: Document Title : MECH. BASIC DESIGN MTO & COST ESTIMATION REPORT | AW7: Contract No.: 53-73-1264
A10: Consult. Proj. No.: 9104 | N10: Proj. | T10: Loc. | Z10: Disc. | AF10: Type | AL10: Seq. | AR10: Rev. | AW10: Page No: | BB10: 17 | BD10: of | BF10: 109
N11: 91215 | T11: KPL | Z11: ME | AF11: RE | AL11: 476 | AR11: R03
A13: PLATE & FRAME HEAT EXCHANGERS
A14: ASMARI TRAIN
A16: Item No. | F16: Description | R16: Qty. (Set) | U16: Unit Price (Rials) | AC16: Total Price (Rials) | AK16: Unit Price (Euros) | AQ16: Total Price (Euros) | AW16: Remarks
A19: E-111 | F19: Salty Crude / Desalted Crude H.E. | R19: 1 | AC19: =R19*U19 -> 0 | AK19: 120000 | AQ19: =R19*AK19 -> 120000
F20: Heat Exchanged (KW): 6710 (Dirty Cond.)
F21: Design Pressure: 20.3 Barg
F22: Design Temperature: -2 / 95 oC
F23: Material (Plates/Gaskets): Titanium / HNBR
F24: Design Code & Standard: API 662
F25: & ASME VIII, DIV.1
A26: E-112 | F26: Dilution Water / Waste Water H.E. | R26: 1 | AC26: =R26*U26 -> 0 | AK26: 25000 | AQ26: =R26*AK26 -> 25000
F27: Heat Exchanged (KW): 2761 (Dirty Cond.)
F28: Design Pressure: 17.7 Barg
F29: Design Temperature: -2 / 95 oC
F30: Material (Plates/Gaskets): Titanium / HNBR
F31: Design Code & Standard: API 662
F32: & ASME VIII, DIV.1
U33: Total Price (Rials) | AC33: =SUM(AC19:AJ32) -> 0 | AK33: Total Price (Euros) | AQ33: =SUM(AQ19:AV32) -> 145000

Sheet PLATE H.E.-B
N1: Basic Design Study and FEED Package Preparation for Construct New KOOPAL (ASMARI & BANGESTAN) Desalting Unit
A5: Hirgan Energy Eng. Co. | AW5: NISOC
A7: Project No.: 53-51-91215 | N7: Document Title : MECH. BASIC DESIGN MTO & COST ESTIMATION REPORT | AW7: Contract No.: 53-73-1264
A10: Consult. Proj. No.: 9104 | N10: Proj. | T10: Loc. | Z10: Disc. | AF10: Type | AL10: Seq. | AR10: Rev. | AW10: Page No: | BB10: 18 | BD10: of | BF10: 109
N11: 91215 | T11: KPL | Z11: ME | AF11: RE | AL11: 476 | AR11: R03
A13: PLATE & FRAME HEAT EXCHANGERS
A14: BANGESTAN TRAIN
A16: Item No. | F16: Description | R16: Qty. (Set) | U16: Unit Price (Rials) | AC16: Total Price (Rials) | AK16: Unit Price (Euros) | AQ16: Total Price (Euros) | AW16: Remarks
A19: E-121 | F19: Salty Crude / Desalted Crude H.E. | R19: 1 | AC19: =R19*U19 -> 0 | AK19: 65000 | AQ19: =R19*AK19 -> 65000
F20: Heat Exchanged (KW): 4216 (Dirty Cond.)
F21: Design Pressure: 21.4 Barg
F22: Design Temperature: -2 / 95 oC
F23: Material (Plates/Gaskets): Titanium / HNBR
F24: Design Code & Standard: API 662
F25: & ASME VIII, DIV.1
A26: E-122 | F26: Dilution Water / Waste Water H.E. | R26: 1 | AC26: =R26*U26 -> 0 | AK26: 25000 | AQ26: =R26*AK26 -> 25000
F27: Heat Exchanged (KW): 2009 (Dirty Cond.)
F28: Design Pressure: 17.3 Barg
F29: Design Temperature: -2 / 95 oC
F30: Material (Plates/Gaskets): Titanium / HNBR
F31: Design Code & Standard: API 662
F32: & ASME VIII, DIV.1
U33: Total Price (Rials) | AC33: =SUM(AC19:AJ32) -> 0 | AK33: Total Price (Euros) | AQ33: =SUM(AQ19:AV32) -> 90000

Sheet PUMPS-A (1)
N1: Basic Design Study and FEED Package Preparation for Construct New KOOPAL (ASMARI & BANGESTAN) Desalting Unit
A5: Hirgan Energy Eng. Co. | AW5: NISOC
A7: Project No.: 53-51-91215 | N7: Document Title : MECH. BASIC DESIGN MTO & COST ESTIMATION REPORT | AW7: Contract No.: 53-73-1264
A10: Consult. Proj. No.: 9104 | N10: Proj. | T10: Loc. | Z10: Disc. | AF10: Type | AL10: Seq. | AR10: Rev. | AW10: Page No: | BB10: 19 | BD10: of | BF10: 109
N11: 91215 | T11: KPL | Z11: ME | AF11: RE | AL11: 476 | AR11: R03
A13: PUMPS
A14: ASMARI TRAIN
A16: Item No. | F16: Description | R16: Qty. (Set) | U16: Unit Price (Rials) | AC16: Total Price (Rials) | AK16: Unit Price (Euros) | AQ16: Total Price (Euros) | AW16: Remarks
A19: P-111 A/B/C | F19: Salty Crude Transfer Pumps | R19: 3 | AC19: =R19*U19 -> 0 | AK19: 55000 | AQ19: =R19*AK19 -> 165000
F20: Type: Centrifugal (OH2)
F21: Rated Flow (m3/hr): 354
F22: Differential Head (m): 31.2
F23: Discharge Pressure (Barg): 4
F24: Material Class(Acc. to API 610): D1
F25: Design Code & Standard: API 610
F26: & IPS-G-PM-105
A27: P-114 A/B/C | F27: Salty Crude Booster Pumps | R27: 3 | AC27: =R27*U27 -> 0 | AK27: 60000 | AQ27: =R27*AK27 -> 180000
F28: Type: Centrifugal (OH2)
F29: Rated Flow (m3/hr): 255
F30: Differential Head (m): 170
F31: Discharge Pressure (Barg): 17.2
F32: Material Class(Acc. to API 610): D1
F33: Design Code & Standard: API 610
F34: & IPS-G-PM-105
A35: P-135 A/B | F35: Dirty Oil Pumps | R35: 2 | AC35: =R35*U35 -> 0 | AK35: 10000 | AQ35: =R35*AK35 -> 20000
F36: Type: P.D.-Rotary (Ext. Gear)
F37: Rated Flow (m3/hr): 5
F38: Discharge Pressure (Barg): 5.3
F39: Material Class(Acc. to API 610): D1
F40: Design Code & Standard: API 676
F41: & IPS-M-PM-140
A42: P-136 A/B | F42: Free Water Transfer Pumps | R42: 2 | AC42: =R42*U42 -> 0 | AK42: 30000 | AQ42: =R42*AK42 -> 60000
F43: Type: Centrifugal (OH2)
F44: Rated Flow (m3/hr): 21
F45: Differential Head (m): 27.6
F46: Discharge Pressure (Barg): 4
F47: Material Class(Acc. to API 610): D2
F48: Design Code & Standard: API 610
F49: & IPS-G-PM-105

Sheet PUMPS-A (2)
N1: Basic Design Study and FEED Package Preparation for Construct New KOOPAL (ASMARI & BANGESTAN) Desalting Unit
A5: Hirgan Energy Eng. Co. | AW5: NISOC
A7: Project No.: 53-51-91215 | N7: Document Title : MECH. BASIC DESIGN MTO & COST ESTIMATION REPORT | AW7: Contract No.: 53-73-1264
A10: Consult. Proj. No.: 9104 | N10: Proj. | T10: Loc. | Z10: Disc. | AF10: Type | AL10: Seq. | AR10: Rev. | AW10: Page No: | BB10: 20 | BD10: of | BF10: 109
N11: 91215 | T11: KPL | Z11: ME | AF11: RE | AL11: 476 | AR11: R03
A13: PUMPS (Cont'd)
A14: ASMARI TRAIN
A16: Item No. | F16: Description | R16: Qty. (Set) | U16: Unit Price (Rials) | AC16: Total Price (Rials) | AK16: Unit Price (Euros) | AQ16: Total Price (Euros) | AW16: Remarks
A19: P-137 A/B | F19: Disposal Water InjectionPumps | R19: 2 | AC19: =R19*U19 -> 0 | AK19: 210000 | AQ19: =R19*AK19 -> 420000
F20: Type: Centrifugal (BB3)
F21: Rated Flow (m3/hr): 73
F22: Differential Head (m): 607.4
F23: Discharge Pressure (Barg): 74.4
F24: Material Class(Acc. to API 610): D2
F25: Design Code & Standard: API 610
F26: & IPS-G-PM-105
A27: P-139 A/B | F27: Disposal Water InjectionPumps | R27: 2 | AC27: =R27*U27 -> 0 | AK27: 150000 | AQ27: =R27*AK27 -> 300000
F28: Type: Centrifugal (BB3)
F29: Rated Flow (m3/hr): 36
F30: Differential Head (m): 331
F31: Discharge Pressure (Barg): 37.4
F32: Material Class(Acc. to API 610): D2
F33: Design Code & Standard: API 610
F34: & IPS-G-PM-105
A35: P-151 A/B | F35: Dilution Water Pumps | R35: 2 | AC35: =R35*U35 -> 0 | AK35: 16500 | AQ35: =R35*AK35 -> 33000
F36: Type: Centrifugal (OH2)
F37: Rated Flow (m3/hr): 23
F38: Differential Head (m): 158
F39: Discharge Pressure (Barg): 16.7
F40: Material Class(Acc. to API 610): S5
F41: Design Code & Standard: API 610
F42: & IPS-G-PM-105
A43: P-152 | F43: Dilution Water Pump | R43: 1 | AC43: =R43*U43 -> 0 | AK43: 17500 | AQ43: =R43*AK43 -> 17500
F44: Type: Centrifugal (OH2)
F45: Rated Flow (m3/hr): 43
F46: Differential Head (m): 158
F47: Discharge Pressure (Barg): 16.7
F48: Material Class(Acc. to API 610): S5
F49: Design Code & Standard: API 610
F50: & IPS-G-PM-105

Sheet PUMPS-A (3)
N1: Basic Design Study and FEED Package Preparation for Construct New KOOPAL (ASMARI & BANGESTAN) Desalting Unit
A5: Hirgan Energy Eng. Co. | AW5: NISOC
A7: Project No.: 53-51-91215 | N7: Document Title : MECH. BASIC DESIGN MTO & COST ESTIMATION REPORT | AW7: Contract No.: 53-73-1264
A10: Consult. Proj. No.: 9104 | N10: Proj. | T10: Loc. | Z10: Disc. | AF10: Type | AL10: Seq. | AR10: Rev. | AW10: Page No: | BB10: 21 | BD10: of | BF10: 109
N11: 91215 | T11: KPL | Z11: ME | AF11: RE | AL11: 476 | AR11: R03
A13: PUMPS (Cont'd)
A14: ASMARI TRAIN
A16: Item No. | F16: Description | R16: Qty. (Set) | U16: Unit Price (Rials) | AC16: Total Price (Rials) | AK16: Unit Price (Euros) | AQ16: Total Price (Euros) | AW16: Remarks
A19: P-171 A/B | F19: Flare K.O. Drum Pumps | R19: 2 | AC19: =R19*U19 -> 0 | AK19: 10000 | AQ19: =R19*AK19 -> 20000
F20: Type: Centrifugal (OH2)
F21: Rated Flow (m3/hr): 15
F22: Differential Head (m): 50
F23: Discharge Pressure (Barg): 7.4
F24: Material Class(Acc. to API 610): S6
F25: Design Code & Standard: API 610
F26: & IPS-G-PM-105
A27: P-231 A/B | F27: O.W.S. Oil Pumps | R27: 2 | AC27: =R27*U27 -> 0 | AK27: 25000 | AQ27: =R27*AK27 -> 50000
F28: Type: P.D.-Rotary (Progressing Cavity)
F29: Rated Flow (m3/hr): 6
F30: Discharge Pressure (Barg): 3.6
F31: Material Class(Acc. to API 610): D1
F32: Design Code & Standard: API 676
F33: & IPS-M-PM-140
A34: P-232 A/B | F34: O.W.S. Water Pumps | R34: 2 | AC34: =R34*U34 -> 0 | AK34: 20000 | AQ34: =R34*AK34 -> 40000
F35: Type: Centrifugal (OH2)
F36: Rated Flow (m3/hr): 11
F37: Differential Head (m): 27.6
F38: Discharge Pressure (Barg): 3
F39: Material Class(Acc. to API 610): D2
F40: Design Code & Standard: API 610
F41: & IPS-G-PM-105
A42: P-234 A/B | F42: Closed Drain Drum Pumps | R42: 2 | AC42: =R42*U42 -> 0 | AK42: 15000 | AQ42: =R42*AK42 -> 30000
F43: Type: Centrifugal (OH2)
F44: Rated Flow (m3/hr): 15
F45: Differential Head (m): 46.81
F46: Discharge Pressure (Barg): 8.5
F47: Material Class(Acc. to API 610): D2
F48: Design Code & Standard: API 610
F49: & IPS-G-PM-105

Sheet PUMPS-A (4)
N1: Basic Design Study and FEED Package Preparation for Construct New KOOPAL (ASMARI & BANGESTAN) Desalting Unit
A5: Hirgan Energy Eng. Co. | AW5: NISOC
A7: Project No.: 53-51-91215 | N7: Document Title : MECH. BASIC DESIGN MTO & COST ESTIMATION REPORT | AW7: Contract No.: 53-73-1264
A10: Consult. Proj. No.: 9104 | N10: Proj. | T10: Loc. | Z10: Disc. | AF10: Type | AL10: Seq. | AR10: Rev. | AW10: Page No: | BB10: 22 | BD10: of | BF10: 109
N11: 91215 | T11: KPL | Z11: ME | AF11: RE | AL11: 476 | AR11: R03
A13: PUMPS (Cont'd)
A14: COMMON (ASMARI & BANGESTAN TRAINS)
A16: Item No. | F16: Description | R16: Qty. (Set) | U16: Unit Price (Rials) | AC16: Total Price (Rials) | AK16: Unit Price (Euros) | AQ16: Total Price (Euros) | AW16: Remarks
A19: P-236 | F19: Evaporation Pond Portable Pump | R19: 1 | AC19: =R19*U19 -> 0 | AK19: 20000 | AQ19: =R19*AK19 -> 20000
F20: Type: Centrifugal , Submersible
F21: Electrical Motor Driven, Explosion Proof
F22: IP68
F23: Rated Flow (m3/hr): 6
F24: Differential Pressure (Barg): 2
F25: Material Class(Acc. to API 610): D2
F26: Design Code & Standard: JIS B 8325
U27: Total Price (Rials) | AC27: =SUM('PUMPS-A (1)'!AC19:AJ49)+SUM('PUMPS-A (2)'!AC19:AJ50)+SUM('PUMPS-A (3)'!AC19:AJ49)+SUM('PUMPS-A (4)'!AC19:AJ26) -> 0 | AK27: Total Price (Euros) | AQ27: =SUM('PUMPS-A (1)'!AQ19:AV49)+SUM('PUMPS-A (2)'!AQ19:AV50)+SUM('PUMPS-A (3)'!AQ19:AV49)+SUM('PUMPS-A (4)'!AQ19:AV26) -> 1355500

Sheet PUMPS-B
N1: Basic Design Study and FEED Package Preparation for Construct New KOOPAL (ASMARI & BANGESTAN) Desalting Unit
A5: Hirgan Energy Eng. Co. | AW5: NISOC
A7: Project No.: 53-51-91215 | N7: Document Title : MECH. BASIC DESIGN MTO & COST ESTIMATION REPORT | AW7: Contract No.: 53-73-1264
A10: Consult. Proj. No.: 9104 | N10: Proj. | T10: Loc. | Z10: Disc. | AF10: Type | AL10: Seq. | AR10: Rev. | AW10: Page No: | BB10: 23 | BD10: of | BF10: 109
N11: 91215 | T11: KPL | Z11: ME | AF11: RE | AL11: 476 | AR11: R03
A13: PUMPS
A14: BANGESTAN TRAIN
A16: Item No. | F16: Description | R16: Qty. (Set) | U16: Unit Price (Rials) | AC16: Total Price (Rials) | AK16: Unit Price (Euros) | AQ16: Total Price (Euros) | AW16: Remarks
A19: P-121 A/B/C | F19: Salty Crude Transfer Pumps | R19: 3 | AC19: =R19*U19 -> 0 | AK19: 55000 | AQ19: =R19*AK19 -> 165000
F20: Type: Centrifugal (OH2)
F21: Rated Flow (m3/hr): 186
F22: Differential Head (m): 33.4
F23: Discharge Pressure (Barg): 3.9
F24: Material Class(Acc. to API 610): D1
F25: NACE 'MR-0175' Required: Yes
F26: Design Code & Standard: API 610
F27: & IPS-G-PM-105
A28: P-122 A/B | F28: Off Spec. Crude Pumps | R28: 2 | AC28: =R28*U28 -> 0 | AK28: 15000 | AQ28: =R28*AK28 -> 30000
F29: Type: Centrifugal (OH2)
F30: Rated Flow (m3/hr): 37
F31: Differential Head (m): 39
F32: Discharge Pressure (Barg): 5.4
F33: Material Class(Acc. to API 610): D1
F34: NACE 'MR-0175' Required: Yes
F35: Design Code & Standard: API 610
F36: & IPS-G-PM-105
A37: P-124 A/B/C | F37: Salty Crude Booster Pumps | R37: 3 | AC37: =R37*U37 -> 0 | AK37: 60000 | AQ37: =R37*AK37 -> 180000
F38: Type: Centrifugal (OH2)
F39: Rated Flow (m3/hr): 173
F40: Differential Head (m): 186.3
F41: Discharge Pressure (Barg): 18
F42: Material Class(Acc. to API 610): D1
F43: NACE 'MR-0175' Required: Yes
F44: Design Code & Standard: API 610
F45: & IPS-G-PM-105

Sheet PUMPS-B (2)
N1: Basic Design Study and FEED Package Preparation for Construct New KOOPAL (ASMARI & BANGESTAN) Desalting Unit
A5: Hirgan Energy Eng. Co. | AW5: NISOC
A7: Project No.: 53-51-91215 | N7: Document Title : MECH. BASIC DESIGN MTO & COST ESTIMATION REPORT | AW7: Contract No.: 53-73-1264
A10: Consult. Proj. No.: 9104 | N10: Proj. | T10: Loc. | Z10: Disc. | AF10: Type | AL10: Seq. | AR10: Rev. | AW10: Page No: | BB10: 24 | BD10: of | BF10: 109
N11: 91215 | T11: KPL | Z11: ME | AF11: RE | AL11: 476 | AR11: R03
A13: PUMPS (Cont'd)
A14: BANGESTAN TRAIN
A16: Item No. | F16: Description | R16: Qty. (Set) | U16: Unit Price (Rials) | AC16: Total Price (Rials) | AK16: Unit Price (Euros) | AQ16: Total Price (Euros) | AW16: Remarks
A19: P-145 A/B | F19: Dirty Oil Pumps | R19: 2 | AC19: =R19*U19 -> 0 | AK19: 10000 | AQ19: =R19*AK19 -> 20000
F20: Type: P.D.-Rotary (Ext. Gear)
F21: Rated Flow (m3/hr): 5
F22: Discharge Pressure (Barg): 6.5
F23: Material Class(Acc. to API 610): D1
F24: NACE 'MR-0175' Required: Yes
F25: Design Code & Standard: API 676
F26: & IPS-M-PM-140
A27: P-146 A/B | F27: Free Water Transfer Pumps | R27: 2 | AC27: =R27*U27 -> 0 | AK27: 35000 | AQ27: =R27*AK27 -> 70000
F28: Type: Centrifugal (OH2)
F29: Rated Flow (m3/hr): 14.5
F30: Differential Head (m): 27.6
F31: Discharge Pressure (Barg): 4
F32: Material Class(Acc. to API 610): D2
F33: NACE 'MR-0175' Required: Yes
F34: Design Code & Standard: API 610
F35: & IPS-G-PM-105
A36: P-147 A/B | F36: Disposal Water InjectionPumps | R36: 2 | AC36: =R36*U36 -> 0 | AK36: 230000 | AQ36: =R36*AK36 -> 460000
F37: Type: Centrifugal (BB3)
F38: Rated Flow (m3/hr): 44
F39: Differential Head (m): 670
F40: Discharge Pressure (Barg): 74.4
F41: Material Class(Acc. to API 610): D2
F42: NACE 'MR-0175' Required: Yes
F43: Design Code & Standard: API 610
F44: & IPS-G-PM-105

Sheet PUMPS-B (3)
N1: Basic Design Study and FEED Package Preparation for Construct New KOOPAL (ASMARI & BANGESTAN) Desalting Unit
A5: Hirgan Energy Eng. Co. | AW5: NISOC
A7: Project No.: 53-51-91215 | N7: Document Title : MECH. BASIC DESIGN MTO & COST ESTIMATION REPORT | AW7: Contract No.: 53-73-1264
A10: Consult. Proj. No.: 9104 | N10: Proj. | T10: Loc. | Z10: Disc. | AF10: Type | AL10: Seq. | AR10: Rev. | AW10: Page No: | BB10: 25 | BD10: of | BF10: 109
N11: 91215 | T11: KPL | Z11: ME | AF11: RE | AL11: 476 | AR11: R03
A13: PUMPS (Cont'd)
A14: BANGESTAN TRAIN
A16: Item No. | F16: Description | R16: Qty. (Set) | U16: Unit Price (Rials) | AC16: Total Price (Rials) | AK16: Unit Price (Euros) | AQ16: Total Price (Euros) | AW16: Remarks
A19: P-149 A/B | F19: Disposal Water InjectionPumps | R19: 2 | AC19: =R19*U19 -> 0 | AK19: 160000 | AQ19: =R19*AK19 -> 320000
F20: Type: Centrifugal (BB3)
F21: Rated Flow (m3/hr): 22
F22: Differential Head (m): 331
F23: Discharge Pressure (Barg): 37.4
F24: Material Class(Acc. to API 610): D2
F25: NACE 'MR-0175' Required: Yes
F26: Design Code & Standard: API 610
F27: & IPS-G-PM-105
A28: P-161 A/B | F28: Dilution Water Pumps | R28: 2 | AC28: =R28*U28 -> 0 | AK28: 16500 | AQ28: =R28*AK28 -> 33000
F29: Type: Centrifugal (OH2)
F30: Rated Flow (m3/hr): 19
F31: Differential Head (m): 168
F32: Discharge Pressure (Barg): 17.8
F33: Material Class(Acc. to API 610): S5
F34: Design Code & Standard: API 610
F35: & IPS-G-PM-105
A36: P-162 | F36: Dilution Water Pump | R36: 1 | AC36: =R36*U36 -> 0 | AK36: 17500 | AQ36: =R36*AK36 -> 17500
F37: Type: Centrifugal (OH2)
F38: Rated Flow (m3/hr): 33
F39: Differential Head (m): 168
F40: Discharge Pressure (Barg): 17.8
F41: Material Class(Acc. to API 610): S5
F42: Design Code & Standard: API 610
F43: & IPS-G-PM-105

Sheet PUMPS-B (4)
N1: Basic Design Study and FEED Package Preparation for Construct New KOOPAL (ASMARI & BANGESTAN) Desalting Unit
A5: Hirgan Energy Eng. Co. | AW5: NISOC
A7: Project No.: 53-51-91215 | N7: Document Title : MECH. BASIC DESIGN MTO & COST ESTIMATION REPORT | AW7: Contract No.: 53-73-1264
A10: Consult. Proj. No.: 9104 | N10: Proj. | T10: Loc. | Z10: Disc. | AF10: Type | AL10: Seq. | AR10: Rev. | AW10: Page No: | BB10: 26 | BD10: of | BF10: 109
N11: 91215 | T11: KPL | Z11: ME | AF11: RE | AL11: 476 | AR11: R03
A13: PUMPS (Cont'd)
A14: BANGESTAN TRAIN
A16: Item No. | F16: Description | R16: Qty. (Set) | U16: Unit Price (Rials) | AC16: Total Price (Rials) | AK16: Unit Price (Euros) | AQ16: Total Price (Euros) | AW16: Remarks
A19: P-181 A/B | F19: Flare K.O. Drum Pumps | R19: 2 | AC19: =R19*U19 -> 0 | AK19: 10000 | AQ19: =R19*AK19 -> 20000
F20: Type: Centrifugal (OH2)
F21: Rated Flow (m3/hr): 15
F22: Differential Head (m): 52
F23: Discharge Pressure (Barg): 7.3
F24: Material Class(Acc. to API 610): S6
F25: Design Code & Standard: API 610
F26: & IPS-G-PM-105
A27: P-241 A/B | F27: O.W.S. Oil Pumps | R27: 2 | AC27: =R27*U27 -> 0 | AK27: 25000 | AQ27: =R27*AK27 -> 50000
F28: Type: P.D.-Rotary (Progressing Cavity)
F29: Rated Flow (m3/hr): 5.5
F30: Discharge Pressure (Barg): 3.6
F31: Material Class(Acc. to API 610): D1
F32: NACE 'MR-0175' Required: Yes
F33: Design Code & Standard: API 676
F34: & IPS-M-PM-140
A35: P-242 A/B | F35: O.W.S. Water Pumps | R35: 2 | AC35: =R35*U35 -> 0 | AK35: 20000 | AQ35: =R35*AK35 -> 40000
F36: Type: Centrifugal (OH2)
F37: Rated Flow (m3/hr): 11
F38: Differential Head (m): 28
F39: Discharge Pressure (Barg): 3
F40: Material Class(Acc. to API 610): D2
F41: NACE 'MR-0175' Required: Yes
F42: Design Code & Standard: API 610
F43: & IPS-G-PM-105

Sheet PUMPS-B (5)
N1: Basic Design Study and FEED Package Preparation for Construct New KOOPAL (ASMARI & BANGESTAN) Desalting Unit
A5: Hirgan Energy Eng. Co. | AW5: NISOC
A7: Project No.: 53-51-91215 | N7: Document Title : MECH. BASIC DESIGN MTO & COST ESTIMATION REPORT | AW7: Contract No.: 53-73-1264
A10: Consult. Proj. No.: 9104 | N10: Proj. | T10: Loc. | Z10: Disc. | AF10: Type | AL10: Seq. | AR10: Rev. | AW10: Page No: | BB10: 27 | BD10: of | BF10: 109
N11: 91215 | T11: KPL | Z11: ME | AF11: RE | AL11: 476 | AR11: R03
A13: PUMPS (Cont'd)
A14: BANGESTAN TRAIN
A16: Item No. | F16: Description | R16: Qty. (Set) | U16: Unit Price (Rials) | AC16: Total Price (Rials) | AK16: Unit Price (Euros) | AQ16: Total Price (Euros) | AW16: Remarks
A19: P-244 A/B | F19: Closed Drain Drum Pumps | R19: 2 | AC19: =R19*U19 -> 0 | AK19: 17500 | AQ19: =R19*AK19 -> 35000
F20: Type: Centrifugal (OH2)
F21: Rated Flow (m3/hr): 15
F22: Differential Head (m): 61
F23: Discharge Pressure (Barg): 9
F24: Material Class(Acc. to API 610): D2
F25: NACE 'MR-0175' Required: Yes
F26: Design Code & Standard: API 610
F27: & IPS-G-PM-105
A28: P-246 | F28: Evaporation Pond Portable Pump | R28: 1 | AC28: =R28*U28 -> 0 | AK28: 20000 | AQ28: =R28*AK28 -> 20000
F29: Type: Centrifugal , Submersible
F30: Electrical Motor Driven, Explosion Proof
F31: IP68
F32: Rated Flow (m3/hr): 6
F33: Differential Pressure (Barg): 2
F34: Material Class(Acc. to API 610): D2
F35: Design Code & Standard: JIS B 8325
U36: Total Price (Rials) | AC36: =SUM('PUMPS-B'!AC19:AJ45)+SUM('PUMPS-B (2)'!AC19:AJ44)+SUM('PUMPS-B (3)'!AC19:AJ43)+SUM('PUMPS-B (4)'!AC19:AJ43)+SUM(AC19:AJ35) -> 0 | AK36: Total Price (Euros) | AQ36: =SUM('PUMPS-B'!AQ19:AV45)+SUM('PUMPS-B (2)'!AQ19:AV44)+SUM('PUMPS-B (3)'!AQ19:AV43)+SUM('PUMPS-B (4)'!AQ19:AV43)+SUM('PUMPS-B (5)'!AQ19:AV35) -> 1460500

Sheet PUMPS-C
N1: Basic Design Study and FEED Package Preparation for Construct New KOOPAL (ASMARI & BANGESTAN) Desalting Unit
A5: Hirgan Energy Eng. Co. | AW5: NISOC
A7: Project No.: 53-51-91215 | N7: Document Title : MECH. BASIC DESIGN MTO & COST ESTIMATION REPORT | AW7: Contract No.: 53-73-1264
A10: Consult. Proj. No.: 9104 | N10: Proj. | T10: Loc. | Z10: Disc. | AF10: Type | AL10: Seq. | AR10: Rev. | AW10: Page No: | BB10: 28 | BD10: of | BF10: 109
N11: 91215 | T11: KPL | Z11: ME | AF11: RE | AL11: 476 | AR11: R03
A13: PUMPS
A14: COMMON (ASMARI & BANGESTAN TRAINS)
A16: Item No. | F16: Description | R16: Qty. (Set) | U16: Unit Price (Rials) | AC16: Total Price (Rials) | AK16: Unit Price (Euros) | AQ16: Total Price (Euros) | AW16: Remarks
A19: P-153 A/B | F19: Deaerated Water Pumps | R19: 2 | AC19: =R19*U19 -> 0 | AK19: 6500 | AQ19: =R19*AK19 -> 13000
F20: Type: Centrifugal (Horizontal)
F21: Rated Flow (m3/hr): 48
F22: Differential Head (m): 36
F23: Discharge Pressure (Barg): 3
F24: Material Class(Acc. to API 610): I2
F25: Design Code & Standard: ISO 5199
F26: & IPS-M-PM-115
A27: P-158 | F27: Potable Water Loading Pump | R27: 1 | AC27: =R27*U27 -> 0 | AK27: 6500 | AQ27: =R27*AK27 -> 6500
F28: Type: Centrifugal (Horizontal)
F29: Rated Flow (m3/hr): 33
F30: Differential Head (m): 31
F31: Discharge Pressure (Barg): 2.9
F32: Material Class(Acc. to API 610): I2
F33: Design Code & Standard: ISO 5199
F34: & IPS-M-PM-115
A35: P-172 | F35: Flare K.O. Drums Sump Pump | R35: 1 | AC35: =R35*U35 -> 0 | AK35: 10000 | AQ35: =R35*AK35 -> 10000
F36: Type: Centrifugal (VS4)
F37: Rated Flow (m3/hr): 5.5
F38: Differential Head (m): 43
F39: Discharge Pressure (Barg): 3.03
F40: Material Class(Acc. to API 610): S6
F41: Design Code & Standard: API 610
F42: & IPS-G-PM-105
A43: P-201 | F43: Fuel Oil Pump | R43: 1 | AC43: =R43*U43 -> 0 | AK43: 7000 | AQ43: =R43*AK43 -> 7000
F44: Type: Centrifugal (Horizontal)
F45: Rated Flow (m3/hr): 10
F46: Differential Head (m): 41
F47: Discharge Pressure (Barg): 3.1
F48: Material Class(Acc. to API 610): S1
F49: Design Code & Standard: ISO 5199
F50: & IPS-M-PM-115

Sheet PUMPS-C (2)
N1: Basic Design Study and FEED Package Preparation for Construct New KOOPAL (ASMARI & BANGESTAN) Desalting Unit
A5: Hirgan Energy Eng. Co. | AW5: NISOC
A7: Project No.: 53-51-91215 | N7: Document Title : MECH. BASIC DESIGN MTO & COST ESTIMATION REPORT | AW7: Contract No.: 53-73-1264
A10: Consult. Proj. No.: 9104 | N10: Proj. | T10: Loc. | Z10: Disc. | AF10: Type | AL10: Seq. | AR10: Rev. | AW10: Page No: | BB10: 29 | BD10: of | BF10: 109
N11: 91215 | T11: KPL | Z11: ME | AF11: RE | AL11: 476 | AR11: R03
A13: PUMPS (Cont'd)
A14: COMMON (ASMARI & BANGESTAN TRAINS)
A16: Item No. | F16: Description | R16: Qty. (Set) | U16: Unit Price (Rials) | AC16: Total Price (Rials) | AK16: Unit Price (Euros) | AQ16: Total Price (Euros) | AW16: Remarks
A19: P-235 | F19: Closed Drain Drums Sump Pump | R19: 1 | AC19: =R19*U19 -> 0 | AK19: 10000 | AQ19: =R19*AK19 -> 10000
F20: Type: Centrifugal (VS4)
F21: Rated Flow (m3/hr): 5.5
F22: Differential Head (m): 31
F23: Discharge Pressure (Barg): 3.4
F24: Material Class(Acc. to API 610): S6
F25: Design Code & Standard: API 610
F26: & IPS-G-PM-105
A27: P-270 | F27: Fire Water Pump-Elect. Motor Driven | R27: 1 | AC27: =R27*U27 -> 0 | AK27: 70000 | AQ27: =R27*AK27 -> 70000
F28: Type: Centrifugal (Horizontal,
F29: Impeller Between Bearings Design)
F30: Rated Flow (m3/hr): 770
F31: Differential Head (m): 107
F32: Discharge Pressure (Barg): 11.3
F33: Material Class(Acc. to API 610): I2
F34: Design Code & Standard: NFPA 20
F35: & IPS-M-PM-125
A36: P-271 | F36: Fire Water Pump-Diesel Engine Driven | R36: 1 | AC36: =R36*U36 -> 0 | AK36: 90000 | AQ36: =R36*AK36 -> 90000
F37: Type: Centrifugal (Horizontal,
F38: Impeller Between Bearings Design)
F39: Rated Flow (m3/hr): 770
F40: Differential Head (m): 88.7
F41: Discharge Pressure (Barg): 9.5
F42: Material Class(Acc. to API 610): I2
F43: Design Code & Standard: NFPA 20
F44: & IPS-M-PM-125

Sheet PUMPS-C (3)
N1: Basic Design Study and FEED Package Preparation for Construct New KOOPAL (ASMARI & BANGESTAN) Desalting Unit
A5: Hirgan Energy Eng. Co. | AW5: NISOC
A7: Project No.: 53-51-91215 | N7: Document Title : MECH. BASIC DESIGN MTO & COST ESTIMATION REPORT | AW7: Contract No.: 53-73-1264
A10: Consult. Proj. No.: 9104 | N10: Proj. | T10: Loc. | Z10: Disc. | AF10: Type | AL10: Seq. | AR10: Rev. | AW10: Page No: | BB10: 30 | BD10: of | BF10: 109
N11: 91215 | T11: KPL | Z11: ME | AF11: RE | AL11: 476 | AR11: R03
A13: PUMPS (Cont'd)
A14: COMMON (ASMARI & BANGESTAN TRAINS)
A16: Item No. | F16: Description | R16: Qty. (Set) | U16: Unit Price (Rials) | AC16: Total Price (Rials) | AK16: Unit Price (Euros) | AQ16: Total Price (Euros) | AW16: Remarks
A19: P-272 A/B | F19: Fire Water Jockey Pumps | R19: 2 | AC19: =R19*U19 -> 0 | AK19: 15000 | AQ19: =R19*AK19 -> 30000
F20: Type: Centrifugal
F21: (Horizontal, Overhung Impeller Design)
F22: Rated Flow (m3/hr): 16.5
F23: Differential Head (m): 107
F24: Discharge Pressure (Barg): 11.3
F25: Material Class(Acc. to API 610): I2
F26: Design Code & Standard: NFPA 20
F27: & IPS-M-PM-125
A28: P-273 | F28: Fire Water Loading Pump | R28: 1 | AC28: =R28*U28 -> 0 | AK28: 6500 | AQ28: =R28*AK28 -> 6500
F29: Type: Centrifugal (Horizontal)
F30: Rated Flow (m3/hr): 33
F31: Differential Head (m): 30.6
F32: Discharge Pressure (Barg): 2.9
F33: Material Class(Acc. to API 610): I2
F34: Design Code & Standard: ISO 5199
F35: & IPS-M-PM-115
A36: P-220 A/B/C/D/E | F36: Chemical Loading Pumps | R36: 5 | U36: 100000000 | AC36: =R36*U36 -> 500000000 | AQ36: =R36*AK36 -> 0
F37: Type: Portable Barrel Pump
F38: Rated Flow (Lit/min): 160
F39: Differential Pressure (Bar): 2
F40: Material: S.S. 316 L
A41: P-154 A/B | F41: Cooling Water (Sealing System) | R41: 2 | U41: 300000000 | AC41: =R41*U41 -> 600000000 | AQ41: =R41*AK41 -> 0
F42: Recycle Pumps
F43: (For Pumps 'Plan 53B' Sealing System)
F44: Type: Centrifugal (Horizontal)
F45: Rated Flow (m3/hr): 3
F46: Differential Pressure (Bar): 3
F47: Material Class(Acc. to API 610): I2
F48: Design Code & Standard: ISO 5199
F49: & IPS-M-PM-115

Sheet PUMPS-C (4)
N1: Basic Design Study and FEED Package Preparation for Construct New KOOPAL (ASMARI & BANGESTAN) Desalting Unit
A5: Hirgan Energy Eng. Co. | AW5: NISOC
A7: Project No.: 53-51-91215 | N7: Document Title : MECH. BASIC DESIGN MTO & COST ESTIMATION REPORT | AW7: Contract No.: 53-73-1264
A10: Consult. Proj. No.: 9104 | N10: Proj. | T10: Loc. | Z10: Disc. | AF10: Type | AL10: Seq. | AR10: Rev. | AW10: Page No: | BB10: 31 | BD10: of | BF10: 109
N11: 91215 | T11: KPL | Z11: ME | AF11: RE | AL11: 476 | AR11: R03
A13: PUMPS (Cont'd)
A14: COMMON (ASMARI & BANGESTAN TRAINS)
A16: Item No. | F16: Description | R16: Qty. (Set) | U16: Unit Price (Rials) | AC16: Total Price (Rials) | AK16: Unit Price (Euros) | AQ16: Total Price (Euros) | AW16: Remarks
A19: P-157 A/B | F19: Water Liquid Return Pumps | R19: 2 | U19: 250000000 | AC19: =R19*U19 -> 500000000 | AQ19: =R19*AK19 -> 0 | AW19: The mentioned capacity shall be confirmed & finalized by Deaerator Vendor.
F20: (Deaeration System)
F21: Type: Centrifugal (Horizontal)
F22: Rated Flow (m3/hr): 2
F23: Differential Pressure (Bar): 3
F24: Material Class(Acc. to API 610): I2
F25: Design Code & Standard: ISO 5199
F26: & IPS-M-PM-115
A27: P-116 | F27: Water Glycol Loading Pump | R27: 1 | U27: 100000000 | AC27: =R27*U27 -> 100000000 | AQ27: =R27*AK27 -> 0
F28: Type: Portable Barrel Pump
F29: Rated Flow (m3/hr): 9.6
F30: Differential Pressure (Bar): 2
F31: Material: S.S. 316 L
U32: Total Price (Rials) | AC32: =SUM('PUMPS-C'!AC19:AJ50)+SUM('PUMPS-C (2)'!AC19:AJ44)+SUM('PUMPS-C (3)'!AC19:AJ49)+SUM('PUMPS-C (4)'!AC19:AJ31) -> 1700000000 | AK32: Total Price (Euros) | AQ32: =SUM('PUMPS-C'!AQ19:AV50)+SUM('PUMPS-C (2)'!AQ19:AV44)+SUM('PUMPS-C (3)'!AQ19:AV49)+SUM('PUMPS-C (4)'!AQ19:AV31) -> 243000

Sheet C.I.P.-A (1)
N1: Basic Design Study and FEED Package Preparation for Construct New KOOPAL (ASMARI & BANGESTAN) Desalting Unit
A5: Hirgan Energy Eng. Co. | AW5: NISOC
A7: Project No.: 53-51-91215 | N7: Document Title : MECH. BASIC DESIGN MTO & COST ESTIMATION REPORT | AW7: Contract No.: 53-73-1264
A10: Consult. Proj. No.: 9104 | N10: Proj. | T10: Loc. | Z10: Disc. | AF10: Type | AL10: Seq. | AR10: Rev. | AW10: Page No: | BB10: 32 | BD10: of | BF10: 109
N11: 91215 | T11: KPL | Z11: ME | AF11: RE | AL11: 476 | AR11: R03
A13: CHEMICAL INJECTION PACKAGES
A14: ASMARI TRAIN
A16: Item No. | F16: Description | R16: Qty. (Set) | U16: Unit Price (Rials) | AC16: Total Price (Rials) | AK16: Unit Price (Euros) | AQ16: Total Price (Euros) | AW16: Remarks
A19: PK-250 | F19: Anti Scale Injection Package | R19: 1 | U19: 1600000000 | AC19: =R19*U19 -> 1600000000 | AQ19: =R19*AK19 -> 0
F20: Max. Injection Rate (Lit/hr): 3
F21: Max. Discharge Pressure (Barg): 3
F22: Pumps Qty.: 2
F23: Pumps Material: S.S. 316 L
F24: Pumps Design Code & Standard: API 675
F25: & IPS-M-PM-135
F26: Tank Capacity (m3): 0.5
F27: Tank Design Pressure (Barg): 3.5
F28: Tank Design Temperature (oC): -2 / 55
F29: Tank Material: S.S. 316 L
F30: Agitator Required: Yes
F31: Tank Design Code & Standard:
F32: ASME VIII, DIV.1 & IPS-G-ME-150
A33: PK-251 | F33: Demulsifier Injection Package | R33: 1 | U33: 2500000000 | AC33: =R33*U33 -> 2500000000 | AQ33: =R33*AK33 -> 0
F34: Max. Injection Rate (Lit/hr): 85
F35: Max. Discharge Pressure (Barg): 12
F36: Pumps Qty.: 3
F37: Pumps Material: S.S. 316 L
F38: Pumps Design Code & Standard: API 675
F39: & IPS-M-PM-135
F40: Tank Capacity (m3): 2.5
F41: Tank Design Pressure (Barg): 3.5
F42: Tank Design Temperature (oC): -2 / 55
F43: Tank Material: S.S. 316 L
F44: Agitator Required: Yes
F45: Tank Design Code & Standard:
F46: ASME VIII, DIV.1 & IPS-G-ME-150

Sheet C.I.P.-A (2)
N1: Basic Design Study and FEED Package Preparation for Construct New KOOPAL (ASMARI & BANGESTAN) Desalting Unit
A5: Hirgan Energy Eng. Co. | AW5: NISOC
A7: Project No.: 53-51-91215 | N7: Document Title : MECH. BASIC DESIGN MTO & COST ESTIMATION REPORT | AW7: Contract No.: 53-73-1264
A10: Consult. Proj. No.: 9104 | N10: Proj. | T10: Loc. | Z10: Disc. | AF10: Type | AL10: Seq. | AR10: Rev. | AW10: Page No: | BB10: 33 | BD10: of | BF10: 109
N11: 91215 | T11: KPL | Z11: ME | AF11: RE | AL11: 476 | AR11: R03
A13: CHEMICAL INJECTION PACKAGES (Cont'd)
A14: ASMARI TRAIN
A16: Item No. | F16: Description | R16: Qty. (Set) | U16: Unit Price (Rials) | AC16: Total Price (Rials) | AK16: Unit Price (Euros) | AQ16: Total Price (Euros) | AW16: Remarks
A19: PK-252 | F19: Reverse Demulsifier Injection Package | R19: 1 | U19: 1600000000 | AC19: =R19*U19 -> 1600000000 | AQ19: =R19*AK19 -> 0
F20: Max. Injection Rate (Lit/hr): 13
F21: Max. Discharge Pressure (Barg): 3
F22: Pumps Qty.: 2
F23: Pumps Material: S.S. 316 L
F24: Pumps Design Code & Standard: API 675
F25: & IPS-M-PM-135
F26: Tank Capacity (m3): 0.5
F27: Tank Design Pressure (Barg): 3.5
F28: Tank Design Temperature (oC): -2 / 55
F29: Tank Material: S.S. 316 L
F30: Agitator Required: Yes
F31: Tank Design Code & Standard:
F32: ASME VIII, DIV.1 & IPS-G-ME-150
A33: PK-253 | F33: Biocide Injection Package | R33: 1 | U33: 2400000000 | AC33: =R33*U33 -> 2400000000 | AQ33: =R33*AK33 -> 0
F34: Max. Injection Rate (Lit/hr): 145
F35: Max. Discharge Pressure (Barg): 3
F36: Pumps Qty.: 2
F37: Pumps Material: S.S. 316 L
F38: Pumps Design Code & Standard: API 675
F39: & IPS-M-PM-135
F40: Tank Capacity (m3): 0.5
F41: Tank Design Pressure (Barg): 3.5
F42: Tank Design Temperature (oC): -2 / 55
F43: Tank Material: S.S. 316 L
F44: Agitator Required: Yes
F45: Tank Design Code & Standard:
F46: ASME VIII, DIV.1 & IPS-G-ME-150

Sheet C.I.P.-A (3)
N1: Basic Design Study and FEED Package Preparation for Construct New KOOPAL (ASMARI & BANGESTAN) Desalting Unit
A5: Hirgan Energy Eng. Co. | AW5: NISOC
A7: Project No.: 53-51-91215 | N7: Document Title : MECH. BASIC DESIGN MTO & COST ESTIMATION REPORT | AW7: Contract No.: 53-73-1264
A10: Consult. Proj. No.: 9104 | N10: Proj. | T10: Loc. | Z10: Disc. | AF10: Type | AL10: Seq. | AR10: Rev. | AW10: Page No: | BB10: 34 | BD10: of | BF10: 109
N11: 91215 | T11: KPL | Z11: ME | AF11: RE | AL11: 476 | AR11: R03
A13: CHEMICAL INJECTION PACKAGES (Cont'd)
A14: ASMARI TRAIN
A16: Item No. | F16: Description | R16: Qty. (Set) | U16: Unit Price (Rials) | AC16: Total Price (Rials) | AK16: Unit Price (Euros) | AQ16: Total Price (Euros) | AW16: Remarks
A19: PK-254 | F19: Corrosion Inhibitor Injection Package | R19: 1 | U19: 1600000000 | AC19: =R19*U19 -> 1600000000 | AQ19: =R19*AK19 -> 0
F20: Max. Injection Rate (Lit/hr): 7
F21: Max. Discharge Pressure (Barg): 3
F22: Pumps Qty.: 2
F23: Pumps Material: S.S. 316 L
F24: Pumps Design Code & Standard: API 675
F25: & IPS-M-PM-135
F26: Tank Capacity (m3): 0.5
F27: Tank Design Pressure (Barg): 3.5
F28: Tank Design Temperature (oC): -2 / 55
F29: Tank Material: S.S. 316 L
F30: Agitator Required: Yes
F31: Tank Design Code & Standard:
F32: ASME VIII, DIV.1 & IPS-G-ME-150
A33: PK-255 | F33: Oxygen Scavenger Injection Package | R33: 1 | U33: 1400000000 | AC33: =R33*U33 -> 1400000000 | AQ33: =R33*AK33 -> 0
F34: Max. Injection Rate (Lit/hr): 52
F35: Max. Discharge Pressure (Barg): 3
F36: Pumps Qty.: 2
F37: Pumps Material: S.S. 316 L
F38: Pumps Design Code & Standard: API 675
F39: & IPS-M-PM-135
F40: Tank Capacity (m3): N/A (Portable Barrel)
F41: Agitator Required: N/A

Sheet C.I.P.-A (4)
N1: Basic Design Study and FEED Package Preparation for Construct New KOOPAL (ASMARI & BANGESTAN) Desalting Unit
A5: Hirgan Energy Eng. Co. | AW5: NISOC
A7: Project No.: 53-51-91215 | N7: Document Title : MECH. BASIC DESIGN MTO & COST ESTIMATION REPORT | AW7: Contract No.: 53-73-1264
A10: Consult. Proj. No.: 9104 | N10: Proj. | T10: Loc. | Z10: Disc. | AF10: Type | AL10: Seq. | AR10: Rev. | AW10: Page No: | BB10: 35 | BD10: of | BF10: 109
N11: 91215 | T11: KPL | Z11: ME | AF11: RE | AL11: 476 | AR11: R03
A13: CHEMICAL INJECTION PACKAGES (Cont'd)
A14: ASMARI TRAIN
A16: Item No. | F16: Description | R16: Qty. (Set) | U16: Unit Price (Rials) | AC16: Total Price (Rials) | AK16: Unit Price (Euros) | AQ16: Total Price (Euros) | AW16: Remarks
A19: PK-256 | F19: Anti Scale Injection Package | R19: 1 | U19: 1600000000 | AC19: =R19*U19 -> 1600000000 | AQ19: =R19*AK19 -> 0
F20: Max. Injection Rate (Lit/hr): 10
F21: Max. Discharge Pressure (Barg): 3
F22: Pumps Qty.: 2
F23: Pumps Material: S.S. 316 L
F24: Pumps Design Code & Standard: API 675
F25: & IPS-M-PM-135
F26: Tank Capacity (m3): 0.5
F27: Tank Design Pressure (Barg): 3.5
F28: Tank Design Temperature (oC): -2 / 55
F29: Tank Material: S.S. 316 L
F30: Agitator Required: Yes
F31: Tank Design Code & Standard:
F32: ASME VIII, DIV.1 & IPS-G-ME-150
A33: PK-257 | F33: Anti Scale Injection Package | R33: 1 | U33: 1600000000 | AC33: =R33*U33 -> 1600000000 | AQ33: =R33*AK33 -> 0
F34: Max. Injection Rate (Lit/hr): 10
F35: Max. Discharge Pressure (Barg): 3
F36: Pumps Qty.: 2
F37: Pumps Material: S.S. 316 L
F38: Pumps Design Code & Standard: API 675
F39: & IPS-M-PM-135
F40: Tank Capacity (m3): 0.5
F41: Tank Design Pressure (Barg): 3.5
F42: Tank Design Temperature (oC): -2 / 55
F43: Tank Material: S.S. 316 L
F44: Agitator Required: Yes
F45: Tank Design Code & Standard:
F46: ASME VIII, DIV.1 & IPS-G-ME-150

Sheet C.I.P.-A (5)
N1: Basic Design Study and FEED Package Preparation for Construct New KOOPAL (ASMARI & BANGESTAN) Desalting Unit
A5: Hirgan Energy Eng. Co. | AW5: NISOC
A7: Project No.: 53-51-91215 | N7: Document Title : MECH. BASIC DESIGN MTO & COST ESTIMATION REPORT | AW7: Contract No.: 53-73-1264
A10: Consult. Proj. No.: 9104 | N10: Proj. | T10: Loc. | Z10: Disc. | AF10: Type | AL10: Seq. | AR10: Rev. | AW10: Page No: | BB10: 36 | BD10: of | BF10: 109
N11: 91215 | T11: KPL | Z11: ME | AF11: RE | AL11: 476 | AR11: R03
A13: CHEMICAL INJECTION PACKAGES (Cont'd)
A14: ASMARI TRAIN
A16: Item No. | F16: Description | R16: Qty. (Set) | U16: Unit Price (Rials) | AC16: Total Price (Rials) | AK16: Unit Price (Euros) | AQ16: Total Price (Euros) | AW16: Remarks
A19: PK-259 | F19: Oxygen Scavenger Injection Package | R19: 1 | U19: 1250000000 | AC19: =R19*U19 -> 1250000000 | AQ19: =R19*AK19 -> 0
F20: Max. Injection Rate (Lit/hr): 12
F21: Max. Discharge Pressure (Barg): 3
F22: Pumps Qty.: 2
F23: Pumps Material: S.S. 316 L
F24: Pumps Design Code & Standard: API 675
F25: & IPS-M-PM-135
F26: Tank Capacity (m3): N/A (Portable Barrel)
F27: Agitator Required: N/A
A28: PK-221 | F28: Demulsifier Injection Package | R28: 1 | U28: 1650000000 | AC28: =R28*U28 -> 1650000000 | AQ28: =R28*AK28 -> 0
F29: (Production Unit)
F30: Max. Injection Rate (Lit/hr): 44
F31: Max. Discharge Pressure (Barg): 50
F32: Pumps Qty.: 2
F33: Pumps Material: S.S. 316 L
F34: Pumps Design Code & Standard: API 675
F35: & IPS-M-PM-135
F36: Tank Capacity (m3): 2.5
F37: Tank Design Pressure (Barg): 3.5
F38: Tank Design Temperature (oC): -2 / 55
F39: Tank Material: S.S. 316 L
F40: Agitator Required: Yes
... F42: ASME VIII, DIV.1 & IPS-G-ME-150

Sheet C.I.P.-A (6)
N1: Basic Design Study and FEED Package Preparation for Construct New KOOPAL (ASMARI & BANGESTAN) Desalting Unit
A5: Hirgan Energy Eng. Co. | AW5: NISOC
A7: Project No.: 53-51-91215 | N7: Document Title : MECH. BASIC DESIGN MTO & COST ESTIMATION REPORT | AW7: Contract No.: 53-73-1264
A10: Consult. Proj. No.: 9104 | N10: Proj. | T10: Loc. | Z10: Disc. | AF10: Type | AL10: Seq. | AR10: Rev. | AW10: Page No: | BB10: 37 | BD10: of | BF10: 109
N11: 91215 | T11: KPL | Z11: ME | AF11: RE | AL11: 476 | AR11: R03
A13: CHEMICAL INJECTION PACKAGES (Cont'd)
A14: ASMARI TRAIN
A16: Item No. | F16: Description | R16: Qty. (Set) | U16: Unit Price (Rials) | AC16: Total Price (Rials) | AK16: Unit Price (Euros) | AQ16: Total Price (Euros) | AW16: Remarks
A19: PK-222 | F19: Corrosion Inhibitor Injection Package | R19: 1 | U19: 1600000000 | AC19: =R19*U19 -> 1600000000 | AQ19: =R19*AK19 -> 0
F20: (Production Unit)
F21: Max. Injection Rate (Lit/hr): 17
F22: Max. Discharge Pressure (Barg): 3
F23: Pumps Qty.: 2
F24: Pumps Material: S.S. 316 L
F25: Pumps Design Code & Standard: API 675
F26: & IPS-M-PM-135
F27: Tank Capacity (m3): 0.5
F28: Tank Design Pressure (Barg): 3.5
F29: Tank Design Temperature (oC): -2 / 55
F30: Tank Material: S.S. 316 L
F31: Agitator Required: Yes
... F33: ASME VIII, DIV.1 & IPS-G-ME-150
U34: Total Price (Rials) | AC34: =SUM('C.I.P.-A (1)'!AC19:AJ46)+SUM('C.I.P.-A (2)'!AC19:AJ46)+SUM('C.I.P.-A (3)'!AC19:AJ41)+SUM('C.I.P.-A (4)'!AC19:AJ46)+SUM('C.I.P.-A (5)'!AC19:AJ42)+SUM('C.I.P.-A (6)'!AC19:AJ33) -> 18800000000 | AK34: Total Price (Euros) | AQ34: =SUM('C.I.P.-A (1)'!AQ19:AV46)+SUM('C.I.P.-A (2)'!AQ19:AV46)+SUM('C.I.P.-A (3)'!AQ19:AV41)+SUM('C.I.P.-A (4)'!AQ19:AV46)+SUM('C.I.P.-A (5)'!AQ19:AV42)+SUM('C.I.P.-A (6)'!AQ19:AV33) -> 0

Sheet C.I.P.-B (1)
N1: Basic Design Study and FEED Package Preparation for Construct New KOOPAL (ASMARI & BANGESTAN) Desalting Unit
A5: Hirgan Energy Eng. Co. | AW5: NISOC
A7: Project No.: 53-51-91215 | N7: Document Title : MECH. BASIC DESIGN MTO & COST ESTIMATION REPORT | AW7: Contract No.: 53-73-1264
A10: Consult. Proj. No.: 9104 | N10: Proj. | T10: Loc. | Z10: Disc. | AF10: Type | AL10: Seq. | AR10: Rev. | AW10: Page No: | BB10: 38 | BD10: of | BF10: 109
N11: 91215 | T11: KPL | Z11: ME | AF11: RE | AL11: 476 | AR11: R03
A13: CHEMICAL INJECTION PACKAGES
A14: BANGESTAN TRAIN
A16: Item No. | F16: Description | R16: Qty. (Set) | U16: Unit Price (Rials) | AC16: Total Price (Rials) | AK16: Unit Price (Euros) | AQ16: Total Price (Euros) | AW16: Remarks
A19: PK-261 | F19: Demulsifier Injection Package | R19: 1 | U19: 2400000000 | AC19: =R19*U19 -> 2400000000 | AQ19: =R19*AK19 -> 0
F20: Max. Injection Rate (Lit/hr): 55
F21: Max. Discharge Pressure (Barg): 11
F22: Pumps Qty.: 3
F23: Pumps Material: S.S. 316 L
F24: Pumps Design Code & Standard: API 675
F25: & IPS-M-PM-135
F26: Tank Capacity (m3): 2.5
F27: Tank Design Pressure (Barg): 3.5
F28: Tank Design Temperature (oC): -2 / 55
F29: Tank Material: S.S. 316 L
F30: Agitator Required: Yes
F31: Tank Design Code & Standard:
F32: ASME VIII, DIV.1 & IPS-G-ME-150
A33: PK-262 | F33: Reverse Demulsifier Injection Package | R33: 1 | U33: 1600000000 | AC33: =R33*U33 -> 1600000000 | AQ33: =R33*AK33 -> 0
F34: Max. Injection Rate (Lit/hr): 13
F35: Max. Discharge Pressure (Barg): 4
F36: Pumps Qty.: 2
F37: Pumps Material: S.S. 316 L
F38: Pumps Design Code & Standard: API 675
F39: & IPS-M-PM-135
F40: Tank Capacity (m3): 0.5
F41: Tank Design Pressure (Barg): 3.5
F42: Tank Design Temperature (oC): -2 / 55
F43: Tank Material: S.S. 316 L
F44: Agitator Required: Yes
F45: Tank Design Code & Standard:
F46: ASME VIII, DIV.1 & IPS-G-ME-150

Sheet C.I.P.-B (2)
N1: Basic Design Study and FEED Package Preparation for Construct New KOOPAL (ASMARI & BANGESTAN) Desalting Unit
A5: Hirgan Energy Eng. Co. | AW5: NISOC
A7: Project No.: 53-51-91215 | N7: Document Title : MECH. BASIC DESIGN MTO & COST ESTIMATION REPORT | AW7: Contract No.: 53-73-1264
A10: Consult. Proj. No.: 9104 | N10: Proj. | T10: Loc. | Z10: Disc. | AF10: Type | AL10: Seq. | AR10: Rev. | AW10: Page No: | BB10: 39 | BD10: of | BF10: 109
N11: 91215 | T11: KPL | Z11: ME | AF11: RE | AL11: 476 | AR11: R03
A13: CHEMICAL INJECTION PACKAGES (Cont'd)
A14: BANGESTAN TRAIN
A16: Item No. | F16: Description | R16: Qty. (Set) | U16: Unit Price (Rials) | AC16: Total Price (Rials) | AK16: Unit Price (Euros) | AQ16: Total Price (Euros) | AW16: Remarks
A19: PK-263 | F19: Biocide Injection Package | R19: 1 | U19: 1700000000 | AC19: =R19*U19 -> 1700000000 | AQ19: =R19*AK19 -> 0
F20: Max. Injection Rate (Lit/hr): 44.5
F21: Max. Discharge Pressure (Barg): 4
F22: Pumps Qty.: 2
F23: Pumps Material: S.S. 316 L
F24: Pumps Design Code & Standard: API 675
F25: & IPS-M-PM-135
F26: Tank Capacity (m3): 0.5
F27: Tank Design Pressure (Barg): 3.5
F28: Tank Design Temperature (oC): -2 / 55
F29: Tank Material: S.S. 316 L
F30: Agitator Required: Yes
F31: Tank Design Code & Standard:
F32: ASME VIII, DIV.1 & IPS-G-ME-150
A33: PK-264 | F33: Corrosion Inhibitor Injection Package | R33: 1 | U33: 1600000000 | AC33: =R33*U33 -> 1600000000 | AQ33: =R33*AK33 -> 0
F34: Max. Injection Rate (Lit/hr): 1.5
F35: Max. Discharge Pressure (Barg): 4
F36: Pumps Qty.: 2
F37: Pumps Material: S.S. 316 L
F38: Pumps Design Code & Standard: API 675
F39: & IPS-M-PM-135
F40: Tank Capacity (m3): 0.5
F41: Tank Design Pressure (Barg): 3.5
F42: Tank Design Temperature (oC): -2 / 55
F43: Tank Material: S.S. 316 L
F44: Agitator Required: Yes
F45: Tank Design Code & Standard:
F46: ASME VIII, DIV.1 & IPS-G-ME-150

Sheet C.I.P.-B (3)
N1: Basic Design Study and FEED Package Preparation for Construct New KOOPAL (ASMARI & BANGESTAN) Desalting Unit
A5: Hirgan Energy Eng. Co. | AW5: NISOC
A7: Project No.: 53-51-91215 | N7: Document Title : MECH. BASIC DESIGN MTO & COST ESTIMATION REPORT | AW7: Contract No.: 53-73-1264
A10: Consult. Proj. No.: 9104 | N10: Proj. | T10: Loc. | Z10: Disc. | AF10: Type | AL10: Seq. | AR10: Rev. | AW10: Page No: | BB10: 40 | BD10: of | BF10: 109
N11: 91215 | T11: KPL | Z11: ME | AF11: RE | AL11: 476 | AR11: R03
A13: CHEMICAL INJECTION PACKAGES (Cont'd)
A14: BANGESTAN TRAIN
A16: Item No. | F16: Description | R16: Qty. (Set) | U16: Unit Price (Rials) | AC16: Total Price (Rials) | AK16: Unit Price (Euros) | AQ16: Total Price (Euros) | AW16: Remarks
A19: PK-265 | F19: Oxygen Scavenger Injection Package | R19: 1 | U19: 1250000000 | AC19: =R19*U19 -> 1250000000 | AQ19: =R19*AK19 -> 0
F20: Max. Injection Rate (Lit/hr): 15.5
F21: Max. Discharge Pressure (Barg): 4
F22: Pumps Qty.: 2
F23: Pumps Material: S.S. 316 L
F24: Pumps Design Code & Standard: API 675
F25: & IPS-M-PM-135
F26: Tank Capacity (m3): N/A (Portable Barrel)
F27: Agitator Required: N/A
A28: PK-266 | F28: Anti Scale Injection Package | R28: 1 | U28: 1600000000 | AC28: =R28*U28 -> 1600000000 | AQ28: =R28*AK28 -> 0
F29: Max. Injection Rate (Lit/hr): 2.6
F30: Max. Discharge Pressure (Barg): 4
F31: Pumps Qty.: 2
F32: Pumps Material: S.S. 316 L
F33: Pumps Design Code & Standard: API 675
F34: & IPS-M-PM-135
F35: Tank Capacity (m3): 0.5
F36: Tank Design Pressure (Barg): 3.5
F37: Tank Design Temperature (oC): -2 / 55
F38: Tank Material: S.S. 316 L
F39: Agitator Required: Yes
F40: Tank Design Code & Standard:
F41: ASME VIII, DIV.1 & IPS-G-ME-150

Sheet C.I.P.-B (4)
N1: Basic Design Study and FEED Package Preparation for Construct New KOOPAL (ASMARI & BANGESTAN) Desalting Unit
A5: Hirgan Energy Eng. Co. | AW5: NISOC
A7: Project No.: 53-51-91215 | N7: Document Title : MECH. BASIC DESIGN MTO & COST ESTIMATION REPORT | AW7: Contract No.: 53-73-1264
A10: Consult. Proj. No.: 9104 | N10: Proj. | T10: Loc. | Z10: Disc. | AF10: Type | AL10: Seq. | AR10: Rev. | AW10: Page No: | BB10: 41 | BD10: of | BF10: 109
N11: 91215 | T11: KPL | Z11: ME | AF11: RE | AL11: 476 | AR11: R03
A13: CHEMICAL INJECTION PACKAGES (Cont'd)
A14: BANGESTAN TRAIN
A16: Item No. | F16: Description | R16: Qty. (Set) | U16: Unit Price (Rials) | AC16: Total Price (Rials) | AK16: Unit Price (Euros) | AQ16: Total Price (Euros) | AW16: Remarks
A19: PK-267 | F19: Anti Scale Injection Package | R19: 1 | U19: 1600000000 | AC19: =R19*U19 -> 1600000000 | AQ19: =R19*AK19 -> 0
F20: Max. Injection Rate (Lit/hr): 2.6
F21: Max. Discharge Pressure (Barg): 4
F22: Pumps Qty.: 2
F23: Pumps Material: S.S. 316 L
F24: Pumps Design Code & Standard: API 675
F25: & IPS-M-PM-135
F26: Tank Capacity (m3): 0.5
F27: Tank Design Pressure (Barg): 3.5
F28: Tank Design Temperature (oC): -2 / 55
F29: Tank Material: S.S. 316 L
F30: Agitator Required: Yes
F31: Tank Design Code & Standard:
F32: ASME VIII, DIV.1 & IPS-G-ME-150
A33: PK-223 | F33: Demulsifier Injection Package | R33: 1 | U33: 1700000000 | AC33: =R33*U33 -> 1700000000 | AQ33: =R33*AK33 -> 0
F34: (Production Unit)
F35: Max. Injection Rate (Lit/hr): 24
F36: Max. Discharge Pressure (Barg): 50
F37: Pumps Qty.: 2
F38: Pumps Material: S.S. 316 L
F39: Pumps Design Code & Standard: API 675
F40: & IPS-M-PM-135
F41: Tank Capacity (m3): 2.5
F42: Tank Design Pressure (Barg): 3.5
F43: Tank Design Temperature (oC): -2 / 55
F44: Tank Material: S.S. 316 L
F45: Agitator Required: Yes
... F47: ASME VIII, DIV.1 & IPS-G-ME-150

Sheet C.I.P.-B (5)
N1: Basic Design Study and FEED Package Preparation for Construct New KOOPAL (ASMARI & BANGESTAN) Desalting Unit
A5: Hirgan Energy Eng. Co. | AW5: NISOC
A7: Project No.: 53-51-91215 | N7: Document Title : MECH. BASIC DESIGN MTO & COST ESTIMATION REPORT | AW7: Contract No.: 53-73-1264
A10: Consult. Proj. No.: 9104 | N10: Proj. | T10: Loc. | Z10: Disc. | AF10: Type | AL10: Seq. | AR10: Rev. | AW10: Page No: | BB10: 42 | BD10: of | BF10: 109
N11: 91215 | T11: KPL | Z11: ME | AF11: RE | AL11: 476 | AR11: R03
A13: CHEMICAL INJECTION PACKAGES (Cont'd)
A14: BANGESTAN TRAIN
A16: Item No. | F16: Description | R16: Qty. (Set) | U16: Unit Price (Rials) | AC16: Total Price (Rials) | AK16: Unit Price (Euros) | AQ16: Total Price (Euros) | AW16: Remarks
A19: PK-224 | F19: Corrosion Inhibitor Injection Package | R19: 1 | U19: 1600000000 | AC19: =R19*U19 -> 1600000000 | AQ19: =R19*AK19 -> 0
F20: (Production Unit)
F21: Max. Injection Rate (Lit/hr): 5
F22: Max. Discharge Pressure (Barg): 3
F23: Pumps Qty.: 2
F24: Pumps Material: S.S. 316 L
F25: Pumps Design Code & Standard: API 675
F26: & IPS-M-PM-135
F27: Tank Capacity (m3): 0.5
F28: Tank Design Pressure (Barg): 3.5
F29: Tank Design Temperature (oC): -2 / 55
F30: Tank Material: S.S. 316 L
F31: Agitator Required: Yes
... F33: ASME VIII, DIV.1 & IPS-G-ME-150
U34: Total Price (Rials) | AC34: =SUM('C.I.P.-B (1)'!AC19:AJ46)+SUM('C.I.P.-B (2)'!AC19:AJ46)+SUM('C.I.P.-B (3)'!AC19:AJ41)+SUM('C.I.P.-B (4)'!AC19:AJ47)+SUM('C.I.P.-B (5)'!AC19:AJ33) -> 15050000000 | AK34: Total Price (Euros) | AQ34: =SUM('C.I.P.-B (1)'!AQ19:AV46)+SUM('C.I.P.-B (2)'!AQ19:AV46)+SUM('C.I.P.-B (3)'!AQ19:AV41)+SUM('C.I.P.-B (4)'!AQ19:AV47)+SUM('C.I.P.-B (5)'!AQ19:AV33) -> 0

Sheet STRIPPER-B
N1: Basic Design Study and FEED Package Preparation for Construct New KOOPAL (ASMARI & BANGESTAN) Desalting Unit
A5: Hirgan Energy Eng. Co. | AW5: NISOC
A7: Project No.: 53-51-91215 | N7: Document Title : MECH. BASIC DESIGN MTO & COST ESTIMATION REPORT | AW7: Contract No.: 53-73-1264
A10: Consult. Proj. No.: 9104 | N10: Proj. | T10: Loc. | Z10: Disc. | AF10: Type | AL10: Seq. | AR10: Rev. | AW10: Page No: | BB10: 43 | BD10: of | BF10: 109
N11: 91215 | T11: KPL | Z11: ME | AF11: RE | AL11: 476 | AR11: R03
A13: STRIPPING PACKAGES
A14: BANGESTAN TRAIN
A16: Item No. | F16: Description | R16: Qty. (Set) | U16: Unit Price (Rials) | AC16: Total Price (Rials) | AK16: Unit Price (Euros) | AQ16: Total Price (Euros) | AW16: Remarks
A19: PK-143 | F19: Stripping Package | R19: 1 | U19: 9000000000 | AC19: =R19*U19 -> 9000000000 | AQ19: =R19*AK19 -> 0
F20: Including Strpper Towers,
F21: Stripped Waste Water Pumps,
F22: Related Piping, Instruments, etc.
F23: Strpper Towers Tag Nos.: T-143 A/B
F24: Internals: Packing
F25: Lower Sec. Dim. (ID x L): 2000 x 2500 mm
F26: Upper Sec. Dim. (ID x L): 800 x 5000 mm
F27: Total Length: 9000 mm
F28: Design Pressure: 5 (F.V.) Barg
F29: Design Temperature: -2 / 95 oC
F30: Mat. (Shell/Heads): SA 516 Gr. 70
F31: Mat. (Remov. Internals): Duplex S.S.
... F41: & IPS-G-PM-105
U42: Total Price (Rials) | AC42: =AC19 -> 9000000000 | AK42: Total Price (Euros) | AQ42: =AQ19 -> 0

Sheet CHILLING UNIT (DEAERATOR)
N1: Basic Design Study and FEED Package Preparation for Construct New KOOPAL (ASMARI & BANGESTAN) Desalting Unit
A5: Hirgan Energy Eng. Co. | AW5: NISOC
A7: Project No.: 53-51-91215 | N7: Document Title : MECH. BASIC DESIGN MTO & COST ESTIMATION REPORT | AW7: Contract No.: 53-73-1264
A10: Consult. Proj. No.: 9104 | N10: Proj. | T10: Loc. | Z10: Disc. | AF10: Type | AL10: Seq. | AR10: Rev. | AW10: Page No: | BB10: 44 | BD10: of | BF10: 109
N11: 91215 | T11: KPL | Z11: ME | AF11: RE | AL11: 476 | AR11: R03
A13: DEAERATION PACKAGES
A16: Item No. | F16: Description | R16: Qty. (Set) | U16: Unit Price (Rials) | AC16: Total Price (Rials) | AK16: Unit Price 'FOB' (€) | AQ16: Total Price 'FOB' (€) | AW16: Remarks
A19: E-151 | F19: Chilling Unit (Deaeration System) | R19: 1 | U19: 1500000000 | AC19: =R19*U19 -> 1500000000 | AQ19: =R19*AK19 -> 0 | AW19: The mentioned capacity shall be confirmed & finalized by Deaerator Vendor.
F20: Type: Air-cooled H.E.
F21: Flow Rate (m3/hr): 25
U22: Total Price (Rials) | AC22: =AC19 -> 1500000000 | AK22: Total Price (Euros) | AQ22: =AQ19 -> 0

Sheet IWWTP-A (1)
N1: Basic Design Study and FEED Package Preparation for Construct New KOOPAL (ASMARI & BANGESTAN) Desalting Unit
A5: Hirgan Energy Eng. Co. | AW5: NISOC
A7: Project No.: 53-51-91215 | N7: Document Title : MECH. BASIC DESIGN MTO & COST ESTIMATION REPORT | AW7: Contract No.: 53-73-1264
A10: Consult. Proj. No.: 9104 | N10: Proj. | T10: Loc. | Z10: Disc. | AF10: Type | AL10: Seq. | AR10: Rev. | AW10: Page No: | BB10: 45 | BD10: of | BF10: 109
N11: 91215 | T11: KPL | Z11: ME | AF11: RE | AL11: 476 | AR11: R03
A13: IGF PACKAGES
A14: ASMARI TRAIN
A16: Item No. | F16: Description | R16: Qty. (Set) | U16: Unit Price (Rials) | AC16: Total Price (Rials) | AK16: Unit Price (Euros) | AQ16: Total Price (Euros) | AW16: Remarks
A19: PK-131 | F19: IGF Package | R19: 1 | AC19: =R19*U19 -> 0 | AK19: 1000000 | AQ19: =R19*AK19 -> 1000000
F20: Design Flow (m3/hr): 340
F21: Including IGF Vessel,
F22: Pumps (Water Recycle, De-oiled
F23: Water Booster, Recovered Waste Oil
F24: & Oily Sludge),
F25: Related Piping, Instruments, etc.
F26: Vessel Design Pressure (Barg): 5 (F.V.)
F27: Vessel Design Temperature (oC): 95
F28: Vessel Mat. (Shell/Heads): SA 516 Gr.70
F29: Removable Internals Mat.: Duplex S.S.
F30: Vessel Design Codes & Standards:
F31: ASME VIII, DIV.1 & IPS-G-ME-150
... F46: & IPS-M-PM-140

Sheet IWWTP-A (2)
N1: Basic Design Study and FEED Package Preparation for Construct New KOOPAL (ASMARI & BANGESTAN) Desalting Unit
A5: Hirgan Energy Eng. Co. | AW5: NISOC
A7: Project No.: 53-51-91215 | N7: Document Title : MECH. BASIC DESIGN MTO & COST ESTIMATION REPORT | AW7: Contract No.: 53-73-1264
A10: Consult. Proj. No.: 9104 | N10: Proj. | T10: Loc. | Z10: Disc. | AF10: Type | AL10: Seq. | AR10: Rev. | AW10: Page No: | BB10: 46 | BD10: of | BF10: 109
N11: 91215 | T11: KPL | Z11: ME | AF11: RE | AL11: 476 | AR11: R03
A13: IGF PACKAGES (Cont'd)
A14: ASMARI TRAIN
F16: Oily Sludge Pumps
F17: Type: P.D.-Rotary (Twin Screw)
F18: Material Class(Acc. to API 610): D2
F19: Design Code & Standard: API 610
F20: & IPS-G-PM-105
U21: Total Price (Rials) | AC21: =SUM('IWWTP-A (1)'!AC19:AJ51) -> 0 | AK21: Total Price (Euros) | AQ21: =SUM('IWWTP-A (1)'!AQ19:AV51) -> 1000000

Sheet IWWTP-B (1)
N1: Basic Design Study and FEED Package Preparation for Construct New KOOPAL (ASMARI & BANGESTAN) Desalting Unit
A5: Hirgan Energy Eng. Co. | AW5: NISOC
A7: Project No.: 53-51-91215 | N7: Document Title : MECH. BASIC DESIGN MTO & COST ESTIMATION REPORT | AW7: Contract No.: 53-73-1264
A10: Consult. Proj. No.: 9104 | N10: Proj. | T10: Loc. | Z10: Disc. | AF10: Type | AL10: Seq. | AR10: Rev. | AW10: Page No: | BB10: 47 | BD10: of | BF10: 109
N11: 91215 | T11: KPL | Z11: ME | AF11: RE | AL11: 476 | AR11: R03
A13: IGF PACKAGES
A14: BANGESTAN TRAIN
A16: Item No. | F16: Description | R16: Qty. (Set) | U16: Unit Price (Rials) | AC16: Total Price (Rials) | AK16: Unit Price (Euros) | AQ16: Total Price (Euros) | AW16: Remarks
A19: PK-141 | F19: IGF Package | R19: 1 | AC19: =R19*U19 -> 0 | AK19: 600000 | AQ19: =R19*AK19 -> 600000
F20: Design Flow (m3/hr): 100
F21: Including IGF Vessel,
F22: Pumps (Water Recycle, De-oiled
F23: Water Booster, Recovered Waste Oil
F24: & Oily Sludge),
F25: Related Piping, Instruments, etc.
F26: Vessel Design Pressure (Barg): 5 (F.V.)
F27: Vessel Design Temperature (oC): 95
F28: Vessel Mat. (Shell/Heads): SA 516 Gr.70
F29: Removable Internals Mat.: Duplex S.S.
F30: Vessel Design Codes & Standards:
F31: ASME VIII, DIV.1 & IPS-G-ME-150
... F47: & IPS-M-PM-140

Sheet IWWTP-B (2)
N1: Basic Design Study and FEED Package Preparation for Construct New KOOPAL (ASMARI & BANGESTAN) Desalting Unit
A5: Hirgan Energy Eng. Co. | AW5: NISOC
A7: Project No.: 53-51-91215 | N7: Document Title : MECH. BASIC DESIGN MTO & COST ESTIMATION REPORT | AW7: Contract No.: 53-73-1264
A10: Consult. Proj. No.: 9104 | N10: Proj. | T10: Loc. | Z10: Disc. | AF10: Type | AL10: Seq. | AR10: Rev. | AW10: Page No: | BB10: 48 | BD10: of | BF10: 109
N11: 91215 | T11: KPL | Z11: ME | AF11: RE | AL11: 476 | AR11: R03
A13: IGF PACKAGES (Cont'd)
A14: BANGESTAN TRAIN
F16: Oily Sludge Pumps
F17: Type: P.D.-Rotary (Twin Screw)
F18: Material Class(Acc. to API 610): D2
F19: NACE 'MR-0175' Required: Yes
F20: Design Code & Standard: API 610
F21: & IPS-G-PM-105
U22: Total Price (Rials) | AC22: =SUM('IWWTP-B (1)'!AC19:AJ51) -> 0 | AK22: Total Price (Euros) | AQ22: =SUM('IWWTP-B (1)'!AQ19:AV51) -> 600000

Sheet FILTERS-A
N1: Basic Design Study and FEED Package Preparation for Construct New KOOPAL (ASMARI & BANGESTAN) Desalting Unit
A5: Hirgan Energy Eng. Co. | AW5: NISOC
A7: Project No.: 53-51-91215 | N7: Document Title : MECH. BASIC DESIGN MTO & COST ESTIMATION REPORT | AW7: Contract No.: 53-73-1264
A10: Consult. Proj. No.: 9104 | N10: Proj. | T10: Loc. | Z10: Disc. | AF10: Type | AL10: Seq. | AR10: Rev. | AW10: Page No: | BB10: 49 | BD10: of | BF10: 109
N11: 91215 | T11: KPL | Z11: ME | AF11: RE | AL11: 476 | AR11: R03
A13: FILTERS
A14: ASMARI TRAIN
A16: Item No. | F16: Description | R16: Qty. (Set) | U16: Unit Price (Rials) | AC16: Total Price (Rials) | AK16: Unit Price (Euros) | AQ16: Total Price (Euros) | AW16: Remarks
A19: PK-132 | F19: Nutshell Filter Package | R19: 1 | AC19: =R19*U19 -> 0 | AK19: 250000 | AQ19: =R19*AK19 -> 250000
F20: Type: Auotomatic Backwashable
F21: Including: 3 x 50% Filter Vessels
F22: Rated Flow Rate (m3/hr): 340
F23: Discharge Free Oil Content (ppmw): 25
F24: Design Pressure: 10.3 Barg
F25: Design Temperature: -2 / 95 oC
F26: Material (Shell/Heads): SA 516 Gr. 70
F27: Material (Internal Wetted Parts): Duplex S.S.
F28: Agitator Required: Yes
F29: Design Code & Standard: ASME VIII, DIV.1
F30: & IPS-G-ME-150
A31: F-151 | F31: Sealing Water Filter | R31: 1 | U31: 1000000000 | AC31: =R31*U31 -> 1000000000 | AQ31: =R31*AK31 -> 0
F32: Type: Auotomatic Self Cleaning
F33: Flow Rate: 3 x 1.1 m3/hr
F34: Design Pressure: 17.7 Barg
F35: Design Temperature: -2 / 85 oC
F36: Material (Shell/Heads): C.S.
F37: Design Code & Standard: ASME VIII, DIV.1
F38: & IPS-G-ME-150
U39: Total Price (Rials) | AC39: =SUM(AC19:AJ38) -> 1000000000 | AK39: Total Price (Euros) | AQ39: =SUM(AQ19:AV38) -> 250000

Sheet FILTERS-B
N1: Basic Design Study and FEED Package Preparation for Construct New KOOPAL (ASMARI & BANGESTAN) Desalting Unit
A5: Hirgan Energy Eng. Co. | AW5: NISOC
A7: Project No.: 53-51-91215 | N7: Document Title : MECH. BASIC DESIGN MTO & COST ESTIMATION REPORT | AW7: Contract No.: 53-73-1264
A10: Consult. Proj. No.: 9104 | N10: Proj. | T10: Loc. | Z10: Disc. | AF10: Type | AL10: Seq. | AR10: Rev. | AW10: Page No: | BB10: 50 | BD10: of | BF10: 109
N11: 91215 | T11: KPL | Z11: ME | AF11: RE | AL11: 476 | AR11: R03
A13: FILTERS
A14: BANGESTAN TRAIN
A16: Item No. | F16: Description | R16: Qty. (Set) | U16: Unit Price (Rials) | AC16: Total Price (Rials) | AK16: Unit Price (Euros) | AQ16: Total Price (Euros) | AW16: Remarks
A19: PK-142 | F19: Nutshell Filter Package | R19: 1 | AC19: =R19*U19 -> 0 | AK19: 200000 | AQ19: =R19*AK19 -> 200000
F20: Type: Auotomatic Backwashable
F21: Including: 3 x 50% Filter Vessels
F22: Rated Flow Rate (m3/hr): 100
F23: Discharge Free Oil Content (ppmw): 25
F24: Design Pressure: 12.6 Barg
F25: Design Temperature: -2 / 95 oC
F26: Material (Shell/Heads): SA 516 Gr. 70
F27: Material (Internal Wetted Parts): Duplex S.S.
F28: NACE 'MR-0175' Required: Yes
F29: Agitator Required: Yes
F30: Design Code & Standard: ASME VIII, DIV.1
F31: & IPS-G-ME-150
A32: F-161 | F32: Sealing Water Filter | R32: 1 | U32: 1200000000 | AC32: =R32*U32 -> 1200000000 | AQ32: =R32*AK32 -> 0
F33: Type: Auotomatic Self Cleaning
F34: Flow Rate: 4 x 1.1 m3/hr
F35: Design Pressure: 17.7 Barg
F36: Design Temperature: -2 / 85 oC
F37: Material (Shell/Heads): C.S.
F38: Design Code & Standard: ASME VIII, DIV.1
F39: & IPS-G-ME-150
U40: Total Price (Rials) | AC40: =SUM(AC19:AJ39) -> 1200000000 | AK40: Total Price (Euros) | AQ40: =SUM(AQ19:AV39) -> 200000

Sheet FLARE-A
N1: Basic Design Study and FEED Package Preparation for Construct New KOOPAL (ASMARI & BANGESTAN) Desalting Unit
A5: Hirgan Energy Eng. Co. | AW5: NISOC
A7: Project No.: 53-51-91215 | N7: Document Title : MECH. BASIC DESIGN MTO & COST ESTIMATION REPORT | AW7: Contract No.: 53-73-1264
A10: Consult. Proj. No.: 9104 | N10: Proj. | T10: Loc. | Z10: Disc. | AF10: Type | AL10: Seq. | AR10: Rev. | AW10: Page No: | BB10: 51 | BD10: of | BF10: 109
N11: 91215 | T11: KPL | Z11: ME | AF11: RE | AL11: 476 | AR11: R03
A13: FLARE PACKAGES
A14: ASMARI TRAIN
A16: Item No. | F16: Description | R16: Qty. (Set) | U16: Unit Price (Rials) | AC16: Total Price (Rials) | AK16: Unit Price (Euros) | AQ16: Total Price (Euros) | AW16: Remarks
A19: PK-171 | F19: Flare Package | R19: 1 | U19: 3500000000 | AC19: =R19*U19 -> 3500000000 | AQ19: =R19*AK19 -> 0
F20: Total Capacity (Kg/hr): 19912
F21: Ignition System Type: Flame Front Gen.
F22: (Compressed Air)
F23: Stack Size (D x H): 20 in x 12 m
F24: Stack Support System: Self-Supported
F25: Design Code & Standard: API RP 521,
F26: API-537, ASME STS-1, IPS-G-ME-210,
F27: & IPS-E-PR-460
U28: Total Price (Rials) | AC28: =AC19 -> 3500000000 | AK28: Total Price (Euros) | AQ28: =AQ19 -> 0

Sheet FLARE-B
N1: Basic Design Study and FEED Package Preparation for Construct New KOOPAL (ASMARI & BANGESTAN) Desalting Unit
A5: Hirgan Energy Eng. Co. | AW5: NISOC
A7: Project No.: 53-51-91215 | N7: Document Title : MECH. BASIC DESIGN MTO & COST ESTIMATION REPORT | AW7: Contract No.: 53-73-1264
A10: Consult. Proj. No.: 9104 | N10: Proj. | T10: Loc. | Z10: Disc. | AF10: Type | AL10: Seq. | AR10: Rev. | AW10: Page No: | BB10: 52 | BD10: of | BF10: 109
N11: 91215 | T11: KPL | Z11: ME | AF11: RE | AL11: 476 | AR11: R03
A13: FLARE PACKAGES
A14: BANGESTAN TRAIN
A16: Item No. | F16: Description | R16: Qty. (Set) | U16: Unit Price (Rials) | AC16: Total Price (Rials) | AK16: Unit Price (Euros) | AQ16: Total Price (Euros) | AW16: Remarks
A19: PK-181 | F19: Flare Package | R19: 1 | U19: 3000000000 | AC19: =R19*U19 -> 3000000000 | AQ19: =R19*AK19 -> 0
F20: Total Capacity (Kg/hr): 2830
F21: Ignition System Type: Flame Front Gen.
F22: (Compressed Air)
F23: Stack Size (D x H): 16 in x 12 m
F24: Stack Support System: Self-Supported
F25: Design Code & Standard: API RP 521,
F26: API-537, ASME STS-1, IPS-G-ME-210,
F27: & IPS-E-PR-460
U28: Total Price (Rials) | AC28: =AC19 -> 3000000000 | AK28: Total Price (Euros) | AQ28: =AQ19 -> 0

Sheet STACK-A
N1: Basic Design Study and FEED Package Preparation for Construct New KOOPAL (ASMARI & BANGESTAN) Desalting Unit
A5: Hirgan Energy Eng. Co. | AW5: NISOC
A7: Project No.: 53-51-91215 | N7: Document Title : MECH. BASIC DESIGN MTO & COST ESTIMATION REPORT | AW7: Contract No.: 53-73-1264
A10: Consult. Proj. No.: 9104 | N10: Proj. | T10: Loc. | Z10: Disc. | AF10: Type | AL10: Seq. | AR10: Rev. | AW10: Page No: | BB10: 53 | BD10: of | BF10: 109
N11: 91215 | T11: KPL | Z11: ME | AF11: RE | AL11: 476 | AR11: R03
A13: STACKS
A14: ASMARI TRAIN
A16: Item No. | F16: Description | R16: Qty. (Set) | U16: Unit Price (Rials) | AC16: Total Price (Rials) | AK16: Unit Price (Euros) | AQ16: Total Price (Euros) | AW16: Remarks
A19: ST-172 | F19: Cold Vent Stack | R19: 1 | U19: 200000000 | AC19: =R19*U19 -> 200000000 | AQ19: =R19*AK19 -> 0
F20: Size (D x H): 20 in x 10000 mm
F21: Type: Self Supported
F22: Design Pressure: 3.5 Barg
F23: Design Temperature: -2 / 125 oC
F24: Material (Shell): SA 516 Gr. 70
F25: Design Code & Standard: ASME STS-1
F26: / API 537 / IPS-G-ME-210 / IPS-G-ME-150
F27: ASME VIII , DIV. 1
U28: Total Price (Rials) | AC28: =SUM(AC19:AJ27) -> 200000000 | AK28: Total Price (Euros) | AQ28: =SUM(AQ19:AV27) -> 0

Sheet STACK-B
N1: Basic Design Study and FEED Package Preparation for Construct New KOOPAL (ASMARI & BANGESTAN) Desalting Unit
A5: Hirgan Energy Eng. Co. | AW5: NISOC
A7: Project No.: 53-51-91215 | N7: Document Title : MECH. BASIC DESIGN MTO & COST ESTIMATION REPORT | AW7: Contract No.: 53-73-1264
A10: Consult. Proj. No.: 9104 | N10: Proj. | T10: Loc. | Z10: Disc. | AF10: Type | AL10: Seq. | AR10: Rev. | AW10: Page No: | BB10: 54 | BD10: of | BF10: 109
N11: 91215 | T11: KPL | Z11: ME | AF11: RE | AL11: 476 | AR11: R03
A13: STACKS
A14: BANGESTAN TRAIN
A16: Item No. | F16: Description | R16: Qty. (Set) | U16: Unit Price (Rials) | AC16: Total Price (Rials) | AK16: Unit Price (Euros) | AQ16: Total Price (Euros) | AW16: Remarks
A19: ST-182 | F19: Cold Vent Stack | R19: 1 | U19: 150000000 | AC19: =R19*U19 -> 150000000 | AQ19: =R19*AK19 -> 0
F20: Size (D x H): 16 in x 10000 mm
F21: Type: Self Supported
F22: Design Pressure: 3.5 Barg
F23: Design Temperature: -2 / 125 oC
F24: Material (Shell): SA 516 Gr. 70
F25: Design Code & Standard: ASME STS-1
F26: / API 537 / IPS-G-ME-210 / IPS-G-ME-150
F27: ASME VIII , DIV. 1
U28: Total Price (Rials) | AC28: =SUM(AC19:AJ27) -> 150000000 | AK28: Total Price (Euros) | AQ28: =SUM(AQ19:AV27) -> 0

Sheet BURN PIT IGNITION-A
N1: Basic Design Study and FEED Package Preparation for Construct New KOOPAL (ASMARI & BANGESTAN) Desalting Unit
A5: Hirgan Energy Eng. Co. | AW5: NISOC
A7: Project No.: 53-51-91215 | N7: Document Title : MECH. BASIC DESIGN MTO & COST ESTIMATION REPORT | AW7: Contract No.: 53-73-1264
A10: Consult. Proj. No.: 9104 | N10: Proj. | T10: Loc. | Z10: Disc. | AF10: Type | AL10: Seq. | AR10: Rev. | AW10: Page No: | BB10: 55 | BD10: of | BF10: 109
N11: 91215 | T11: KPL | Z11: ME | AF11: RE | AL11: 476 | AR11: R03
A13: BURN PIT IGNITION PACKAGES
A14: ASMARI TRAIN
A16: Item No. | F16: Description | R16: Qty. (Set) | U16: Unit Price (Rials) | AC16: Total Price (Rials) | AK16: Unit Price 'FOB' (€) | AQ16: Total Price 'FOB' (€) | AW16: Remarks
A19: PK-231 | F19: Burn Pit Ignition Package | R19: 1 | U19: 2500000000 | AC19: =R19*U19 -> 2500000000 | AQ19: =R19*AK19 -> 0
F20: Ignition System Type: Flame Front Gen.
F21: (Compressed Air)
F22: Burn Pit Diameter: 12.5 m
F23: Electrical Duty: 1.2 KW
F24: Min. Elect. Equip. Protection: IP 56
U25: Total Price (Rials) | AC25: =AC19 -> 2500000000 | AK25: Total Price (Euros) | AQ25: =AQ19 -> 0

Sheet BURN PIT IGNITION-B
N1: Basic Design Study and FEED Package Preparation for Construct New KOOPAL (ASMARI & BANGESTAN) Desalting Unit
A5: Hirgan Energy Eng. Co. | AW5: NISOC
A7: Project No.: 53-51-91215 | N7: Document Title : MECH. BASIC DESIGN MTO & COST ESTIMATION REPORT | AW7: Contract No.: 53-73-1264
A10: Consult. Proj. No.: 9104 | N10: Proj. | T10: Loc. | Z10: Disc. | AF10: Type | AL10: Seq. | AR10: Rev. | AW10: Page No: | BB10: 56 | BD10: of | BF10: 109
N11: 91215 | T11: KPL | Z11: ME | AF11: RE | AL11: 476 | AR11: R03
A13: BURN PIT IGNITION PACKAGES
A14: BANGESTAN TRAIN
A16: Item No. | F16: Description | R16: Qty. (Set) | U16: Unit Price (Rials) | AC16: Total Price (Rials) | AK16: Unit Price 'FOB' (€) | AQ16: Total Price 'FOB' (€) | AW16: Remarks
A19: PK-241 | F19: Burn Pit Ignition Package | R19: 1 | U19: 2000000000 | AC19: =R19*U19 -> 2000000000 | AQ19: =R19*AK19 -> 0
F20: Ignition System Type: Flame Front Gen.
F21: (Compressed Air)
F22: Burn Pit Diameter: 11 m
F23: Electrical Duty: 1 KW
F24: Min. Elect. Equip. Protection: IP 56
U25: Total Price (Rials) | AC25: =AC19 -> 2000000000 | AK25: Total Price (Euros) | AQ25: =AQ19 -> 0

Sheet AIR COMP.
N1: Basic Design Study and FEED Package Preparation for Construct New KOOPAL (ASMARI & BANGESTAN) Desalting Unit
A5: Hirgan Energy Eng. Co. | AW5: NISOC
A7: Project No.: 53-51-91215 | N7: Document Title : MECH. BASIC DESIGN MTO & COST ESTIMATION REPORT | AW7: Contract No.: 53-73-1264
A10: Consult. Proj. No.: 9104 | N10: Proj. | T10: Loc. | Z10: Disc. | AF10: Type | AL10: Seq. | AR10: Rev. | AW10: Page No: | BB10: 57 | BD10: of | BF10: 109
N11: 91215 | T11: KPL | Z11: ME | AF11: RE | AL11: 476 | AR11: R03
A13: AIR COMPRESSOR PACKAGES
A14: ASMARI & BANGESTAN TRAINS
A16: Item No. | F16: Description | R16: Qty. (Set) | U16: Unit Price (Rials) | AC16: Total Price (Rials) | AK16: Unit Price (Euros) | AQ16: Total Price (Euros) | AW16: Remarks
A19: PK-211 A/B | F19: Air Compressor Packages | R19: 2 | U19: 25000000000 | AC19: =R19*U19 -> 50000000000 | AQ19: =R19*AK19 -> 0
F20: Type: Non-Lubricated, Reciprocating
F21: Normal Flow Rate (m3/hr): 610
F22: Discharge Pressure: 9 Barg
F23: Design Code & Standard: API 618
F24: & IPS-M-PM-211
U25: Total Price (Rials) | AC25: =SUM(AC19:AJ24) -> 50000000000 | AK25: Total Price (Euros) | AQ25: =SUM(AQ19:AV24) -> 0

Sheet AIR DRYER
N1: Basic Design Study and FEED Package Preparation for Construct New KOOPAL (ASMARI & BANGESTAN) Desalting Unit
A5: Hirgan Energy Eng. Co. | AW5: NISOC
A7: Project No.: 53-51-91215 | N7: Document Title : MECH. BASIC DESIGN MTO & COST ESTIMATION REPORT | AW7: Contract No.: 53-73-1264
A10: Consult. Proj. No.: 9104 | N10: Proj. | T10: Loc. | Z10: Disc. | AF10: Type | AL10: Seq. | AR10: Rev. | AW10: Page No: | BB10: 58 | BD10: of | BF10: 109
N11: 91215 | T11: KPL | Z11: ME | AF11: RE | AL11: 476 | AR11: R03
A13: AIR DRYER PACKAGES
A14: ASMARI & BANGESTAN TRAINS
A16: Item No. | F16: Description | R16: Qty. (Set) | U16: Unit Price (Rials) | AC16: Total Price (Rials) | AK16: Unit Price (Euros) | AQ16: Total Price (Euros) | AW16: Remarks
A19: PK-212 | F19: Air Dryer Packages | R19: 1 | U19: 500000000 | AC19: =R19*U19 -> 500000000 | AQ19: =R19*AK19 -> 0
F20: Type: Adsorber (heatless-pressure swig)
F21: Drying Medium : Solid Desicant
F22: Inlet Flow Rate (m3/hr): 510
F23: Design Pressure: 13 Barg
F24: Design Temperature: -2 / 85 oC
F25: Tower Qty.: 2
F26: No. of Pre-Filter Req'd: 2
F27: No. of After-Filter Req'd: 2
F28: Material: C.S.
F29: Design Code & Standard: ASME VIII, DIV.1
F30: & IPS-G-ME-150
U31: Total Price (Rials) | AC31: =SUM(AC19:AJ30) -> 500000000 | AK31: Total Price (Euros) | AQ31: =SUM(AQ19:AV30) -> 0

Sheet CRANES (1)
N1: Basic Design Study and FEED Package Preparation for Construct New KOOPAL (ASMARI & BANGESTAN) Desalting Unit
A5: Hirgan Energy Eng. Co. | AW5: NISOC
A7: Project No.: 53-51-91215 | N7: Document Title : MECH. BASIC DESIGN MTO & COST ESTIMATION REPORT | AW7: Contract No.: 53-73-1264
A10: Consult. Proj. No.: 9104 | N10: Proj. | T10: Loc. | Z10: Disc. | AF10: Type | AL10: Seq. | AR10: Rev. | AW10: Page No: | BB10: 59 | BD10: of | BF10: 109
N11: 91215 | T11: KPL | Z11: ME | AF11: RE | AL11: 476 | AR11: R03
A13: OVERHEAD TRAVELING CRANES
A14: ASMARI & BANGESTAN TRAINS
A16: Item No. | F16: Description | R16: Qty. (Set) | U16: Unit Price (Rials) | AC16: Total Price (Rials) | AK16: Unit Price (Euros) | AQ16: Total Price (Euros) | AW16: Remarks
A19: CN-114 / CN-124 | F19: Main Pumps Shelter Cranes | R19: 2 | U19: 3000000000 | AC19: =R19*U19 -> 6000000000 | AQ19: =R19*AK19 -> 0
F20: Type: Top Running, Elect. Motor Driven
F21: Capacity (Kg): 5000
F22: Lift / Span / Travel (m): 5.8 / 9.15 / 85
F23: Motor Charactristics: IP65- 400V,3Ph,50Hz
F24: & EEX-e, IIB, T3
F25: Design Code & Standard: BSI 466
F26: & IPS-M-GN-350
A27: CN-151 | F27: Utility Building Crane | R27: 1 | U27: 1000000000 | AC27: =R27*U27 -> 1000000000 | AQ27: =R27*AK27 -> 0
F28: Type: Top Running, Elect. Motor Driven
F29: Capacity (Kg): 5000
F30: Lift / Span / Travel (m): 5.8 / 8.15 / 30
F31: Motor Charactristics: IP65- 400V,3Ph,50Hz
F32: Design Code & Standard: BSI 466
F33: & IPS-M-GN-350
A34: CN-231 | F34: O.W.S. Pumps Shelter Crane | R34: 1 | U34: 750000000 | AC34: =R34*U34 -> 750000000 | AQ34: =R34*AK34 -> 0
F35: Type: Top Running, Elect. Motor Driven
F36: Capacity (Kg): 3000
F37: Lift / Span / Travel (m): 3.8 / 4.15 / 18
F38: Motor Charactristics: IP65- 400V,3Ph,50Hz
F39: Design Code & Standard: BSI 466
F40: & IPS-M-GN-350
A41: CN-251 / CN-261 | F41: Chemical Storage Shelter Cranes | R41: 2 | U41: 2000000000 | AC41: =R41*U41 -> 4000000000 | AQ41: =R41*AK41 -> 0
F42: Type: Top Running, Elect. Motor Driven
F43: Capacity (Kg): 1000
F44: Lift / Span / Travel (m): 5.6 / 5.15 / 25
F45: Motor Charactristics: IP65- 400V,3Ph,50Hz
F46: & EEX-e, IIB, T3
F47: Design Code & Standard: BSI 466
F48: & IPS-M-GN-350

Sheet CRANES (2)
N1: Basic Design Study and FEED Package Preparation for Construct New KOOPAL (ASMARI & BANGESTAN) Desalting Unit
A5: Hirgan Energy Eng. Co. | AW5: NISOC
A7: Project No.: 53-51-91215 | N7: Document Title : MECH. BASIC DESIGN MTO & COST ESTIMATION REPORT | AW7: Contract No.: 53-73-1264
A10: Consult. Proj. No.: 9104 | N10: Proj. | T10: Loc. | Z10: Disc. | AF10: Type | AL10: Seq. | AR10: Rev. | AW10: Page No: | BB10: 60 | BD10: of | BF10: 109
N11: 91215 | T11: KPL | Z11: ME | AF11: RE | AL11: 476 | AR11: R03
A13: OVERHEAD TRAVELING CRANES (Cont'd)
A14: ASMARI & BANGESTAN TRAINS
A16: Item No. | F16: Description | R16: Qty. (Set) | U16: Unit Price (Rials) | AC16: Total Price (Rials) | AK16: Unit Price (Euros) | AQ16: Total Price (Euros) | AW16: Remarks
A19: CN-252 / CN-262 | F19: Chemical Inj. Package Shelter Cranes | R19: 2 | U19: 2200000000 | AC19: =R19*U19 -> 4400000000 | AQ19: =R19*AK19 -> 0
F20: Type: Top Running, Elect. Motor Driven
F21: Capacity (Kg): 3000
F22: Lift / Span / Travel (m): 5.8 / 9.15 / 20
F23: Motor Charactristics: IP65- 400V,3Ph,50Hz
F24: & EEX-e, IIB, T3
F25: Design Code & Standard: BSI 466
F26: & IPS-M-GN-350
A27: CN-131 / CN-141 | F27: IGF Pumps Shelter Shelter Cranes | R27: 2 | U27: 2000000000 | AC27: =R27*U27 -> 4000000000 | AQ27: =R27*AK27 -> 0
F28: Type: Top Running, Elect. Motor Driven
F29: Capacity (Kg): 3000
F30: Lift / Span / Travel (m): 5.8 / 3.15 / 18
F31: Motor Charactristics: IP65- 400V,3Ph,50Hz
F32: & EEX-e, IIB, T3
F33: Design Code & Standard: BSI 466
F34: & IPS-M-GN-350
A35: CN-271 | F35: Fire Water Pumps Shelter Crane | R35: 1 | U35: 950000000 | AC35: =R35*U35 -> 950000000 | AQ35: =R35*AK35 -> 0
F36: Type: Top Running, Elect. Motor Driven
F37: Capacity (Kg): 5000
F38: Lift / Span / Travel (m): 5.8 / 11.15 / 24
F39: Motor Charactristics: IP65- 400V,3Ph,50Hz
F40: Design Code & Standard: BSI 466
F41: & IPS-M-GN-350
A42: CN-281 | F42: Workshop Building Crane | R42: 1 | U42: 950000000 | AC42: =R42*U42 -> 950000000 | AQ42: =R42*AK42 -> 0
F43: Type: Top Running, Elect. Motor Driven
F44: Capacity (Kg): 5000
F45: Lift / Span / Travel (m): 6.1 / 4.9 / 24
F46: Motor Charactristics: IP65- 400V,3Ph,50Hz
F47: Design Code & Standard: BSI 466
F48: & IPS-M-GN-350

Sheet CRANES (3)
N1: Basic Design Study and FEED Package Preparation for Construct New KOOPAL (ASMARI & BANGESTAN) Desalting Unit
A5: Hirgan Energy Eng. Co. | AW5: NISOC
A7: Project No.: 53-51-91215 | N7: Document Title : MECH. BASIC DESIGN MTO & COST ESTIMATION REPORT | AW7: Contract No.: 53-73-1264
A10: Consult. Proj. No.: 9104 | N10: Proj. | T10: Loc. | Z10: Disc. | AF10: Type | AL10: Seq. | AR10: Rev. | AW10: Page No: | BB10: 61 | BD10: of | BF10: 109
N11: 91215 | T11: KPL | Z11: ME | AF11: RE | AL11: 476 | AR11: R03
A13: OVERHEAD TRAVELING CRANES (Cont'd)
A14: ASMARI & BANGESTAN TRAINS
A16: Item No. | F16: Description | R16: Qty. (Set) | U16: Unit Price (Rials) | AC16: Total Price (Rials) | AK16: Unit Price (Euros) | AQ16: Total Price (Euros) | AW16: Remarks
A19: CN-111 / CN-121 | F19: Transfer Pumps & Chemical Inj. Packages | R19: 2 | U19: 2700000000 | AC19: =R19*U19 -> 5400000000 | AQ19: =R19*AK19 -> 0
F20: (Production Unit) Shelter Cranes
F21: Type: Top Running, Elect. Motor Driven
F22: Capacity (Kg): 5000
F23: Lift / Span / Travel (m): 5.8 / 6.15 / 30
F24: Motor Charactristics: IP65- 400V,3Ph,50Hz
F25: & EEX-e, IIB, T3
F26: Design Code & Standard: BSI 466
F27: & IPS-M-GN-350
U28: Total Price (Rials) | AC28: =SUM('CRANES (1)'!AC19:AJ48)+SUM('CRANES (2)'!AC19:AJ48)+SUM('CRANES (3)'!AC19:AJ27) -> 27450000000 | AK28: Total Price (Euros) | AQ28: =SUM('CRANES (1)'!AQ19:AV48)+SUM('CRANES (2)'!AQ19:AV48)+SUM('CRANES (3)'!AQ19:AV27) -> 0

Sheet R.O.
N1: Basic Design Study and FEED Package Preparation for Construct New KOOPAL (ASMARI & BANGESTAN) Desalting Unit
A5: Hirgan Energy Eng. Co. | AW5: NISOC
A7: Project No.: 53-51-91215 | N7: Document Title : MECH. BASIC DESIGN MTO & COST ESTIMATION REPORT | AW7: Contract No.: 53-73-1264
A10: Consult. Proj. No.: 9104 | N10: Proj. | T10: Loc. | Z10: Disc. | AF10: Type | AL10: Seq. | AR10: Rev. | AW10: Page No: | BB10: 62 | BD10: of | BF10: 109
N11: 91215 | T11: KPL | Z11: ME | AF11: RE | AL11: 476 | AR11: R03
A13: REVERSE OSMOSIS PACKAGES
A14: ASMARI & BANGESTAN TRAINS
A16: Item No. | F16: Description | R16: Qty. (Set) | U16: Unit Price (Rials) | AC16: Total Price (Rials) | AK16: Unit Price (Euros) | AQ16: Total Price (Euros) | AW16: Remarks
A19: PK-152 | F19: Reverse Osmosis Packages | R19: 1 | U19: 800000000 | AC19: =R19*U19 -> 800000000 | AQ19: =R19*AK19 -> 0
F20: Capacity (m3/hr): 1
F21: Including: Back Filters, R.O. Unit, C.I.P.,
F22: Chemical Injection System & U.V. Lamp
U23: Total Price (Rials) | AC23: =AC19 -> 800000000 | AK23: Total Price (Euros) | AQ23: =AQ19 -> 0

Sheet TOTAL
N1: Basic Design Study and FEED Package Preparation for Construct New KOOPAL (ASMARI & BANGESTAN) Desalting Unit
A5: Hirgan Energy Eng. Co. | AW5: NISOC
A7: Project No.: 53-51-91215 | N7: Document Title : MECH. BASIC DESIGN MTO & COST ESTIMATION REPORT | AW7: Contract No.: 53-73-1264
A10: Consult. Proj. No.: 9104 | N10: Proj. | T10: Loc. | Z10: Disc. | AF10: Type | AL10: Seq. | AR10: Rev. | AW10: Page No: | BB10: 63 | BD10: of | BF10: 109
N11: 91215 | T11: KPL | Z11: ME | AF11: RE | AL11: 476 | AR11: R03
A13: TOTAL PROCUREMENT NET PRICE
A16: No. | C16: DESCRIPTION | K16: ASMARI TRAIN | W16: BANGESTAN TRAIN | AI16: COMMON (ASMARI & BANGESTAN TRAINS) | AU16: TOTAL PLANT
K18: Total Price (Rials) | Q18: Total Price (Euros) | W18: Total Price (Rials) | AC18: Total Price (Euros) | AI18: Total Price (Rials) | AO18: Total Price (Euros) | AU18: Total Price (Rials) | BB18: Total Price (Euros)
A20: 1 | C20: Desalting Packages | K20: ='DESALTERS-A'!AC38 -> 0 | Q20: ='DESALTERS-A'!AQ38 -> 3500000 | W20: ='DESALTERS-B'!AC40 -> 0 | AC20: ='DESALTERS-B'!AQ40 -> 2500000 | AU20: =K20+W20+AI20 -> 0 | BB20: =Q20+AC20+AO20 -> 6000000
A21: 2 | C21: Indirect Heater Packages | K21: ='HEATERS-A'!AC37 -> 0 | Q21: ='HEATERS-A'!AQ37 -> 2210000 | W21: ='HEATERS-B'!AC38 -> 0 | AC21: ='HEATERS-B'!AQ38 -> 2180000 | AU21: =K21+W21+AI21 -> 0 | BB21: =Q21+AC21+AO21 -> 4390000
A22: 3 | C22: Vessels | K22: ='VESSELS-A'!AC35 -> 2100000000 | Q22: ='VESSELS-A'!AQ35 -> 0 | W22: ='VESSELS-B'!AC37 -> 1500000000 | AC22: ='VESSELS-B'!AQ37 -> 0 | AI22: ='VESSELS-C (2)'!AC28 -> 4850000000 | AO22: ='VESSELS-C (2)'!AQ28 -> 0 | AU22: =K22+W22+AI22 -> 8450000000 | BB22: =Q22+AC22+AO22 -> 0
A23: 4 | C23: Tanks | K23: ='TANKS-A (2)'!AC35 -> 30000000000 | Q23: ='TANKS-A (2)'!AQ35 -> 0 | W23: ='TANKS-B (2)'!AC50 -> 42000000000 | AC23: ='TANKS-B (2)'!AQ50 -> 0 | AI23: ='TANKS-C'!AC45 -> 13200000000 | AO23: ='TANKS-C'!AQ45 -> 0 | AU23: =K23+W23+AI23 -> 85200000000 | BB23: =Q23+AC23+AO23 -> 0
A24: 5 | C24: Plate & Frame H. Ex. | K24: ='PLATE H.E.-A'!AC33 -> 0 | Q24: ='PLATE H.E.-A'!AQ33 -> 145000 | W24: ='PLATE H.E.-B'!AC33 -> 0 | AC24: ='PLATE H.E.-B'!AQ33 -> 90000 | AU24: =K24+W24+AI24 -> 0 | BB24: =Q24+AC24+AO24 -> 235000
A25: 6 | C25: Pumps | K25: ='PUMPS-A (3)'!AC50 -> 0 | Q25: ='PUMPS-A (3)'!AQ50 -> 0 | W25: ='PUMPS-B (5)'!AC36 -> 0 | AC25: ='PUMPS-B (5)'!AQ36 -> 1460500 | AI25: ='PUMPS-C (4)'!AC32 -> 1700000000 | AO25: ='PUMPS-C (4)'!AQ32 -> 243000 | AU25: =K25+W25+AI25 -> 1700000000 | BB25: =Q25+AC25+AO25 -> 1703500
A26: 7 | C26: Chemical Inj. Packages | K26: ='C.I.P.-A (6)'!AC34 -> 18800000000 | Q26: ='C.I.P.-A (6)'!AQ34 -> 0 | W26: ='C.I.P.-B (5)'!AC34 -> 15050000000 | AC26: ='C.I.P.-B (5)'!AQ34 -> 0 | AU26: =K26+W26+AI26 -> 33850000000 | BB26: =Q26+AC26+AO26 -> 0
A27: 8 | C27: Stripping Packages | W27: ='STRIPPER-B'!AC42 -> 9000000000 | AC27: ='STRIPPER-B'!AQ42 -> 0 | AU27: =K27+W27+AI27 -> 9000000000 | BB27: =Q27+AC27+AO27 -> 0
A28: 9 | C28: Chilling Unit (Deaerat. Sts.) | AI28: ='CHILLING UNIT (DEAERATOR)'!AC22 -> 1500000000 | AO28: ='CHILLING UNIT (DEAERATOR)'!AQ22 -> 0 | AU28: =K28+W28+AI28 -> 1500000000 | BB28: =Q28+AC28+AO28 -> 0
A29: 10 | C29: IGF Packages | K29: ='IWWTP-A (2)'!AC21 -> 0 | Q29: ='IWWTP-A (2)'!AQ21 -> 1000000 | W29: ='IWWTP-B (2)'!AC22 -> 0 | AC29: ='IWWTP-B (2)'!AQ22 -> 600000 | AU29: =K29+W29+AI29 -> 0 | BB29: =Q29+AC29+AO29 -> 1600000
A30: 11 | C30: Filters | K30: ='FILTERS-A'!AC39 -> 1000000000 | Q30: ='FILTERS-A'!AQ39 -> 250000 | W30: ='FILTERS-B'!AC40 -> 1200000000 | AC30: ='FILTERS-B'!AQ40 -> 200000 | AU30: =K30+W30+AI30 -> 2200000000 | BB30: =Q30+AC30+AO30 -> 450000
A31: 12 | C31: Flare Packages | K31: ='FLARE-A'!AC28 -> 3500000000 | Q31: ='FLARE-A'!AQ28 -> 0 | W31: ='FLARE-B'!AC28 -> 3000000000 | AC31: ='FLARE-B'!AQ28 -> 0 | AU31: =K31+W31+AI31 -> 6500000000 | BB31: =Q31+AC31+AO31 -> 0
A32: 13 | C32: Cold Vent Stacks | K32: ='STACK-A'!AC28 -> 200000000 | Q32: ='STACK-A'!AQ28 -> 0 | W32: ='STACK-B'!AC28 -> 150000000 | AC32: ='STACK-B'!AQ28 -> 0 | AU32: =K32+W32+AI32 -> 350000000 | BB32: =Q32+AC32+AO32 -> 0
A33: 14 | C33: Burn Pit Ignition Packages | K33: ='BURN PIT IGNITION-A'!AC25 -> 2500000000 | Q33: ='BURN PIT IGNITION-A'!AQ25 -> 0 | W33: ='BURN PIT IGNITION-B'!AC25 -> 2000000000 | AC33: ='BURN PIT IGNITION-B'!AQ25 -> 0
A34: 15 | C34: Air Comp. Packages | AI34: ='AIR COMP.'!AC25 -> 50000000000 | AO34: ='AIR COMP.'!AQ25 -> 0 | AU34: =K34+W34+AI34 -> 50000000000 | BB34: =Q34+AC34+AO34 -> 0
A35: 16 | C35: Air Dryer Packages | AI35: ='AIR DRYER'!AC31 -> 500000000 | AO35: ='AIR DRYER'!AQ31 -> 0 | AU35: =K35+W35+AI35 -> 500000000 | BB35: =Q35+AC35+AO35 -> 0
A36: 17 | C36: Overhead Travel. Cranes | AI36: ='CRANES (3)'!AC28 -> 27450000000 | AO36: ='CRANES (3)'!AQ28 -> 0 | AU36: =K36+W36+AI36 -> 27450000000 | BB36: =Q36+AC36+AO36 -> 0
A37: 18 | C37: R. O. Packages | AI37: ='R.O.'!AC23 -> 800000000 | AO37: ='R.O.'!AQ23 -> 0 | AU37: =K37+W37+AI37 -> 800000000 | BB37: =Q37+AC37+AO37 -> 0
A38: 19 | C38: Lab. Equipment and Divices | AI38: 3000000000 | AO38: ='R.O.'!AQ24 -> 0 | AU38: =K38+W38+AI38 -> 3000000000 | BB38: =Q38+AC38+AO38 -> 0
A39: 20 | C39: Chemicals | AI39: 8000000000 | AO39: ='R.O.'!AQ24 -> 0 | AU39: =K39+W39+AI39 -> 8000000000 | BB39: =Q39+AC39+AO39 -> 0
C40: (For 6 Months Operation)
A41: TOTAL PROCUR. COST | K41: =SUM(K20:P37) -> 58100000000 | Q41: =SUM(Q20:V37) -> 7105000 | W41: =SUM(W20:AB37) -> 73900000000 | AC41: =SUM(AC20:AH37) -> 7030500 | AI41: =SUM(AI20:AN40) -> 111000000000 | AO41: =SUM(AO20:AT40) -> 243000 | AU41: =K41+W41+AI41 -> 243000000000 | BB41: =Q41+AC41+AO41 -> 14378500

Sheet TOTAL (2)
N1: Basic Design Study and FEED Package Preparation for Construct New KOOPAL (ASMARI & BANGESTAN) Desalting Unit
A5: Hirgan Energy Eng. Co. | AW5: NISOC
A7: Project No.: 53-51-91215 | N7: Document Title : MECH. BASIC DESIGN MTO & COST ESTIMATION REPORT | AW7: Contract No.: 53-73-1264
A10: Consult. Proj. No.: 9104 | N10: Proj. | T10: Loc. | Z10: Disc. | AF10: Type | AL10: Seq. | AR10: Rev. | AW10: Page No: | BB10: 64 | BD10: of | BF10: 109
N11: 91215 | T11: KPL | Z11: ME | AF11: RE | AL11: 476 | AR11: R03
A13: TOTAL PROCUREMENT COST
A16: TOTAL PROCUREMENT COST | W16: Total Price (Rials) | AI16: Total Price (€) | AU16: REMARKS
A20: LOCAL SOURCES : با اعمال ضریب هزینه های بالاسری 1.27 شامل %هزینه بانکی 2 % هزینه بیمه 0.5 % هزینه بازرسی و حمل 2.5 % هزینه های دفتری 0.5 % سود پیمانکار 10 % ضریب عدم قطعیت طراحی پایه 10 | W20: =TOTAL!AU41*1.27 -> 308610000000
A29: FOREIGN SOURCES : با اعمال ضریب هزینه های بالاسری 1.58 شامل %هزینه بانکی 2 % هزینه بیمه 0.4 % هزینه بازرسی و حمل 3 %هزینه ترخیص گمرک 25 % هزینه های دفتری 0.5 % سود پیمانکار 10 % ضریب عدم قطعیت طراحی پایه 10 | AI29: =TOTAL!BB41*1.58 -> 22718030

Sheet INSTALL-TITLE
N1: Basic Design Study and FEED Package Preparation for Construct New KOOPAL (ASMARI & BANGESTAN) Desalting Unit
A5: Hirgan Energy Eng. Co. | AW5: NISOC
A7: Project No.: 53-51-91215 | N7: Document Title : MECH. BASIC DESIGN MTO & COST ESTIMATION REPORT | AW7: Contract No.: 53-73-1264
A10: Consult. Proj. No.: 9104 | N10: Proj. | T10: Loc. | Z10: Disc. | AF10: Type | AL10: Seq. | AR10: Rev. | AW10: Page No: | BB10: 65 | BD10: of | BF10: 109
N11: 91215 | T11: KPL | Z11: ME | AF11: RE | AL11: 476 | AR11: R03
A13: TANKS CONSTRUCTION & OTHER EQUIPMENT INSTALLATION COST ESTIMATION
U36: * : محاسبة ضرایب - ضریب هزینه بالاسری: 1.43 - ضریب هزینه تفاوت بیمه های تأمین اجتماعی: 1.069 - ضریب عدم قطعیت طراحی پایه: 1.1 - ضریب هزینه تجهیز و برچیدن کارگاه (مطابق با فهرست بهای اختصاصی نفت و گاز- نشریه شماره 059): 1.075 هزینه تمام شده عملیات اجرایی مطابق فهرست بها (پس از اعمال ضرایب) ← از فرمول" X * 1.806" به دست می آید. (X هزینه کل برآورد عملیات اجرایی) ** : - ضریب هزینه تجهیز و برچیدن کارگاه (مطابق با فهرست بهای واحد پایه رشته ابنیه - سال 1393): 1.04

Sheet INS-HEAT-A
N1: Basic Design Study and FEED Package Preparation for Construct New KOOPAL (ASMARI & BANGESTAN) Desalting Unit
A5: Hirgan Energy Eng. Co. | AW5: NISOC
A7: Project No.: 53-51-91215 | N7: Document Title : MECH. BASIC DESIGN MTO & COST ESTIMATION REPORT | AW7: Contract No.: 53-73-1264
A10: Consult. Proj. No.: 9104 | N10: Proj. | T10: Loc. | Z10: Disc. | AF10: Type | AL10: Seq. | AR10: Rev. | AW10: Page No: | BB10: 66 | BD10: of | BF10: 109
N11: 91215 | T11: KPL | Z11: ME | AF11: RE | AL11: 476 | AR11: R03
A13: برآورد اجراو نصب تجهیزات مکانیک بر اساس فهرست بهای اختصاصی تاسیسات نفت و گاز، رشته نصب واحدهای بهره برداری نفت و گاز -1393
A14: ASMARI TRAIN
A16: هزینه تمام شده مطابق فهرست بها (ریال) | H16: بهای واحد بــها با اعمال ضریب (ریال) * | O16: بهای واحد بــها بدون اعمال ضریب (ریال) | V16: ردیف فهرست بهای نفت سال 93 | AF16: مقدار | AI16: واحد | AL16: شماره تجهیز | AQ16: شرح | BG16: ردیف
A19: =SUM(A21:G24) -> 1.9042058e+08 | AQ19: نصب هیترها | BG19: 1
A21: =H21*AF21 -> 1.0386577e+08 | H21: =1.806*O21 -> 3462192.3 | O21: 1917050 | V21: کد 591231 ردیف 2 | AF21: 30 | AI21: TON | AL21: H-111A/B | AQ21: Oil Indirect Fired Heater Packages | BG21: 1.1
A23: =H23*AF23 -> 86554808 | H23: =1.806*O23 -> 3462192.3 | O23: 1917050 | V23: کد 591231 ردیف 2 | AF23: 25 | AI23: TON | AL23: H-112 | AQ23: Water Indirect Fired Heater Package | BG23: 1.2

Sheet INS-HEAT-B
N1: Basic Design Study and FEED Package Preparation for Construct New KOOPAL (ASMARI & BANGESTAN) Desalting Unit
A5: Hirgan Energy Eng. Co. | AW5: NISOC
A7: Project No.: 53-51-91215 | N7: Document Title : MECH. BASIC DESIGN MTO & COST ESTIMATION REPORT | AW7: Contract No.: 53-73-1264
A10: Consult. Proj. No.: 9104 | N10: Proj. | T10: Loc. | Z10: Disc. | AF10: Type | AL10: Seq. | AR10: Rev. | AW10: Page No: | BB10: 67 | BD10: of | BF10: 109
N11: 91215 | T11: KPL | Z11: ME | AF11: RE | AL11: 476 | AR11: R03
A13: برآورد اجراو نصب تجهیزات مکانیک بر اساس فهرست بهای اختصاصی تاسیسات نفت و گاز، رشته نصب واحدهای بهره برداری نفت و گاز -1393
A14: BANGESTAN TRAIN
A16: هزینه تمام شده مطابق فهرست بها (ریال) | H16: بهای واحد بــها با اعمال ضریب (ریال) * | O16: بهای واحد بــها بدون اعمال ضریب (ریال) | V16: ردیف فهرست بهای نفت سال 93 | AF16: مقدار | AI16: واحد | AL16: شماره تجهیز | AQ16: شرح | BG16: ردیف
A19: =SUM(A21:G24) -> 1.7657181e+08 | AQ19: نصب هیترها | BG19: 1
A21: =H21*AF21 -> 96941384 | H21: =1.806*O21 -> 3462192.3 | O21: 1917050 | V21: کد 591231 ردیف2 | AF21: 28 | AI21: TON | AL21: H-121A/B | AQ21: Oil Indirect Fired Heater Packages | BG21: 1.1
A23: =H23*AF23 -> 79630423 | H23: =1.806*O23 -> 3462192.3 | O23: 1917050 | V23: کد 591231 ردیف 2 | AF23: 23 | AI23: TON | AL23: H-122 | AQ23: Water Indirect Fired Heater Package | BG23: 1.2

Sheet INS-VESSEL-A
N1: Basic Design Study and FEED Package Preparation for Construct New KOOPAL (ASMARI & BANGESTAN) Desalting Unit
A5: Hirgan Energy Eng. Co. | AW5: NISOC
A7: Project No.: 53-51-91215 | N7: Document Title : MECH. BASIC DESIGN MTO & COST ESTIMATION REPORT | AW7: Contract No.: 53-73-1264
A10: Consult. Proj. No.: 9104 | N10: Proj. | T10: Loc. | Z10: Disc. | AF10: Type | AL10: Seq. | AR10: Rev. | AW10: Page No: | BB10: 68 | BD10: of | BF10: 109
N11: 91215 | T11: KPL | Z11: ME | AF11: RE | AL11: 476 | AR11: R03
A13: برآورد اجراو نصب تجهیزات مکانیک بر اساس فهرست بهای اختصاصی تاسیسات نفت و گاز، رشته نصب واحدهای بهره برداری نفت و گاز -1393
A14: ASMARI TRAIN
A16: هزینه تمام شده مطابق فهرست بها (ریال) | H16: بهای واحد بــها با اعمال ضریب (ریال) * | O16: بهای واحد بــها بدون اعمال ضریب (ریال) | V16: ردیف فهرست بهای نفت سال 93 | AF16: مقدار | AI16: واحد | AL16: شماره تجهیز | AQ16: شرح | BG16: ردیف
A19: =SUM(A21:G24) -> 55371960 | AQ19: نصب مخازن تحت فشار | BG19: 2
A21: =H21*AF21 -> 15820560 | H21: =1.806*O21 -> 3955.14 | O21: 2190 | V21: کد 591111 ردیف 1 | AF21: 4000 | AI21: Kg | AL21: V-171 | AQ21: Flare K.O. Drum | BG21: 2.1
A23: =H23*AF23 -> 39551400 | H23: =1.806*O23 -> 3955.14 | O23: 2190 | V23: کد 591111 ردیف 1 | AF23: 10000 | AI23: Kg | AL23: V-231 | AQ23: Closed Drain Drum | BG23: 2.2

Sheet INS-VESSEL-B
N1: Basic Design Study and FEED Package Preparation for Construct New KOOPAL (ASMARI & BANGESTAN) Desalting Unit
A5: Hirgan Energy Eng. Co. | AW5: NISOC
A7: Project No.: 53-51-91215 | N7: Document Title : MECH. BASIC DESIGN MTO & COST ESTIMATION REPORT | AW7: Contract No.: 53-73-1264
A10: Consult. Proj. No.: 9104 | N10: Proj. | T10: Loc. | Z10: Disc. | AF10: Type | AL10: Seq. | AR10: Rev. | AW10: Page No: | BB10: 69 | BD10: of | BF10: 109
N11: 91215 | T11: KPL | Z11: ME | AF11: RE | AL11: 476 | AR11: R03
A13: برآورد اجراو نصب تجهیزات مکانیک بر اساس فهرست بهای اختصاصی تاسیسات نفت و گاز، رشته نصب واحدهای بهره برداری نفت و گاز -1393
A14: BANGESTAN TRAIN
A16: هزینه تمام شده مطابق فهرست بها (ریال) | H16: بهای واحد بــها با اعمال ضریب (ریال) * | O16: بهای واحد بــها بدون اعمال ضریب (ریال) | V16: ردیف فهرست بهای نفت سال 93 | AF16: مقدار | AI16: واحد | AL16: شماره تجهیز | AQ16: شرح | BG16: ردیف
A19: =SUM(A21:G24) -> 55371960 | AQ19: نصب مخازن تحت فشار | BG19: 2
A21: =H21*AF21 -> 15820560 | H21: =1.806*O21 -> 3955.14 | O21: 2190 | V21: کد 591111 ردیف 1 | AF21: 4000 | AI21: Kg | AL21: V-181 | AQ21: Flare K.O. Drum | BG21: 2.1
A23: =H23*AF23 -> 39551400 | H23: =1.806*O23 -> 3955.14 | O23: 2190 | V23: کد 591111 ردیف 1 | AF23: 10000 | AI23: Kg | AL23: V-241 | AQ23: Closed Drain Drum | BG23: 2.2

Sheet INS-VESSEL-C
N1: Basic Design Study and FEED Package Preparation for Construct New KOOPAL (ASMARI & BANGESTAN) Desalting Unit
A5: Hirgan Energy Eng. Co. | AW5: NISOC
A7: Project No.: 53-51-91215 | N7: Document Title : MECH. BASIC DESIGN MTO & COST ESTIMATION REPORT | AW7: Contract No.: 53-73-1264
A10: Consult. Proj. No.: 9104 | N10: Proj. | T10: Loc. | Z10: Disc. | AF10: Type | AL10: Seq. | AR10: Rev. | AW10: Page No: | BB10: 70 | BD10: of | BF10: 109
N11: 91215 | T11: KPL | Z11: ME | AF11: RE | AL11: 476 | AR11: R03
A13: برآورد اجراو نصب تجهیزات مکانیک بر اساس فهرست بهای اختصاصی تاسیسات نفت و گاز، رشته نصب واحدهای بهره برداری نفت و گاز -1393
A14: COMMON (ASMARI & BANGESTAN TRAINS)
A16: هزینه تمام شده مطابق فهرست بها (ریال) | H16: بهای واحد بــها با اعمال ضریب (ریال) * | O16: بهای واحد بــها بدون اعمال ضریب (ریال) | V16: ردیف فهرست بهای نفت سال 93 | AF16: مقدار | AI16: واحد | AL16: شماره تجهیز | AQ16: شرح | BG16: ردیف
A19: =SUM(A21:G28) -> 130546710 | AQ19: نصب مخازن تحت فشار | BG19: 2
A21: =H21*AF21 -> 7192395 | H21: =1.806*O21 -> 5327.7 | O21: 2950 | V21: کد 591112 ردیف 1 | AF21: 1350 | AI21: Kg | AL21: V-191 | AQ21: Fuel Gas K.O. Drum | BG21: 2.1
A23: =H23*AF23 -> 16037280 | H23: =1.806*O23 -> 2672.88 | O23: 1480 | V23: کد 591113 ردیف 1 | AF23: 6000 | AI23: Kg | AL23: V-201 | AQ23: Fuel Oil Storage Drum | BG23: 2.2
A25: =H25*AF25 -> 100124640 | H25: =1.806*O25 -> 4551.12 | O25: 2520 | V25: کد 591112 ردیف 2 | AF25: 22000 | AI25: Kg | AL25: V-211 | AQ25: Air Reciever | BG25: 2.3
A27: =H27*AF27 -> 7192395 | H27: =1.806*O27 -> 5327.7 | O27: 2950 | V27: کد 591112 ردیف 1 | AF27: 1350 | AI27: Kg | AL27: V-153 | AQ27: Recycle Water Vessel (Deaeration System) | BG27: 2.4

Sheet INS-TANK-A (1)
N1: Basic Design Study and FEED Package Preparation for Construct New KOOPAL (ASMARI & BANGESTAN) Desalting Unit
A5: Hirgan Energy Eng. Co. | AW5: NISOC
A7: Project No.: 53-51-91215 | N7: Document Title : MECH. BASIC DESIGN MTO & COST ESTIMATION REPORT | AW7: Contract No.: 53-73-1264
A10: Consult. Proj. No.: 9104 | N10: Proj. | T10: Loc. | Z10: Disc. | AF10: Type | AL10: Seq. | AR10: Rev. | AW10: Page No: | BB10: 71 | BD10: of | BF10: 109
N11: 91215 | T11: KPL | Z11: ME | AF11: RE | AL11: 476 | AR11: R03
A13: برآورد اجراو نصب تجهیزات مکانیک بر اساس فهرست بهای اختصاصی تاسیسات نفت و گاز، رشته نصب واحدهای بهره برداری نفت و گاز -1393
A14: ASMARI TRAIN
A16: هزینه تمام شده مطابق فهرست بها (ریال) | H16: بهای واحد بــها با اعمال ضریب (ریال) * | O16: بهای واحد بــها بدون اعمال ضریب (ریال) | V16: ردیف فهرست بهای نفت سال 93 | AF16: مقدار | AI16: واحد | AL16: شماره تجهیز | AQ16: شرح | BG16: ردیف
A19: =A21+'INS-TANK-A (2)'!A29+'INS-TANK-A (3)'!A35+'INS-TANK-A (4)'!A41+'INS-TANK-A (6)'!A19+'INS-TANK-A (7)'!A25 -> 1.3728705e+10 | AQ19: نصب مخازن ذخیره (اتمسفریک و کم فشار) | BG19: 3
A21: =SUM(A23:G50)+SUM('INS-TANK-A (2)'!A19:G28) -> 7.8578787e+09 | AL21: TK-111 | AQ21: Gunbarrel نصب و اجرای مخزن | BG21: 3.1
A23: =H23*AF23 -> 1.5949075e+08 | H23: =1.806*O23 -> 469090.44 | O23: 259740 | V23: کد 591301 - ردیف 1 | AF23: 340 | AI23: Ton | AQ23: تخلیه ، بار اندازی و صفافی مصالح | BG23: 3.1.1
A25: =H25*AF25 -> 7.2136303e+08 | H25: =1.806*O25 -> 15681805 | O25: 8683170 | V25: کد 591302 - ردیف 1 | AF25: 46 | AI25: Ton | AQ25: نصب و جوشکاری کف مخزن | BG25: 3.1.2
A27: =H27*AF27 -> 2872545039 | H27: =1.806*O27 -> 22096500 | O27: 12235050 | V27: کد 591303 - ردیف 1 | AF27: 130 | AI27: Ton | AQ27: نصب و جوشکاری بدنه مخزن | BG27: 3.1.3
A29: =H29*AF29 -> 969097794 | H29: =1.806*O29 -> 19381956 | O29: 10731980 | V29: کد 591304 - ردیف 1 | AF29: 50 | AI29: Ton | AQ29: نصب و جوشکاری سقف ثابت مخزن | BG29: 3.1.4
A31: =H31*AF31 -> 249769800 | H31: =1.806*O31 -> 24976980 | O31: 13830000 | V31: کد 591308 | AF31: 10 | AI31: Ton | AQ31: نصب و جوشکاری سازه سقف ثابت مخزن | BG31: 3.1.5
A33: =H33*AF33 -> 746546.22 | H33: =1.806*O33 -> 27649.86 | O33: 15310 | V33: کد 591307 | AF33: 27 | AI33: Kg | AQ33: نصب و جوشکاری پله بدنه | BG33: 3.1.6
A35: =H35*AF35 -> 64582921 | H35: =1.806*O35 -> 131801.88 | O35: 72980 | V35: کد 591741 - ردیف 1 | AF35: 490 | AI35: M2 | AQ35: سند بلاست کف مخازن سقف ثابت | BG35: 3.1.7
A37: =H37*AF37 -> 284672556 | H37: =1.806*O37 -> 158151.42 | O37: 87570 | V37: کد 591741 - ردیف 3 | AF37: 1800 | AI37: M2 | AQ37: سند بلاست بدنه خارجی مخازن و سقف ثابت | BG37: 3.1.8
A39: =H39*AF39 -> 30652335 | H39: =1.806*O39 -> 19775.7 | O39: 10950 | V39: کد 591741 - ردیف 4 | AF39: 1550 | AI39: M2 | AQ39: اضافه بهای سند بلاست خارجی بابت ارتفاع بیش از 5 متر | BG39: 3.1.9
A41: =H41*AF41 -> 363748266 | H41: =1.806*O41 -> 158151.42 | O41: 87570 | V41: کد 591741 - ردیف 3 | AF41: 2300 | AI41: M2 | AQ41: سند بلاست داخل مخزن | BG41: 3.1.10
A43: =H43*AF43 -> 30652335 | H43: =1.806*O43 -> 19775.7 | O43: 10950 | V43: کد 591741 - ردیف 4 | AF43: 1550 | AI43: M2 | AQ43: اضافه بهای سند بلاست داخلی بابت ارتفاع بیش از 5 متر | BG43: 3.1.11
A45: =H45*AF45 -> 121796640 | H45: =1.806*O45 -> 30449.16 | O45: 16860 | V45: کد 591742 - ردیف 2 | AF45: 4000 | AI45: M2 | AQ45: رنگ امیزی سطوح داخل و خارج مخزن | BG45: 3.1.12
... A49: =H49*AF49 -> 171999828 | H49: =1.806*O49 -> 95555.46 | O49: 52910 | V49: کد 591731- ردیف 3 | AF49: 1800 | AI49: M2 | AQ49: مصالح رنگ خارجی پرایمر | BG49: 3.1.14

Sheet INS-TANK-A (2)
N1: Basic Design Study and FEED Package Preparation for Construct New KOOPAL (ASMARI & BANGESTAN) Desalting Unit
A5: Hirgan Energy Eng. Co. | AW5: NISOC
A7: Project No.: 53-51-91215 | N7: Document Title : MECH. BASIC DESIGN MTO & COST ESTIMATION REPORT | AW7: Contract No.: 53-73-1264
A10: Consult. Proj. No.: 9104 | N10: Proj. | T10: Loc. | Z10: Disc. | AF10: Type | AL10: Seq. | AR10: Rev. | AW10: Page No: | BB10: 72 | BD10: of | BF10: 109
N11: 91215 | T11: KPL | Z11: ME | AF11: RE | AL11: 476 | AR11: R03
A13: برآورد اجراو نصب تجهیزات مکانیک بر اساس فهرست بهای اختصاصی تاسیسات نفت و گاز، رشته نصب واحدهای بهره برداری نفت و گاز -1393
A14: ASMARI TRAIN
A16: هزینه تمام شده مطابق فهرست بها (ریال) | H16: بهای واحد بــها با اعمال ضریب (ریال) * | O16: بهای واحد بــها بدون اعمال ضریب (ریال) | V16: ردیف فهرست بهای نفت سال 93 | AF16: مقدار | AI16: واحد | AL16: شماره تجهیز | AQ16: شرح | BG16: ردیف
A19: =H19*AF19 -> 44373420 | H19: =1.806*O19 -> 24651.9 | O19: 13650 | V19: کد 591731- ردیف 12 | AF19: 1800 | AI19: M2 | AQ19: مصالح رنگ خارجی بدنه نهایی و میانی | BG19: 3.1.15
A21: =H21*AF21 -> 1246140000 | H21: =1.806*O21 -> 541800 | O21: 300000 | V21: خارج از فهرست بها | AF21: 2300 | AI21: M2 | AQ21: مصالح پوشش داخلی | BG21: 3.1.16
A23: =H23*AF23 -> 2.2782762e+08 | H23: =1.806*O23 -> 30954.84 | O23: 17140 | V23: کد591901ردیف 1 | AF23: 7360 | AI23: M3 | AQ23: تست هیدرواستاتیک | BG23: 3.1.17
A25: =H25*AF25 -> 15874740 | H25: =1.806*O25 -> 5291.58 | O25: 2930 | V25: کد591921 | AF25: 3000 | AI25: CM | AQ25: آزمایش پرتو نگاری | BG25: 3.1.18
A27: =H27*AF27 -> 270900000 | H27: =1.806*O27 -> 54180 | O27: 30000 | V27: خارج از فهرست بها | AF27: 5000 | AI27: Kg | AQ27: نصب اجزا داخلی | BG27: 3.1.19
A29: =SUM(A31:G50)+SUM('INS-TANK-A (3)'!A19:G34) -> 1.817943e+09 | AL29: TK-112 | AQ29: Surge نصب و اجرای مخزن | BG29: 3.2
A31: =H31*AF31 -> 37527235 | H31: =1.806*O31 -> 469090.44 | O31: 259740 | V31: کد 591301 - ردیف 1 | AF31: 80 | AI31: Ton | AQ31: تخلیه ، بار اندازی و صفافی مصالح | BG31: 3.2.1
A33: =H33*AF33 -> 1.2545444e+08 | H33: =1.806*O33 -> 15681805 | O33: 8683170 | V33: کد 591302 - ردیف 1 | AF33: 8 | AI33: Ton | AQ33: نصب و جوشکاری کف مخزن | BG33: 3.2.2
A35: =H35*AF35 -> 9.2805301e+08 | H35: =1.806*O35 -> 22096500 | O35: 12235050 | V35: کد 591303 - ردیف 1 | AF35: 42 | AI35: Ton | AQ35: نصب و جوشکاری بدنه مخزن | BG35: 3.2.3
A37: =H37*AF37 -> 1.3567369e+08 | H37: =1.806*O37 -> 19381956 | O37: 10731980 | V37: کد 591304 - ردیف 1 | AF37: 7 | AI37: Ton | AQ37: نصب و جوشکاری سقف ثابت مخزن | BG37: 3.2.4
A39: =H39*AF39 -> 31221225 | H39: =1.806*O39 -> 24976980 | O39: 13830000 | V39: کد 591308 | AF39: 1.25 | AI39: Ton | AQ39: نصب و جوشکاری سازه سقف ثابت مخزن | BG39: 3.2.5
A41: =H41*AF41 -> 207373.95 | H41: =1.806*O41 -> 27649.86 | O41: 15310 | V41: کد 591307 | AF41: 7.5 | AI41: Kg | AQ41: نصب و جوشکاری پله بدنه | BG41: 3.2.6
A43: =H43*AF43 -> 10544150 | H43: =1.806*O43 -> 131801.88 | O43: 72980 | V43: کد 591741 - ردیف 1 | AF43: 80 | AI43: M2 | AQ43: سند بلاست کف مخازن سقف ثابت | BG43: 3.2.7
A45: =H45*AF45 -> 75912682 | H45: =1.806*O45 -> 158151.42 | O45: 87570 | V45: کد 591741 - ردیف 3 | AF45: 480 | AI45: M2 | AQ45: سند بلاست بدنه خارجی مخازن و سقف ثابت | BG45: 3.2.8
A47: =H47*AF47 -> 5734953 | H47: =1.806*O47 -> 19775.7 | O47: 10950 | V47: کد 591741 - ردیف 4 | AF47: 290 | AI47: M2 | AQ47: اضافه بهای سند بلاست خارجی بابت ارتفاع بیش از 5 متر | BG47: 3.2.9
A49: =H49*AF49 -> 88564795 | H49: =1.806*O49 -> 158151.42 | O49: 87570 | V49: کد 591741 - ردیف 3 | AF49: 560 | AI49: M2 | AQ49: سند بلاست داخل مخزن | BG49: 3.2.10

Sheet INS-TANK-A (3)
N1: Basic Design Study and FEED Package Preparation for Construct New KOOPAL (ASMARI & BANGESTAN) Desalting Unit
A5: Hirgan Energy Eng. Co. | AW5: NISOC
A7: Project No.: 53-51-91215 | N7: Document Title : MECH. BASIC DESIGN MTO & COST ESTIMATION REPORT | AW7: Contract No.: 53-73-1264
A10: Consult. Proj. No.: 9104 | N10: Proj. | T10: Loc. | Z10: Disc. | AF10: Type | AL10: Seq. | AR10: Rev. | AW10: Page No: | BB10: 73 | BD10: of | BF10: 109
N11: 91215 | T11: KPL | Z11: ME | AF11: RE | AL11: 476 | AR11: R03
A13: برآورد اجراو نصب تجهیزات مکانیک بر اساس فهرست بهای اختصاصی تاسیسات نفت و گاز، رشته نصب واحدهای بهره برداری نفت و گاز -1393
A14: ASMARI TRAIN
A16: هزینه تمام شده مطابق فهرست بها (ریال) | H16: بهای واحد بــها با اعمال ضریب (ریال) * | O16: بهای واحد بــها بدون اعمال ضریب (ریال) | V16: ردیف فهرست بهای نفت سال 93 | AF16: مقدار | AI16: واحد | AL16: شماره تجهیز | AQ16: شرح | BG16: ردیف
A19: =H19*AF19 -> 5734953 | H19: =1.806*O19 -> 19775.7 | O19: 10950 | V19: کد 591741 - ردیف 4 | AF19: 290 | AI19: M2 | AQ19: اضافه بهای سند بلاست داخلی بابت ارتفاع بیش از 5 متر | BG19: 3.2.11
A21: =H21*AF21 -> 31971618 | H21: =1.806*O21 -> 30449.16 | O21: 16860 | V21: کد 591742 - ردیف 2 | AF21: 1050 | AI21: M2 | AQ21: رنگ امیزی سطوح داخل و خارج مخزن | BG21: 3.2.12
A23: =H23*AF23 -> 2178758.4 | H23: =1.806*O23 -> 3756.48 | O23: 2080 | V23: کد 591742 - ردیف 3 | AF23: 580 | AI23: M2 | AQ23: اضافه بهای رنگ امیزی بابت ارتفاع بیش از 5 متر | BG23: 3.2.13
A25: =H25*AF25 -> 45866621 | H25: =1.806*O25 -> 95555.46 | O25: 52910 | V25: کد 591731- ردیف 3 | AF25: 480 | AI25: M2 | AQ25: مصالح رنگ خارجی پرایمر | BG25: 3.2.14
A27: =H27*AF27 -> 11832912 | H27: =1.806*O27 -> 24651.9 | O27: 13650 | V27: کد 591731- ردیف 12 | AF27: 480 | AI27: M2 | AQ27: مصالح رنگ خارجی بدنه نهایی و میانی | BG27: 3.2.15
A29: =H29*AF29 -> 252840000 | H29: =1.806*O29 -> 451500 | O29: 250000 | V29: خارج از فهرست بها | AF29: 560 | AI29: M2 | AQ29: مصالح پوشش داخلی | BG29: 3.2.16
A31: =H31*AF31 -> 20687224 | H31: =1.806*O31 -> 21960.96 | O31: 12160 | V31: کد591901ردیف 2 | AF31: 942 | AI31: M3 | AQ31: تست هیدرواستاتیک | BG31: 3.2.17
A33: =H33*AF33 -> 7937370 | H33: =1.806*O33 -> 5291.58 | O33: 2930 | V33: کد591921 | AF33: 1500 | AI33: CM | AQ33: آزمایش پرتو نگاری | BG33: 3.2.18
A35: =SUM(A37:G50)+SUM('INS-TANK-A (4)'!A19:G40) -> 1.5237672e+08 | AL35: TK-131 | AQ35: Dirty Oil نصب و اجرای مخزن | BG35: 3.3
A37: =H37*AF37 -> 2345452.2 | H37: =1.806*O37 -> 469090.44 | O37: 259740 | V37: کد 591301 - ردیف 1 | AF37: 5 | AI37: Ton | AQ37: تخلیه ، بار اندازی و صفافی مصالح | BG37: 3.3.1
A39: =H39*AF39 -> 9409083 | H39: =1.806*O39 -> 15681805 | O39: 8683170 | V39: کد 591302 - ردیف 1 | AF39: 0.6 | AI39: Ton | AQ39: نصب و جوشکاری کف مخزن | BG39: 3.3.2
A41: =H41*AF41 -> 44193001 | H41: =1.806*O41 -> 22096500 | O41: 12235050 | V41: کد 591303 - ردیف 1 | AF41: 2 | AI41: Ton | AQ41: نصب و جوشکاری بدنه مخزن | BG41: 3.3.3
A43: =H43*AF43 -> 9690977.9 | H43: =1.806*O43 -> 19381956 | O43: 10731980 | V43: کد 591304 - ردیف 1 | AF43: 0.5 | AI43: Ton | AQ43: نصب و جوشکاری سقف ثابت مخزن | BG43: 3.3.4
A45: =H45*AF45 -> 2497698 | H45: =1.806*O45 -> 24976980 | O45: 13830000 | V45: کد 591308 | AF45: 0.1 | AI45: Ton | AQ45: نصب و جوشکاری سازه سقف ثابت مخزن | BG45: 3.3.5
A47: =H47*AF47 -> 11059944 | H47: =1.806*O47 -> 27649.86 | O47: 15310 | V47: کد 591307 | AF47: 400 | AI47: Kg | AQ47: نصب و جوشکاری پله بدنه | BG47: 3.3.6
A49: =H49*AF49 -> 922613.16 | H49: =1.806*O49 -> 131801.88 | O49: 72980 | V49: کد 591741 - ردیف 1 | AF49: 7 | AI49: M2 | AQ49: سند بلاست کف مخازن سقف ثابت | BG49: 3.3.7

Sheet INS-TANK-A (4)
N1: Basic Design Study and FEED Package Preparation for Construct New KOOPAL (ASMARI & BANGESTAN) Desalting Unit
A5: Hirgan Energy Eng. Co. | AW5: NISOC
A7: Project No.: 53-51-91215 | N7: Document Title : MECH. BASIC DESIGN MTO & COST ESTIMATION REPORT | AW7: Contract No.: 53-73-1264
A10: Consult. Proj. No.: 9104 | N10: Proj. | T10: Loc. | Z10: Disc. | AF10: Type | AL10: Seq. | AR10: Rev. | AW10: Page No: | BB10: 74 | BD10: of | BF10: 109
N11: 91215 | T11: KPL | Z11: ME | AF11: RE | AL11: 476 | AR11: R03
A13: برآورد اجراو نصب تجهیزات مکانیک بر اساس فهرست بهای اختصاصی تاسیسات نفت و گاز، رشته نصب واحدهای بهره برداری نفت و گاز -1393
A14: ASMARI TRAIN
A16: هزینه تمام شده مطابق فهرست بها (ریال) | H16: بهای واحد بــها با اعمال ضریب (ریال) * | O16: بهای واحد بــها بدون اعمال ضریب (ریال) | V16: ردیف فهرست بهای نفت سال 93 | AF16: مقدار | AI16: واحد | AL16: شماره تجهیز | AQ16: شرح | BG16: ردیف
A19: =H19*AF19 -> 7907571 | H19: =1.806*O19 -> 158151.42 | O19: 87570 | V19: کد 591741 - ردیف 3 | AF19: 50 | AI19: M2 | AQ19: سند بلاست بدنه خارجی مخازن و سقف ثابت | BG19: 3.3.8
A21: =H21*AF21 -> 0 | H21: =1.806*O21 -> 0 | V21: کد 591741 - ردیف 4 | AF21: 0 | AI21: M2 | AQ21: اضافه بهای سند بلاست خارجی بابت ارتفاع بیش از 5 متر | BG21: 3.3.9
A23: =H23*AF23 -> 7907571 | H23: =1.806*O23 -> 158151.42 | O23: 87570 | V23: کد 591741 - ردیف 3 | AF23: 50 | AI23: M2 | AQ23: سند بلاست داخل مخزن | BG23: 3.3.10
A25: =H25*AF25 -> 0 | H25: =1.806*O25 -> 0 | V25: کد 591741 - ردیف 4 | AF25: 0 | AI25: M2 | AQ25: اضافه بهای سند بلاست داخلی بابت ارتفاع بیش از 5 متر | BG25: 3.3.11
A27: =H27*AF27 -> 3044916 | H27: =1.806*O27 -> 30449.16 | O27: 16860 | V27: کد 591742 - ردیف 2 | AF27: 100 | AI27: M2 | AQ27: رنگ امیزی سطوح داخل و خارج مخزن | BG27: 3.3.12
A29: =H29*AF29 -> 0 | H29: =1.806*O29 -> 0 | V29: کد 591742 - ردیف 3 | AF29: 0 | AI29: M2 | AQ29: اضافه بهای رنگ امیزی بابت ارتفاع بیش از 5 متر | BG29: 3.3.13
A31: =H31*AF31 -> 4777773 | H31: =1.806*O31 -> 95555.46 | O31: 52910 | V31: کد 591731- ردیف 3 | AF31: 50 | AI31: M2 | AQ31: مصالح رنگ خارجی پرایمر | BG31: 3.3.14
A33: =H33*AF33 -> 1232595 | H33: =1.806*O33 -> 24651.9 | O33: 13650 | V33: کد 591731- ردیف 12 | AF33: 50 | AI33: M2 | AQ33: مصالح رنگ خارجی بدنه نهایی و میانی | BG33: 3.3.15
A35: =H35*AF35 -> 45150000 | H35: =1.806*O35 -> 903000 | O35: 500000 | V35: خارج از فهرست بها | AF35: 50 | AI35: M2 | AQ35: مصالح پوشش داخلی | BG35: 3.3.16
A37: =H37*AF37 -> 650051.64 | H37: =1.806*O37 -> 30954.84 | O37: 17140 | V37: کد591901-ردیف 1 | AF37: 21 | AI37: M3 | AQ37: تست هیدرواستاتیک | BG37: 3.3.17
A39: =H39*AF39 -> 1587474 | H39: =1.806*O39 -> 5291.58 | O39: 2930 | V39: کد591921 | AF39: 300 | AI39: CM | AQ39: آزمایش پرتو نگاری | BG39: 3.3.18
A41: =SUM(A43:G50)+SUM('INS-TANK-A (5)'!A19:G48) -> 1.2137487e+09 | AL41: TK-132 | AQ41: Skimmer نصب و اجرای مخزن | BG41: 3.4
A43: =H43*AF43 -> 28145426 | H43: =1.806*O43 -> 469090.44 | O43: 259740 | V43: کد 591301 - ردیف 1 | AF43: 60 | AI43: Ton | AQ43: تخلیه ، بار اندازی و صفافی مصالح | BG43: 3.4.1
A45: =H45*AF45 -> 1.1761354e+08 | H45: =1.806*O45 -> 15681805 | O45: 8683170 | V45: کد 591302 - ردیف 1 | AF45: 7.5 | AI45: Ton | AQ45: نصب و جوشکاری کف مخزن | BG45: 3.4.2
A47: =H47*AF47 -> 2.872545e+08 | H47: =1.806*O47 -> 22096500 | O47: 12235050 | V47: کد 591303 - ردیف 1 | AF47: 13 | AI47: Ton | AQ47: نصب و جوشکاری بدنه مخزن | BG47: 3.4.3
A49: =H49*AF49 -> 1.5505565e+08 | H49: =1.806*O49 -> 19381956 | O49: 10731980 | V49: کد 591304 - ردیف 1 | AF49: 8 | AI49: Ton | AQ49: نصب و جوشکاری سقف ثابت مخزن | BG49: 3.4.4

Sheet INS-TANK-A (5)
N1: Basic Design Study and FEED Package Preparation for Construct New KOOPAL (ASMARI & BANGESTAN) Desalting Unit
A5: Hirgan Energy Eng. Co. | AW5: NISOC
A7: Project No.: 53-51-91215 | N7: Document Title : MECH. BASIC DESIGN MTO & COST ESTIMATION REPORT | AW7: Contract No.: 53-73-1264
A10: Consult. Proj. No.: 9104 | N10: Proj. | T10: Loc. | Z10: Disc. | AF10: Type | AL10: Seq. | AR10: Rev. | AW10: Page No: | BB10: 75 | BD10: of | BF10: 109
N11: 91215 | T11: KPL | Z11: ME | AF11: RE | AL11: 476 | AR11: R03
A13: برآورد اجراو نصب تجهیزات مکانیک بر اساس فهرست بهای اختصاصی تاسیسات نفت و گاز، رشته نصب واحدهای بهره برداری نفت و گاز -1393
A14: ASMARI TRAIN
A16: هزینه تمام شده مطابق فهرست بها (ریال) | H16: بهای واحد بــها با اعمال ضریب (ریال) * | O16: بهای واحد بــها بدون اعمال ضریب (ریال) | V16: ردیف فهرست بهای نفت سال 93 | AF16: مقدار | AI16: واحد | AL16: شماره تجهیز | AQ16: شرح | BG16: ردیف
A19: =H19*AF19 -> 49953960 | H19: =1.806*O19 -> 24976980 | O19: 13830000 | V19: کد 591308 | AF19: 2 | AI19: Ton | AQ19: نصب و جوشکاری سازه سقف ثابت مخزن | BG19: 3.4.5
A21: =H21*AF21 -> 82949.58 | H21: =1.806*O21 -> 27649.86 | O21: 15310 | V21: کد 591307 | AF21: 3 | AI21: Kg | AQ21: نصب و جوشکاری پله بدنه | BG21: 3.4.6
A23: =H23*AF23 -> 13180188 | H23: =1.806*O23 -> 131801.88 | O23: 72980 | V23: کد 591741 - ردیف 1 | AF23: 100 | AI23: M2 | AQ23: سند بلاست کف مخازن سقف ثابت | BG23: 3.4.7
A25: =H25*AF25 -> 47445426 | H25: =1.806*O25 -> 158151.42 | O25: 87570 | V25: کد 591741 - ردیف 3 | AF25: 300 | AI25: M2 | AQ25: سند بلاست بدنه خارجی مخازن و سقف ثابت | BG25: 3.4.8
A27: =H27*AF27 -> 0 | H27: =1.806*O27 -> 0 | V27: کد 591741 - ردیف 4 | AF27: 0 | AI27: M2 | AQ27: اضافه بهای سند بلاست خارجی بابت ارتفاع بیش از 5 متر | BG27: 3.4.9
A29: =H29*AF29 -> 47445426 | H29: =1.806*O29 -> 158151.42 | O29: 87570 | V29: کد 591741 - ردیف 3 | AF29: 300 | AI29: M2 | AQ29: سند بلاست داخل مخزن | BG29: 3.4.10
A31: =H31*AF31 -> 0 | H31: =1.806*O31 -> 0 | V31: کد 591741 - ردیف 4 | AF31: 0 | AI31: M2 | AQ31: اضافه بهای سند بلاست داخلی بابت ارتفاع بیش از 5 متر | BG31: 3.4.11
A33: =H33*AF33 -> 24359328 | H33: =1.806*O33 -> 30449.16 | O33: 16860 | V33: کد 591742 - ردیف 2 | AF33: 800 | AI33: M2 | AQ33: رنگ امیزی سطوح داخل و خارج مخزن | BG33: 3.4.12
A35: =H35*AF35 -> 0 | H35: =1.806*O35 -> 0 | V35: کد 591742 - ردیف 3 | AF35: 0 | AI35: M2 | AQ35: اضافه بهای رنگ امیزی بابت ارتفاع بیش از 5 متر | BG35: 3.4.13
A37: =H37*AF37 -> 38222184 | H37: =1.806*O37 -> 95555.46 | O37: 52910 | V37: کد 591731- ردیف 3 | AF37: 400 | AI37: M2 | AQ37: مصالح رنگ خارجی پرایمر | BG37: 3.4.14
A39: =H39*AF39 -> 9860760 | H39: =1.806*O39 -> 24651.9 | O39: 13650 | V39: کد 591731- ردیف 12 | AF39: 400 | AI39: M2 | AQ39: مصالح رنگ خارجی بدنه نهایی و میانی | BG39: 3.4.15
A41: =H41*AF41 -> 270900000 | H41: =1.806*O41 -> 903000 | O41: 500000 | V41: خارج از فهرست بها | AF41: 300 | AI41: M2 | AQ41: مصالح پوشش داخلی | BG41: 3.4.16
A43: =H43*AF43 -> 12165252 | H43: =1.806*O43 -> 30954.84 | O43: 17140 | V43: کد591901-ردیف 1 | AF43: 393 | AI43: M3 | AQ43: تست هیدرواستاتیک | BG43: 3.4.17
A45: =H45*AF45 -> 3704106 | H45: =1.806*O45 -> 5291.58 | O45: 2930 | V45: کد591921 | AF45: 700 | AI45: CM | AQ45: آزمایش پرتو نگاری | BG45: 3.4.18
A47: =H47*AF47 -> 108360000 | H47: =1.806*O47 -> 54180 | O47: 30000 | V47: خارج از فهرست بها | AF47: 2000 | AI47: Kg | AQ47: نصب اجزا داخلی | BG47: 3.4.19

Sheet INS-TANK-A (6)
N1: Basic Design Study and FEED Package Preparation for Construct New KOOPAL (ASMARI & BANGESTAN) Desalting Unit
A5: Hirgan Energy Eng. Co. | AW5: NISOC
A7: Project No.: 53-51-91215 | N7: Document Title : MECH. BASIC DESIGN MTO & COST ESTIMATION REPORT | AW7: Contract No.: 53-73-1264
A10: Consult. Proj. No.: 9104 | N10: Proj. | T10: Loc. | Z10: Disc. | AF10: Type | AL10: Seq. | AR10: Rev. | AW10: Page No: | BB10: 76 | BD10: of | BF10: 109
N11: 91215 | T11: KPL | Z11: ME | AF11: RE | AL11: 476 | AR11: R03
A13: برآورد اجراو نصب تجهیزات مکانیک بر اساس فهرست بهای اختصاصی تاسیسات نفت و گاز، رشته نصب واحدهای بهره برداری نفت و گاز -1393
A14: ASMARI TRAIN
A16: هزینه تمام شده مطابق فهرست بها (ریال) | H16: بهای واحد بــها با اعمال ضریب (ریال) * | O16: بهای واحد بــها بدون اعمال ضریب (ریال) | V16: ردیف فهرست بهای نفت سال 93 | AF16: مقدار | AI16: واحد | AL16: شماره تجهیز | AQ16: شرح | BG16: ردیف
A19: =SUM(A21:G50)+SUM('INS-TANK-A (7)'!A19:G24) -> 1.4282361e+09 | AL19: TK-133 | AQ19: Disposal نصب و اجرای مخزن | BG19: 3.5
A21: =H21*AF21 -> 32836331 | H21: =1.806*O21 -> 469090.44 | O21: 259740 | V21: کد 591301 - ردیف 1 | AF21: 70 | AI21: Ton | AQ21: تخلیه ، بار اندازی و صفافی مصالح | BG21: 3.5.1
A23: =H23*AF23 -> 78409025 | H23: =1.806*O23 -> 15681805 | O23: 8683170 | V23: کد 591302 - ردیف 1 | AF23: 5 | AI23: Ton | AQ23: نصب و جوشکاری کف مخزن | BG23: 3.5.2
A25: =H25*AF25 -> 6.1870201e+08 | H25: =1.806*O25 -> 22096500 | O25: 12235050 | V25: کد 591303 - ردیف 1 | AF25: 28 | AI25: Ton | AQ25: نصب و جوشکاری بدنه مخزن | BG25: 3.5.3
A27: =H27*AF27 -> 77527824 | H27: =1.806*O27 -> 19381956 | O27: 10731980 | V27: کد 591304 - ردیف 1 | AF27: 4 | AI27: Ton | AQ27: نصب و جوشکاری سقف ثابت مخزن | BG27: 3.5.4
A29: =H29*AF29 -> 24976980 | H29: =1.806*O29 -> 24976980 | O29: 13830000 | V29: کد 591308 | AF29: 1 | AI29: Ton | AQ29: نصب و جوشکاری سازه سقف ثابت مخزن | BG29: 3.5.5
A31: =H31*AF31 -> 138249.3 | H31: =1.806*O31 -> 27649.86 | O31: 15310 | V31: کد 591307 | AF31: 5 | AI31: Kg | AQ31: نصب و جوشکاری پله بدنه | BG31: 3.5.6
A33: =H33*AF33 -> 6590094 | H33: =1.806*O33 -> 131801.88 | O33: 72980 | V33: کد 591741 - ردیف 1 | AF33: 50 | AI33: M2 | AQ33: سند بلاست کف مخازن سقف ثابت | BG33: 3.5.7
A35: =H35*AF35 -> 50608454 | H35: =1.806*O35 -> 158151.42 | O35: 87570 | V35: کد 591741 - ردیف 3 | AF35: 320 | AI35: M2 | AQ35: سند بلاست بدنه خارجی مخازن و سقف ثابت | BG35: 3.5.8
A37: =H37*AF37 -> 2373084 | H37: =1.806*O37 -> 19775.7 | O37: 10950 | V37: کد 591741 - ردیف 4 | AF37: 120 | AI37: M2 | AQ37: اضافه بهای سند بلاست خارجی بابت ارتفاع بیش از 5 متر | BG37: 3.5.9
A39: =H39*AF39 -> 63260568 | H39: =1.806*O39 -> 158151.42 | O39: 87570 | V39: کد 591741 - ردیف 3 | AF39: 400 | AI39: M2 | AQ39: سند بلاست داخل مخزن | BG39: 3.5.10
A41: =H41*AF41 -> 2373084 | H41: =1.806*O41 -> 19775.7 | O41: 10950 | V41: کد 591741 - ردیف 4 | AF41: 120 | AI41: M2 | AQ41: اضافه بهای سند بلاست داخلی بابت ارتفاع بیش از 5 متر | BG41: 3.5.11
A43: =H43*AF43 -> 27404244 | H43: =1.806*O43 -> 30449.16 | O43: 16860 | V43: کد 591742 - ردیف 2 | AF43: 900 | AI43: M2 | AQ43: رنگ امیزی سطوح داخل و خارج مخزن | BG43: 3.5.12
... A49: =H49*AF49 -> 12325950 | H49: =1.806*O49 -> 24651.9 | O49: 13650 | V49: کد 591731- ردیف 12 | AF49: 500 | AI49: M2 | AQ49: مصالح رنگ خارجی بدنه نهایی و میانی | BG49: 3.5.15

Sheet INS-TANK-A (7)
N1: Basic Design Study and FEED Package Preparation for Construct New KOOPAL (ASMARI & BANGESTAN) Desalting Unit
A5: Hirgan Energy Eng. Co. | AW5: NISOC
A7: Project No.: 53-51-91215 | N7: Document Title : MECH. BASIC DESIGN MTO & COST ESTIMATION REPORT | AW7: Contract No.: 53-73-1264
A10: Consult. Proj. No.: 9104 | N10: Proj. | T10: Loc. | Z10: Disc. | AF10: Type | AL10: Seq. | AR10: Rev. | AW10: Page No: | BB10: 77 | BD10: of | BF10: 109
N11: 91215 | T11: KPL | Z11: ME | AF11: RE | AL11: 476 | AR11: R03
A13: برآورد اجراو نصب تجهیزات مکانیک بر اساس فهرست بهای اختصاصی تاسیسات نفت و گاز، رشته نصب واحدهای بهره برداری نفت و گاز -1393
A14: ASMARI TRAIN
A16: هزینه تمام شده مطابق فهرست بها (ریال) | H16: بهای واحد بــها با اعمال ضریب (ریال) * | O16: بهای واحد بــها بدون اعمال ضریب (ریال) | V16: ردیف فهرست بهای نفت سال 93 | AF16: مقدار | AI16: واحد | AL16: شماره تجهیز | AQ16: شرح | BG16: ردیف
A19: =H19*AF19 -> 361200000 | H19: =1.806*O19 -> 903000 | O19: 500000 | V19: خارج از فهرست بها | AF19: 400 | AI19: M2 | AQ19: مصالح پوشش داخلی | BG19: 3.5.16
A21: =H21*AF21 -> 15539330 | H21: =1.806*O21 -> 30954.84 | O21: 17140 | V21: کد591901-ردیف 1 | AF21: 502 | AI21: M3 | AQ21: تست هیدرواستاتیک | BG21: 3.5.17
A23: =H23*AF23 -> 5291580 | H23: =1.806*O23 -> 5291.58 | O23: 2930 | V23: کد591921 | AF23: 1000 | AI23: CM | AQ23: آزمایش پرتو نگاری | BG23: 3.5.18
A25: =SUM(A27:G50)+SUM('INS-TANK-A (8)'!A19:G30) -> 1.2585216e+09 | AL25: TK-151 | AQ25: Dilution Water نصب و اجرای مخزن | BG25: 3.6
A27: =H27*AF27 -> 32836331 | H27: =1.806*O27 -> 469090.44 | O27: 259740 | V27: کد 591301 - ردیف 1 | AF27: 70 | AI27: Ton | AQ27: تخلیه ، بار اندازی و صفافی مصالح | BG27: 3.6.1
A29: =H29*AF29 -> 78409025 | H29: =1.806*O29 -> 15681805 | O29: 8683170 | V29: کد 591302 - ردیف 1 | AF29: 5 | AI29: Ton | AQ29: نصب و جوشکاری کف مخزن | BG29: 3.6.2
A31: =H31*AF31 -> 6.1870201e+08 | H31: =1.806*O31 -> 22096500 | O31: 12235050 | V31: کد 591303 - ردیف 1 | AF31: 28 | AI31: Ton | AQ31: نصب و جوشکاری بدنه مخزن | BG31: 3.6.3
A33: =H33*AF33 -> 77527824 | H33: =1.806*O33 -> 19381956 | O33: 10731980 | V33: کد 591304 - ردیف 1 | AF33: 4 | AI33: Ton | AQ33: نصب و جوشکاری سقف ثابت مخزن | BG33: 3.6.4
A35: =H35*AF35 -> 24976980 | H35: =1.806*O35 -> 24976980 | O35: 13830000 | V35: کد 591308 | AF35: 1 | AI35: Ton | AQ35: نصب و جوشکاری سازه سقف ثابت مخزن | BG35: 3.6.5
A37: =H37*AF37 -> 138249.3 | H37: =1.806*O37 -> 27649.86 | O37: 15310 | V37: کد 591307 | AF37: 5 | AI37: Kg | AQ37: نصب و جوشکاری پله بدنه | BG37: 3.6.6
A39: =H39*AF39 -> 15816226 | H39: =1.806*O39 -> 131801.88 | O39: 72980 | V39: کد 591741 - ردیف 1 | AF39: 120 | AI39: M2 | AQ39: سند بلاست کف مخازن سقف ثابت | BG39: 3.6.7
A41: =H41*AF41 -> 50608454 | H41: =1.806*O41 -> 158151.42 | O41: 87570 | V41: کد 591741 - ردیف 3 | AF41: 320 | AI41: M2 | AQ41: سند بلاست بدنه خارجی مخازن و سقف ثابت | BG41: 3.6.8
A43: =H43*AF43 -> 2373084 | H43: =1.806*O43 -> 19775.7 | O43: 10950 | V43: کد 591741 - ردیف 4 | AF43: 120 | AI43: M2 | AQ43: اضافه بهای سند بلاست خارجی بابت ارتفاع بیش از 5 متر | BG43: 3.6.9
A45: =H45*AF45 -> 63260568 | H45: =1.806*O45 -> 158151.42 | O45: 87570 | V45: کد 591741 - ردیف 3 | AF45: 400 | AI45: M2 | AQ45: سند بلاست داخل مخزن | BG45: 3.6.10
A47: =H47*AF47 -> 4746168 | H47: =1.806*O47 -> 19775.7 | O47: 10950 | V47: کد 591741 - ردیف 4 | AF47: 240 | AI47: M2 | AQ47: اضافه بهای سند بلاست داخلی بابت ارتفاع بیش از 5 متر | BG47: 3.6.11
A49: =H49*AF49 -> 27404244 | H49: =1.806*O49 -> 30449.16 | O49: 16860 | V49: کد 591742 - ردیف 2 | AF49: 900 | AI49: M2 | AQ49: رنگ امیزی سطوح داخل و خارج مخزن | BG49: 3.6.12

Sheet INS-TANK-A (8)
N1: Basic Design Study and FEED Package Preparation for Construct New KOOPAL (ASMARI & BANGESTAN) Desalting Unit
A5: Hirgan Energy Eng. Co. | AW5: NISOC
A7: Project No.: 53-51-91215 | N7: Document Title : MECH. BASIC DESIGN MTO & COST ESTIMATION REPORT | AW7: Contract No.: 53-73-1264
A10: Consult. Proj. No.: 9104 | N10: Proj. | T10: Loc. | Z10: Disc. | AF10: Type | AL10: Seq. | AR10: Rev. | AW10: Page No: | BB10: 78 | BD10: of | BF10: 109
N11: 91215 | T11: KPL | Z11: ME | AF11: RE | AL11: 476 | AR11: R03
A13: برآورد اجراو نصب تجهیزات مکانیک بر اساس فهرست بهای اختصاصی تاسیسات نفت و گاز، رشته نصب واحدهای بهره برداری نفت و گاز -1393
A14: ASMARI TRAIN
A16: هزینه تمام شده مطابق فهرست بها (ریال) | H16: بهای واحد بــها با اعمال ضریب (ریال) * | O16: بهای واحد بــها بدون اعمال ضریب (ریال) | V16: ردیف فهرست بهای نفت سال 93 | AF16: مقدار | AI16: واحد | AL16: شماره تجهیز | AQ16: شرح | BG16: ردیف
A19: =H19*AF19 -> 187824 | H19: =1.806*O19 -> 3756.48 | O19: 2080 | V19: کد 591742 - ردیف 3 | AF19: 50 | AI19: M2 | AQ19: اضافه بهای رنگ امیزی بابت ارتفاع بیش از 5 متر | BG19: 3.6.13
A21: =H21*AF21 -> 47777730 | H21: =1.806*O21 -> 95555.46 | O21: 52910 | V21: کد 591731- ردیف 3 | AF21: 500 | AI21: M2 | AQ21: مصالح رنگ خارجی پرایمر | BG21: 3.6.14
A23: =H23*AF23 -> 12325950 | H23: =1.806*O23 -> 24651.9 | O23: 13650 | V23: کد 591731- ردیف 12 | AF23: 500 | AI23: M2 | AQ23: مصالح رنگ خارجی بدنه نهایی و میانی | BG23: 3.6.15
A25: =H25*AF25 -> 180600000 | H25: =1.806*O25 -> 451500 | O25: 250000 | V25: خارج از فهرست بها | AF25: 400 | AI25: M2 | AQ25: مصالح پوشش داخلی | BG25: 3.6.16
A27: =H27*AF27 -> 15539330 | H27: =1.806*O27 -> 30954.84 | O27: 17140 | V27: کد591901ردیف 1 | AF27: 502 | AI27: M3 | AQ27: تست هیدرواستاتیک | BG27: 3.6.17
A29: =H29*AF29 -> 5291580 | H29: =1.806*O29 -> 5291.58 | O29: 2930 | V29: کد591921 | AF29: 1000 | AI29: CM | AQ29: آزمایش پرتو نگاری | BG29: 3.6.18

Sheet INS-TANK-B (1)
N1: Basic Design Study and FEED Package Preparation for Construct New KOOPAL (ASMARI & BANGESTAN) Desalting Unit
A5: Hirgan Energy Eng. Co. | AW5: NISOC
A7: Project No.: 53-51-91215 | N7: Document Title : MECH. BASIC DESIGN MTO & COST ESTIMATION REPORT | AW7: Contract No.: 53-73-1264
A10: Consult. Proj. No.: 9104 | N10: Proj. | T10: Loc. | Z10: Disc. | AF10: Type | AL10: Seq. | AR10: Rev. | AW10: Page No: | BB10: 79 | BD10: of | BF10: 109
N11: 91215 | T11: KPL | Z11: ME | AF11: RE | AL11: 476 | AR11: R03
A13: برآورد اجراو نصب تجهیزات مکانیک بر اساس فهرست بهای اختصاصی تاسیسات نفت و گاز، رشته نصب واحدهای بهره برداری نفت و گاز -1393
A14: BANGESTAN TRAIN
A16: هزینه تمام شده مطابق فهرست بها (ریال) | H16: بهای واحد بــها با اعمال ضریب (ریال) * | O16: بهای واحد بــها بدون اعمال ضریب (ریال) | V16: ردیف فهرست بهای نفت سال 93 | AF16: مقدار | AI16: واحد | AL16: شماره تجهیز | AQ16: شرح | BG16: ردیف
A19: =A21+'INS-TANK-B (2)'!A29+'INS-TANK-B (3)'!A35+'INS-TANK-B (4)'!A41+'INS-TANK-B (5)'!A47+'INS-TANK-B (7)'!A23+'INS-TANK-B (8)'!A29 -> 1.833699e+10 | AQ19: نصب مخازن ذخیره (اتمسفریک و کم فشار) | BG19: 3
A21: =SUM(A23:G50)+SUM('INS-TANK-B (2)'!A19:G28) -> 5.7089064e+09 | AL21: TK-121 | AQ21: Gunbarrel نصب و اجرای مخزن | BG21: 3.1
A23: =H23*AF23 -> 117272610 | H23: =1.806*O23 -> 469090.44 | O23: 259740 | V23: کد 591301 - ردیف 1 | AF23: 250 | AI23: Ton | AQ23: تخلیه ، بار اندازی و صفافی مصالح | BG23: 3.1.1
A25: =H25*AF25 -> 4.5477235e+08 | H25: =1.806*O25 -> 15681805 | O25: 8683170 | V25: کد 591302 - ردیف 1 | AF25: 29 | AI25: Ton | AQ25: نصب و جوشکاری کف مخزن | BG25: 3.1.2
A27: =H27*AF27 -> 2.298036e+09 | H27: =1.806*O27 -> 22096500 | O27: 12235050 | V27: کد 591303 - ردیف 1 | AF27: 104 | AI27: Ton | AQ27: نصب و جوشکاری بدنه مخزن | BG27: 3.1.3
A29: =H29*AF29 -> 6.0084063e+08 | H29: =1.806*O29 -> 19381956 | O29: 10731980 | V29: کد 591304 - ردیف 1 | AF29: 31 | AI29: Ton | AQ29: نصب و جوشکاری سقف ثابت مخزن | BG29: 3.1.4
A31: =H31*AF31 -> 149861880 | H31: =1.806*O31 -> 24976980 | O31: 13830000 | V31: کد 591308 | AF31: 6 | AI31: Ton | AQ31: نصب و جوشکاری سازه سقف ثابت مخزن | BG31: 3.1.5
A33: =H33*AF33 -> 552997.2 | H33: =1.806*O33 -> 27649.86 | O33: 15310 | V33: کد 591307 | AF33: 20 | AI33: Kg | AQ33: نصب و جوشکاری پله بدنه | BG33: 3.1.6
A35: =H35*AF35 -> 42176602 | H35: =1.806*O35 -> 131801.88 | O35: 72980 | V35: کد 591741 - ردیف 1 | AF35: 320 | AI35: M2 | AQ35: سند بلاست کف مخازن سقف ثابت | BG35: 3.1.7
A37: =H37*AF37 -> 2.1113215e+08 | H37: =1.806*O37 -> 158151.42 | O37: 87570 | V37: کد 591741 - ردیف 3 | AF37: 1335 | AI37: M2 | AQ37: سند بلاست بدنه خارجی مخازن و سقف ثابت | BG37: 3.1.8
A39: =H39*AF39 -> 21753270 | H39: =1.806*O39 -> 19775.7 | O39: 10950 | V39: کد 591741 - ردیف 4 | AF39: 1100 | AI39: M2 | AQ39: اضافه بهای سند بلاست خارجی بابت ارتفاع بیش از 5 متر | BG39: 3.1.9
A41: =H41*AF41 -> 2.6094984e+08 | H41: =1.806*O41 -> 158151.42 | O41: 87570 | V41: کد 591741 - ردیف 3 | AF41: 1650 | AI41: M2 | AQ41: سند بلاست داخل مخزن | BG41: 3.1.10
A43: =H43*AF43 -> 21753270 | H43: =1.806*O43 -> 19775.7 | O43: 10950 | V43: کد 591741 - ردیف 4 | AF43: 1100 | AI43: M2 | AQ43: اضافه بهای سند بلاست داخلی بابت ارتفاع بیش از 5 متر | BG43: 3.1.11
A45: =H45*AF45 -> 91347480 | H45: =1.806*O45 -> 30449.16 | O45: 16860 | V45: کد 591742 - ردیف 2 | AF45: 3000 | AI45: M2 | AQ45: رنگ امیزی سطوح داخل و خارج مخزن | BG45: 3.1.12
... A49: =H49*AF49 -> 1.2756654e+08 | H49: =1.806*O49 -> 95555.46 | O49: 52910 | V49: کد 591731- ردیف 3 | AF49: 1335 | AI49: M2 | AQ49: مصالح رنگ خارجی پرایمر | BG49: 3.1.14

Sheet INS-TANK-B (2)
N1: Basic Design Study and FEED Package Preparation for Construct New KOOPAL (ASMARI & BANGESTAN) Desalting Unit
A5: Hirgan Energy Eng. Co. | AW5: NISOC
A7: Project No.: 53-51-91215 | N7: Document Title : MECH. BASIC DESIGN MTO & COST ESTIMATION REPORT | AW7: Contract No.: 53-73-1264
A10: Consult. Proj. No.: 9104 | N10: Proj. | T10: Loc. | Z10: Disc. | AF10: Type | AL10: Seq. | AR10: Rev. | AW10: Page No: | BB10: 80 | BD10: of | BF10: 109
N11: 91215 | T11: KPL | Z11: ME | AF11: RE | AL11: 476 | AR11: R03
A13: برآورد اجراو نصب تجهیزات مکانیک بر اساس فهرست بهای اختصاصی تاسیسات نفت و گاز، رشته نصب واحدهای بهره برداری نفت و گاز -1393
A14: BANGESTAN TRAIN
A16: هزینه تمام شده مطابق فهرست بها (ریال) | H16: بهای واحد بــها با اعمال ضریب (ریال) * | O16: بهای واحد بــها بدون اعمال ضریب (ریال) | V16: ردیف فهرست بهای نفت سال 93 | AF16: مقدار | AI16: واحد | AL16: شماره تجهیز | AQ16: شرح | BG16: ردیف
A19: =H19*AF19 -> 32910287 | H19: =1.806*O19 -> 24651.9 | O19: 13650 | V19: کد 591731- ردیف 12 | AF19: 1335 | AI19: M2 | AQ19: مصالح رنگ خارجی بدنه نهایی و میانی | BG19: 3.1.15
A21: =H21*AF21 -> 893970000 | H21: =1.806*O21 -> 541800 | O21: 300000 | V21: خارج از فهرست بها | AF21: 1650 | AI21: M2 | AQ21: مصالح پوشش داخلی | BG21: 3.1.16
A23: =H23*AF23 -> 1.457973e+08 | H23: =1.806*O23 -> 30954.84 | O23: 17140 | V23: کد591901ردیف 1 | AF23: 4710 | AI23: M3 | AQ23: تست هیدرواستاتیک | BG23: 3.1.17
A25: =H25*AF25 -> 13228950 | H25: =1.806*O25 -> 5291.58 | O25: 2930 | V25: کد591921 | AF25: 2500 | AI25: CM | AQ25: آزمایش پرتو نگاری | BG25: 3.1.18
A27: =H27*AF27 -> 216720000 | H27: =1.806*O27 -> 54180 | O27: 30000 | V27: خارج از فهرست بها | AF27: 4000 | AI27: Kg | AQ27: نصب اجزا داخلی | BG27: 3.1.19
A29: =SUM(A31:G50)+SUM('INS-TANK-B (3)'!A19:G34) -> 1.817943e+09 | AL29: TK-122 | AQ29: Surge نصب و اجرای مخزن | BG29: 3.2
A31: =H31*AF31 -> 37527235 | H31: =1.806*O31 -> 469090.44 | O31: 259740 | V31: کد 591301 - ردیف 1 | AF31: 80 | AI31: Ton | AQ31: تخلیه ، بار اندازی و صفافی مصالح | BG31: 3.2.1
A33: =H33*AF33 -> 1.2545444e+08 | H33: =1.806*O33 -> 15681805 | O33: 8683170 | V33: کد 591302 - ردیف 1 | AF33: 8 | AI33: Ton | AQ33: نصب و جوشکاری کف مخزن | BG33: 3.2.2
A35: =H35*AF35 -> 9.2805301e+08 | H35: =1.806*O35 -> 22096500 | O35: 12235050 | V35: کد 591303 - ردیف 1 | AF35: 42 | AI35: Ton | AQ35: نصب و جوشکاری بدنه مخزن | BG35: 3.2.3
A37: =H37*AF37 -> 1.3567369e+08 | H37: =1.806*O37 -> 19381956 | O37: 10731980 | V37: کد 591304 - ردیف 1 | AF37: 7 | AI37: Ton | AQ37: نصب و جوشکاری سقف ثابت مخزن | BG37: 3.2.4
A39: =H39*AF39 -> 31221225 | H39: =1.806*O39 -> 24976980 | O39: 13830000 | V39: کد 591308 | AF39: 1.25 | AI39: Ton | AQ39: نصب و جوشکاری سازه سقف ثابت مخزن | BG39: 3.2.5
A41: =H41*AF41 -> 207373.95 | H41: =1.806*O41 -> 27649.86 | O41: 15310 | V41: کد 591307 | AF41: 7.5 | AI41: Kg | AQ41: نصب و جوشکاری پله بدنه | BG41: 3.2.6
A43: =H43*AF43 -> 10544150 | H43: =1.806*O43 -> 131801.88 | O43: 72980 | V43: کد 591741 - ردیف 1 | AF43: 80 | AI43: M2 | AQ43: سند بلاست کف مخازن سقف ثابت | BG43: 3.2.7
A45: =H45*AF45 -> 75912682 | H45: =1.806*O45 -> 158151.42 | O45: 87570 | V45: کد 591741 - ردیف 3 | AF45: 480 | AI45: M2 | AQ45: سند بلاست بدنه خارجی مخازن و سقف ثابت | BG45: 3.2.8
A47: =H47*AF47 -> 5734953 | H47: =1.806*O47 -> 19775.7 | O47: 10950 | V47: کد 591741 - ردیف 4 | AF47: 290 | AI47: M2 | AQ47: اضافه بهای سند بلاست خارجی بابت ارتفاع بیش از 5 متر | BG47: 3.2.9
A49: =H49*AF49 -> 88564795 | H49: =1.806*O49 -> 158151.42 | O49: 87570 | V49: کد 591741 - ردیف 3 | AF49: 560 | AI49: M2 | AQ49: سند بلاست داخل مخزن | BG49: 3.2.10

Sheet INS-TANK-B (3)
N1: Basic Design Study and FEED Package Preparation for Construct New KOOPAL (ASMARI & BANGESTAN) Desalting Unit
A5: Hirgan Energy Eng. Co. | AW5: NISOC
A7: Project No.: 53-51-91215 | N7: Document Title : MECH. BASIC DESIGN MTO & COST ESTIMATION REPORT | AW7: Contract No.: 53-73-1264
A10: Consult. Proj. No.: 9104 | N10: Proj. | T10: Loc. | Z10: Disc. | AF10: Type | AL10: Seq. | AR10: Rev. | AW10: Page No: | BB10: 81 | BD10: of | BF10: 109
N11: 91215 | T11: KPL | Z11: ME | AF11: RE | AL11: 476 | AR11: R03
A13: برآورد اجراو نصب تجهیزات مکانیک بر اساس فهرست بهای اختصاصی تاسیسات نفت و گاز، رشته نصب واحدهای بهره برداری نفت و گاز -1393
A14: BANGESTAN TRAIN
A16: هزینه تمام شده مطابق فهرست بها (ریال) | H16: بهای واحد بــها با اعمال ضریب (ریال) * | O16: بهای واحد بــها بدون اعمال ضریب (ریال) | V16: ردیف فهرست بهای نفت سال 93 | AF16: مقدار | AI16: واحد | AL16: شماره تجهیز | AQ16: شرح | BG16: ردیف
A19: =H19*AF19 -> 5734953 | H19: =1.806*O19 -> 19775.7 | O19: 10950 | V19: کد 591741 - ردیف 4 | AF19: 290 | AI19: M2 | AQ19: اضافه بهای سند بلاست داخلی بابت ارتفاع بیش از 5 متر | BG19: 3.2.11
A21: =H21*AF21 -> 31971618 | H21: =1.806*O21 -> 30449.16 | O21: 16860 | V21: کد 591742 - ردیف 2 | AF21: 1050 | AI21: M2 | AQ21: رنگ امیزی سطوح داخل و خارج مخزن | BG21: 3.2.12
A23: =H23*AF23 -> 2178758.4 | H23: =1.806*O23 -> 3756.48 | O23: 2080 | V23: کد 591742 - ردیف 3 | AF23: 580 | AI23: M2 | AQ23: اضافه بهای رنگ امیزی بابت ارتفاع بیش از 5 متر | BG23: 3.2.13
A25: =H25*AF25 -> 45866621 | H25: =1.806*O25 -> 95555.46 | O25: 52910 | V25: کد 591731- ردیف 3 | AF25: 480 | AI25: M2 | AQ25: مصالح رنگ خارجی پرایمر | BG25: 3.2.14
A27: =H27*AF27 -> 11832912 | H27: =1.806*O27 -> 24651.9 | O27: 13650 | V27: کد 591731- ردیف 12 | AF27: 480 | AI27: M2 | AQ27: مصالح رنگ خارجی بدنه نهایی و میانی | BG27: 3.2.15
A29: =H29*AF29 -> 252840000 | H29: =1.806*O29 -> 451500 | O29: 250000 | V29: خارج از فهرست بها | AF29: 560 | AI29: M2 | AQ29: مصالح پوشش داخلی | BG29: 3.2.16
A31: =H31*AF31 -> 20687224 | H31: =1.806*O31 -> 21960.96 | O31: 12160 | V31: کد591901ردیف 2 | AF31: 942 | AI31: M3 | AQ31: تست هیدرواستاتیک | BG31: 3.2.17
A33: =H33*AF33 -> 7937370 | H33: =1.806*O33 -> 5291.58 | O33: 2930 | V33: کد591921 | AF33: 1500 | AI33: CM | AQ33: آزمایش پرتو نگاری | BG33: 3.2.18
A35: =SUM(A37:G50)+SUM('INS-TANK-B (4)'!A19:G40) -> 6.7572575e+09 | AL35: TK-123 | AQ35: Off-Spec نصب و اجرای مخزن | BG35: 3.3
A37: =H37*AF37 -> 164181654 | H37: =1.806*O37 -> 469090.44 | O37: 259740 | V37: کد 591301 - ردیف 1 | AF37: 350 | AI37: Ton | AQ37: تخلیه ، بار اندازی و صفافی مصالح | BG37: 3.3.1
A39: =H39*AF39 -> 5.9590859e+08 | H39: =1.806*O39 -> 15681805 | O39: 8683170 | V39: کد 591302 - ردیف 1 | AF39: 38 | AI39: Ton | AQ39: نصب و جوشکاری کف مخزن | BG39: 3.3.2
A41: =H41*AF41 -> 2.7620625e+09 | H41: =1.806*O41 -> 22096500 | O41: 12235050 | V41: کد 591303 - ردیف 1 | AF41: 125 | AI41: Ton | AQ41: نصب و جوشکاری بدنه مخزن | BG41: 3.3.3
A43: =H43*AF43 -> 8.7218801e+08 | H43: =1.806*O43 -> 19381956 | O43: 10731980 | V43: کد 591304 - ردیف 1 | AF43: 45 | AI43: Ton | AQ43: نصب و جوشکاری سقف ثابت مخزن | BG43: 3.3.4
A45: =H45*AF45 -> 224792820 | H45: =1.806*O45 -> 24976980 | O45: 13830000 | V45: کد 591308 | AF45: 9 | AI45: Ton | AQ45: نصب و جوشکاری سازه سقف ثابت مخزن | BG45: 3.3.5
A47: =H47*AF47 -> 414747.9 | H47: =1.806*O47 -> 27649.86 | O47: 15310 | V47: کد 591307 | AF47: 15 | AI47: Kg | AQ47: نصب و جوشکاری پله بدنه | BG47: 3.3.6
A49: =H49*AF49 -> 52720752 | H49: =1.806*O49 -> 131801.88 | O49: 72980 | V49: کد 591741 - ردیف 1 | AF49: 400 | AI49: M2 | AQ49: سند بلاست کف مخازن سقف ثابت | BG49: 3.3.7

Sheet INS-TANK-B (4)
N1: Basic Design Study and FEED Package Preparation for Construct New KOOPAL (ASMARI & BANGESTAN) Desalting Unit
A5: Hirgan Energy Eng. Co. | AW5: NISOC
A7: Project No.: 53-51-91215 | N7: Document Title : MECH. BASIC DESIGN MTO & COST ESTIMATION REPORT | AW7: Contract No.: 53-73-1264
A10: Consult. Proj. No.: 9104 | N10: Proj. | T10: Loc. | Z10: Disc. | AF10: Type | AL10: Seq. | AR10: Rev. | AW10: Page No: | BB10: 82 | BD10: of | BF10: 109
N11: 91215 | T11: KPL | Z11: ME | AF11: RE | AL11: 476 | AR11: R03
A13: برآورد اجراو نصب تجهیزات مکانیک بر اساس فهرست بهای اختصاصی تاسیسات نفت و گاز، رشته نصب واحدهای بهره برداری نفت و گاز -1393
A14: BANGESTAN TRAIN
A16: هزینه تمام شده مطابق فهرست بها (ریال) | H16: بهای واحد بــها با اعمال ضریب (ریال) * | O16: بهای واحد بــها بدون اعمال ضریب (ریال) | V16: ردیف فهرست بهای نفت سال 93 | AF16: مقدار | AI16: واحد | AL16: شماره تجهیز | AQ16: شرح | BG16: ردیف
A19: =H19*AF19 -> 2.3722713e+08 | H19: =1.806*O19 -> 158151.42 | O19: 87570 | V19: کد 591741 - ردیف 3 | AF19: 1500 | AI19: M2 | AQ19: سند بلاست بدنه خارجی مخازن و سقف ثابت | BG19: 3.3.8
A21: =H21*AF21 -> 17798130 | H21: =1.806*O21 -> 19775.7 | O21: 10950 | V21: کد 591741 - ردیف 4 | AF21: 900 | AI21: M2 | AQ21: اضافه بهای سند بلاست خارجی بابت ارتفاع بیش از 5 متر | BG21: 3.3.9
A23: =H23*AF23 -> 316302840 | H23: =1.806*O23 -> 158151.42 | O23: 87570 | V23: کد 591741 - ردیف 3 | AF23: 2000 | AI23: M2 | AQ23: سند بلاست داخل مخزن | BG23: 3.3.10
A25: =H25*AF25 -> 17798130 | H25: =1.806*O25 -> 19775.7 | O25: 10950 | V25: کد 591741 - ردیف 4 | AF25: 900 | AI25: M2 | AQ25: اضافه بهای سند بلاست داخلی بابت ارتفاع بیش از 5 متر | BG25: 3.3.11
A27: =H27*AF27 -> 137021220 | H27: =1.806*O27 -> 30449.16 | O27: 16860 | V27: کد 591742 - ردیف 2 | AF27: 4500 | AI27: M2 | AQ27: رنگ امیزی سطوح داخل و خارج مخزن | BG27: 3.3.12
A29: =H29*AF29 -> 6761664 | H29: =1.806*O29 -> 3756.48 | O29: 2080 | V29: کد 591742 - ردیف 3 | AF29: 1800 | AI29: M2 | AQ29: اضافه بهای رنگ امیزی بابت ارتفاع بیش از 5 متر | BG29: 3.3.13
A31: =H31*AF31 -> 2.3888865e+08 | H31: =1.806*O31 -> 95555.46 | O31: 52910 | V31: کد 591731- ردیف 3 | AF31: 2500 | AI31: M2 | AQ31: مصالح رنگ خارجی پرایمر | BG31: 3.3.14
A33: =H33*AF33 -> 61629750 | H33: =1.806*O33 -> 24651.9 | O33: 13650 | V33: کد 591731- ردیف 12 | AF33: 2500 | AI33: M2 | AQ33: مصالح رنگ خارجی بدنه نهایی و میانی | BG33: 3.3.15
A35: =H35*AF35 -> 903000000 | H35: =1.806*O35 -> 451500 | O35: 250000 | V35: خارج از فهرست بها | AF35: 2000 | AI35: M2 | AQ35: مصالح پوشش داخلی | BG35: 3.3.16
A37: =H37*AF37 -> 1.2210294e+08 | H37: =1.806*O37 -> 21960.96 | O37: 12160 | V37: کد591901ردیف 2 | AF37: 5560 | AI37: M3 | AQ37: تست هیدرواستاتیک | BG37: 3.3.17
A39: =H39*AF39 -> 26457900 | H39: =1.806*O39 -> 5291.58 | O39: 2930 | V39: کد591921 | AF39: 5000 | AI39: CM | AQ39: آزمایش پرتو نگاری | BG39: 3.3.18
A41: =SUM(A43:G50)+SUM('INS-TANK-B (5)'!A19:G46) -> 1.5237672e+08 | AL41: TK-141 | AQ41: Dirty Oil نصب و اجرای مخزن | BG41: 3.4
A43: =H43*AF43 -> 2345452.2 | H43: =1.806*O43 -> 469090.44 | O43: 259740 | V43: کد 591301 - ردیف 1 | AF43: 5 | AI43: Ton | AQ43: تخلیه ، بار اندازی و صفافی مصالح | BG43: 3.4.1
A45: =H45*AF45 -> 9409083 | H45: =1.806*O45 -> 15681805 | O45: 8683170 | V45: کد 591302 - ردیف 1 | AF45: 0.6 | AI45: Ton | AQ45: نصب و جوشکاری کف مخزن | BG45: 3.4.2
A47: =H47*AF47 -> 44193001 | H47: =1.806*O47 -> 22096500 | O47: 12235050 | V47: کد 591303 - ردیف 1 | AF47: 2 | AI47: Ton | AQ47: نصب و جوشکاری بدنه مخزن | BG47: 3.4.3
A49: =H49*AF49 -> 9690977.9 | H49: =1.806*O49 -> 19381956 | O49: 10731980 | V49: کد 591304 - ردیف 1 | AF49: 0.5 | AI49: Ton | AQ49: نصب و جوشکاری سقف ثابت مخزن | BG49: 3.4.4

Sheet INS-TANK-B (5)
N1: Basic Design Study and FEED Package Preparation for Construct New KOOPAL (ASMARI & BANGESTAN) Desalting Unit
A5: Hirgan Energy Eng. Co. | AW5: NISOC
A7: Project No.: 53-51-91215 | N7: Document Title : MECH. BASIC DESIGN MTO & COST ESTIMATION REPORT | AW7: Contract No.: 53-73-1264
A10: Consult. Proj. No.: 9104 | N10: Proj. | T10: Loc. | Z10: Disc. | AF10: Type | AL10: Seq. | AR10: Rev. | AW10: Page No: | BB10: 83 | BD10: of | BF10: 109
N11: 91215 | T11: KPL | Z11: ME | AF11: RE | AL11: 476 | AR11: R03
A13: برآورد اجراو نصب تجهیزات مکانیک بر اساس فهرست بهای اختصاصی تاسیسات نفت و گاز، رشته نصب واحدهای بهره برداری نفت و گاز -1393
A14: BANGESTAN TRAIN
A16: هزینه تمام شده مطابق فهرست بها (ریال) | H16: بهای واحد بــها با اعمال ضریب (ریال) * | O16: بهای واحد بــها بدون اعمال ضریب (ریال) | V16: ردیف فهرست بهای نفت سال 93 | AF16: مقدار | AI16: واحد | AL16: شماره تجهیز | AQ16: شرح | BG16: ردیف
A19: =H19*AF19 -> 2497698 | H19: =1.806*O19 -> 24976980 | O19: 13830000 | V19: کد 591308 | AF19: 0.1 | AI19: Ton | AQ19: نصب و جوشکاری سازه سقف ثابت مخزن | BG19: 3.4.5
A21: =H21*AF21 -> 11059944 | H21: =1.806*O21 -> 27649.86 | O21: 15310 | V21: کد 591307 | AF21: 400 | AI21: Kg | AQ21: نصب و جوشکاری پله بدنه | BG21: 3.4.6
A23: =H23*AF23 -> 922613.16 | H23: =1.806*O23 -> 131801.88 | O23: 72980 | V23: کد 591741 - ردیف 1 | AF23: 7 | AI23: M2 | AQ23: سند بلاست کف مخازن سقف ثابت | BG23: 3.4.7
A25: =H25*AF25 -> 7907571 | H25: =1.806*O25 -> 158151.42 | O25: 87570 | V25: کد 591741 - ردیف 3 | AF25: 50 | AI25: M2 | AQ25: سند بلاست بدنه خارجی مخازن و سقف ثابت | BG25: 3.4.8
A27: =H27*AF27 -> 0 | H27: =1.806*O27 -> 0 | V27: کد 591741 - ردیف 4 | AF27: 0 | AI27: M2 | AQ27: اضافه بهای سند بلاست خارجی بابت ارتفاع بیش از 5 متر | BG27: 3.4.9
A29: =H29*AF29 -> 7907571 | H29: =1.806*O29 -> 158151.42 | O29: 87570 | V29: کد 591741 - ردیف 3 | AF29: 50 | AI29: M2 | AQ29: سند بلاست داخل مخزن | BG29: 3.4.10
A31: =H31*AF31 -> 0 | H31: =1.806*O31 -> 0 | V31: کد 591741 - ردیف 4 | AF31: 0 | AI31: M2 | AQ31: اضافه بهای سند بلاست داخلی بابت ارتفاع بیش از 5 متر | BG31: 3.4.11
A33: =H33*AF33 -> 3044916 | H33: =1.806*O33 -> 30449.16 | O33: 16860 | V33: کد 591742 - ردیف 2 | AF33: 100 | AI33: M2 | AQ33: رنگ امیزی سطوح داخل و خارج مخزن | BG33: 3.4.12
A35: =H35*AF35 -> 0 | H35: =1.806*O35 -> 0 | V35: کد 591742 - ردیف 3 | AF35: 0 | AI35: M2 | AQ35: اضافه بهای رنگ امیزی بابت ارتفاع بیش از 5 متر | BG35: 3.4.13
A37: =H37*AF37 -> 4777773 | H37: =1.806*O37 -> 95555.46 | O37: 52910 | V37: کد 591731- ردیف 3 | AF37: 50 | AI37: M2 | AQ37: مصالح رنگ خارجی پرایمر | BG37: 3.4.14
A39: =H39*AF39 -> 1232595 | H39: =1.806*O39 -> 24651.9 | O39: 13650 | V39: کد 591731- ردیف 12 | AF39: 50 | AI39: M2 | AQ39: مصالح رنگ خارجی بدنه نهایی و میانی | BG39: 3.4.15
A41: =H41*AF41 -> 45150000 | H41: =1.806*O41 -> 903000 | O41: 500000 | V41: خارج از فهرست بها | AF41: 50 | AI41: M2 | AQ41: مصالح پوشش داخلی | BG41: 3.4.16
A43: =H43*AF43 -> 650051.64 | H43: =1.806*O43 -> 30954.84 | O43: 17140 | V43: کد591901ردیف 1 | AF43: 21 | AI43: M3 | AQ43: تست هیدرواستاتیک | BG43: 3.4.17
A45: =H45*AF45 -> 1587474 | H45: =1.806*O45 -> 5291.58 | O45: 2930 | V45: کد591921 | AF45: 300 | AI45: CM | AQ45: آزمایش پرتو نگاری | BG45: 3.4.18
A47: =SUM(A49)+SUM('INS-TANK-B (6)'!A19:G50)+SUM('INS-TANK-B (7)'!A19:G22) -> 1.2137487e+09 | AL47: TK-142 | AQ47: Skimmer نصب و اجرای مخزن | BG47: 3.5
A49: =H49*AF49 -> 28145426 | H49: =1.806*O49 -> 469090.44 | O49: 259740 | V49: کد 591301 - ردیف 1 | AF49: 60 | AI49: Ton | AQ49: تخلیه ، بار اندازی و صفافی مصالح | BG49: 3.5.1

Sheet INS-TANK-B (6)
N1: Basic Design Study and FEED Package Preparation for Construct New KOOPAL (ASMARI & BANGESTAN) Desalting Unit
A5: Hirgan Energy Eng. Co. | AW5: NISOC
A7: Project No.: 53-51-91215 | N7: Document Title : MECH. BASIC DESIGN MTO & COST ESTIMATION REPORT | AW7: Contract No.: 53-73-1264
A10: Consult. Proj. No.: 9104 | N10: Proj. | T10: Loc. | Z10: Disc. | AF10: Type | AL10: Seq. | AR10: Rev. | AW10: Page No: | BB10: 84 | BD10: of | BF10: 109
N11: 91215 | T11: KPL | Z11: ME | AF11: RE | AL11: 476 | AR11: R03
A13: برآورد اجراو نصب تجهیزات مکانیک بر اساس فهرست بهای اختصاصی تاسیسات نفت و گاز، رشته نصب واحدهای بهره برداری نفت و گاز -1393
A14: BANGESTAN TRAIN
A16: هزینه تمام شده مطابق فهرست بها (ریال) | H16: بهای واحد بــها با اعمال ضریب (ریال) * | O16: بهای واحد بــها بدون اعمال ضریب (ریال) | V16: ردیف فهرست بهای نفت سال 93 | AF16: مقدار | AI16: واحد | AL16: شماره تجهیز | AQ16: شرح | BG16: ردیف
A19: =H19*AF19 -> 1.1761354e+08 | H19: =1.806*O19 -> 15681805 | O19: 8683170 | V19: کد 591302 - ردیف 1 | AF19: 7.5 | AI19: Ton | AQ19: نصب و جوشکاری کف مخزن | BG19: 3.5.2
A21: =H21*AF21 -> 2.872545e+08 | H21: =1.806*O21 -> 22096500 | O21: 12235050 | V21: کد 591303 - ردیف 1 | AF21: 13 | AI21: Ton | AQ21: نصب و جوشکاری بدنه مخزن | BG21: 3.5.3
A23: =H23*AF23 -> 1.5505565e+08 | H23: =1.806*O23 -> 19381956 | O23: 10731980 | V23: کد 591304 - ردیف 1 | AF23: 8 | AI23: Ton | AQ23: نصب و جوشکاری سقف ثابت مخزن | BG23: 3.5.4
A25: =H25*AF25 -> 49953960 | H25: =1.806*O25 -> 24976980 | O25: 13830000 | V25: کد 591308 | AF25: 2 | AI25: Ton | AQ25: نصب و جوشکاری سازه سقف ثابت مخزن | BG25: 3.5.5
A27: =H27*AF27 -> 82949.58 | H27: =1.806*O27 -> 27649.86 | O27: 15310 | V27: کد 591307 | AF27: 3 | AI27: Kg | AQ27: نصب و جوشکاری پله بدنه | BG27: 3.5.6
A29: =H29*AF29 -> 13180188 | H29: =1.806*O29 -> 131801.88 | O29: 72980 | V29: کد 591741 - ردیف 1 | AF29: 100 | AI29: M2 | AQ29: سند بلاست کف مخازن سقف ثابت | BG29: 3.5.7
A31: =H31*AF31 -> 47445426 | H31: =1.806*O31 -> 158151.42 | O31: 87570 | V31: کد 591741 - ردیف 3 | AF31: 300 | AI31: M2 | AQ31: سند بلاست بدنه خارجی مخازن و سقف ثابت | BG31: 3.5.8
A33: =H33*AF33 -> 0 | H33: =1.806*O33 -> 0 | V33: کد 591741 - ردیف 4 | AF33: 0 | AI33: M2 | AQ33: اضافه بهای سند بلاست خارجی بابت ارتفاع بیش از 5 متر | BG33: 3.5.9
A35: =H35*AF35 -> 47445426 | H35: =1.806*O35 -> 158151.42 | O35: 87570 | V35: کد 591741 - ردیف 3 | AF35: 300 | AI35: M2 | AQ35: سند بلاست داخل مخزن | BG35: 3.5.10
A37: =H37*AF37 -> 0 | H37: =1.806*O37 -> 0 | V37: کد 591741 - ردیف 4 | AF37: 0 | AI37: M2 | AQ37: اضافه بهای سند بلاست داخلی بابت ارتفاع بیش از 5 متر | BG37: 3.5.11
A39: =H39*AF39 -> 24359328 | H39: =1.806*O39 -> 30449.16 | O39: 16860 | V39: کد 591742 - ردیف 2 | AF39: 800 | AI39: M2 | AQ39: رنگ امیزی سطوح داخل و خارج مخزن | BG39: 3.5.12
A41: =H41*AF41 -> 0 | H41: =1.806*O41 -> 0 | V41: کد 591742 - ردیف 3 | AF41: 0 | AI41: M2 | AQ41: اضافه بهای رنگ امیزی بابت ارتفاع بیش از 5 متر | BG41: 3.5.13
A43: =H43*AF43 -> 38222184 | H43: =1.806*O43 -> 95555.46 | O43: 52910 | V43: کد 591731- ردیف 3 | AF43: 400 | AI43: M2 | AQ43: مصالح رنگ خارجی پرایمر | BG43: 3.5.14
A45: =H45*AF45 -> 9860760 | H45: =1.806*O45 -> 24651.9 | O45: 13650 | V45: کد 591731- ردیف 12 | AF45: 400 | AI45: M2 | AQ45: مصالح رنگ خارجی بدنه نهایی و میانی | BG45: 3.5.15
A47: =H47*AF47 -> 270900000 | H47: =1.806*O47 -> 903000 | O47: 500000 | V47: خارج از فهرست بها | AF47: 300 | AI47: M2 | AQ47: مصالح پوشش داخلی | BG47: 3.5.16
A49: =H49*AF49 -> 12165252 | H49: =1.806*O49 -> 30954.84 | O49: 17140 | V49: کد591901ردیف 1 | AF49: 393 | AI49: M3 | AQ49: تست هیدرواستاتیک | BG49: 3.5.17

Sheet INS-TANK-B (7)
N1: Basic Design Study and FEED Package Preparation for Construct New KOOPAL (ASMARI & BANGESTAN) Desalting Unit
A5: Hirgan Energy Eng. Co. | AW5: NISOC
A7: Project No.: 53-51-91215 | N7: Document Title : MECH. BASIC DESIGN MTO & COST ESTIMATION REPORT | AW7: Contract No.: 53-73-1264
A10: Consult. Proj. No.: 9104 | N10: Proj. | T10: Loc. | Z10: Disc. | AF10: Type | AL10: Seq. | AR10: Rev. | AW10: Page No: | BB10: 85 | BD10: of | BF10: 109
N11: 91215 | T11: KPL | Z11: ME | AF11: RE | AL11: 476 | AR11: R03
A13: برآورد اجراو نصب تجهیزات مکانیک بر اساس فهرست بهای اختصاصی تاسیسات نفت و گاز، رشته نصب واحدهای بهره برداری نفت و گاز -1393
A14: BANGESTAN TRAIN
A16: هزینه تمام شده مطابق فهرست بها (ریال) | H16: بهای واحد بــها با اعمال ضریب (ریال) * | O16: بهای واحد بــها بدون اعمال ضریب (ریال) | V16: ردیف فهرست بهای نفت سال 93 | AF16: مقدار | AI16: واحد | AL16: شماره تجهیز | AQ16: شرح | BG16: ردیف
A19: =H19*AF19 -> 3704106 | H19: =1.806*O19 -> 5291.58 | O19: 2930 | V19: کد591921 | AF19: 700 | AI19: CM | AQ19: آزمایش پرتو نگاری | BG19: 3.5.18
A21: =H21*AF21 -> 108360000 | H21: =1.806*O21 -> 54180 | O21: 30000 | V21: خارج از فهرست بها | AF21: 2000 | AI21: Kg | AQ21: نصب اجزا داخلی | BG21: 3.5.19
A23: =SUM(A25:G50)+SUM('INS-TANK-B (8)'!A19:G28) -> 1.4282361e+09 | AL23: TK-143 | AQ23: Disposal نصب و اجرای مخزن | BG23: 3.6
A25: =H25*AF25 -> 32836331 | H25: =1.806*O25 -> 469090.44 | O25: 259740 | V25: کد 591301 - ردیف 1 | AF25: 70 | AI25: Ton | AQ25: تخلیه ، بار اندازی و صفافی مصالح | BG25: 3.6.1
A27: =H27*AF27 -> 78409025 | H27: =1.806*O27 -> 15681805 | O27: 8683170 | V27: کد 591302 - ردیف 1 | AF27: 5 | AI27: Ton | AQ27: نصب و جوشکاری کف مخزن | BG27: 3.6.2
A29: =H29*AF29 -> 6.1870201e+08 | H29: =1.806*O29 -> 22096500 | O29: 12235050 | V29: کد 591303 - ردیف 1 | AF29: 28 | AI29: Ton | AQ29: نصب و جوشکاری بدنه مخزن | BG29: 3.6.3
A31: =H31*AF31 -> 77527824 | H31: =1.806*O31 -> 19381956 | O31: 10731980 | V31: کد 591304 - ردیف 1 | AF31: 4 | AI31: Ton | AQ31: نصب و جوشکاری سقف ثابت مخزن | BG31: 3.6.4
A33: =H33*AF33 -> 24976980 | H33: =1.806*O33 -> 24976980 | O33: 13830000 | V33: کد 591308 | AF33: 1 | AI33: Ton | AQ33: نصب و جوشکاری سازه سقف ثابت مخزن | BG33: 3.6.5
A35: =H35*AF35 -> 138249.3 | H35: =1.806*O35 -> 27649.86 | O35: 15310 | V35: کد 591307 | AF35: 5 | AI35: Kg | AQ35: نصب و جوشکاری پله بدنه | BG35: 3.6.6
A37: =H37*AF37 -> 6590094 | H37: =1.806*O37 -> 131801.88 | O37: 72980 | V37: کد 591741 - ردیف 1 | AF37: 50 | AI37: M2 | AQ37: سند بلاست کف مخازن سقف ثابت | BG37: 3.6.7
A39: =H39*AF39 -> 50608454 | H39: =1.806*O39 -> 158151.42 | O39: 87570 | V39: کد 591741 - ردیف 3 | AF39: 320 | AI39: M2 | AQ39: سند بلاست بدنه خارجی مخازن و سقف ثابت | BG39: 3.6.8
A41: =H41*AF41 -> 2373084 | H41: =1.806*O41 -> 19775.7 | O41: 10950 | V41: کد 591741 - ردیف 4 | AF41: 120 | AI41: M2 | AQ41: اضافه بهای سند بلاست خارجی بابت ارتفاع بیش از 5 متر | BG41: 3.6.9
A43: =H43*AF43 -> 63260568 | H43: =1.806*O43 -> 158151.42 | O43: 87570 | V43: کد 591741 - ردیف 3 | AF43: 400 | AI43: M2 | AQ43: سند بلاست داخل مخزن | BG43: 3.6.10
A45: =H45*AF45 -> 2373084 | H45: =1.806*O45 -> 19775.7 | O45: 10950 | V45: کد 591741 - ردیف 4 | AF45: 120 | AI45: M2 | AQ45: اضافه بهای سند بلاست داخلی بابت ارتفاع بیش از 5 متر | BG45: 3.6.11
A47: =H47*AF47 -> 27404244 | H47: =1.806*O47 -> 30449.16 | O47: 16860 | V47: کد 591742 - ردیف 2 | AF47: 900 | AI47: M2 | AQ47: رنگ امیزی سطوح داخل و خارج مخزن | BG47: 3.6.12
A49: =H49*AF49 -> 901555.2 | H49: =1.806*O49 -> 3756.48 | O49: 2080 | V49: کد 591742 - ردیف 3 | AF49: 240 | AI49: M2 | AQ49: اضافه بهای رنگ امیزی بابت ارتفاع بیش از 5 متر | BG49: 3.6.13

Sheet INS-TANK-B (8)
N1: Basic Design Study and FEED Package Preparation for Construct New KOOPAL (ASMARI & BANGESTAN) Desalting Unit
A5: Hirgan Energy Eng. Co. | AW5: NISOC
A7: Project No.: 53-51-91215 | N7: Document Title : MECH. BASIC DESIGN MTO & COST ESTIMATION REPORT | AW7: Contract No.: 53-73-1264
A10: Consult. Proj. No.: 9104 | N10: Proj. | T10: Loc. | Z10: Disc. | AF10: Type | AL10: Seq. | AR10: Rev. | AW10: Page No: | BB10: 86 | BD10: of | BF10: 109
N11: 91215 | T11: KPL | Z11: ME | AF11: RE | AL11: 476 | AR11: R03
A13: برآورد اجراو نصب تجهیزات مکانیک بر اساس فهرست بهای اختصاصی تاسیسات نفت و گاز، رشته نصب واحدهای بهره برداری نفت و گاز -1393
A14: BANGESTAN TRAIN
A16: هزینه تمام شده مطابق فهرست بها (ریال) | H16: بهای واحد بــها با اعمال ضریب (ریال) * | O16: بهای واحد بــها بدون اعمال ضریب (ریال) | V16: ردیف فهرست بهای نفت سال 93 | AF16: مقدار | AI16: واحد | AL16: شماره تجهیز | AQ16: شرح | BG16: ردیف
A19: =H19*AF19 -> 47777730 | H19: =1.806*O19 -> 95555.46 | O19: 52910 | V19: کد 591731- ردیف 3 | AF19: 500 | AI19: M2 | AQ19: مصالح رنگ خارجی پرایمر | BG19: 3.6.14
A21: =H21*AF21 -> 12325950 | H21: =1.806*O21 -> 24651.9 | O21: 13650 | V21: کد 591731- ردیف 12 | AF21: 500 | AI21: M2 | AQ21: مصالح رنگ خارجی بدنه نهایی و میانی | BG21: 3.6.15
A23: =H23*AF23 -> 361200000 | H23: =1.806*O23 -> 903000 | O23: 500000 | V23: خارج از فهرست بها | AF23: 400 | AI23: M2 | AQ23: مصالح پوشش داخلی | BG23: 3.6.16
A25: =H25*AF25 -> 15539330 | H25: =1.806*O25 -> 30954.84 | O25: 17140 | V25: کد591901ردیف 1 | AF25: 502 | AI25: M3 | AQ25: تست هیدرواستاتیک | BG25: 3.6.17
A27: =H27*AF27 -> 5291580 | H27: =1.806*O27 -> 5291.58 | O27: 2930 | V27: کد591921 | AF27: 1000 | AI27: CM | AQ27: آزمایش پرتو نگاری | BG27: 3.6.18
A29: =SUM(A31:G50)+SUM('INS-TANK-B (9)'!A19:G34) -> 1.2585216e+09 | AL29: TK-161 | AQ29: Dilution Water نصب و اجرای مخزن | BG29: 3.7
A31: =H31*AF31 -> 32836331 | H31: =1.806*O31 -> 469090.44 | O31: 259740 | V31: کد 591301 - ردیف 1 | AF31: 70 | AI31: Ton | AQ31: تخلیه ، بار اندازی و صفافی مصالح | BG31: 3.7.1
A33: =H33*AF33 -> 78409025 | H33: =1.806*O33 -> 15681805 | O33: 8683170 | V33: کد 591302 - ردیف 1 | AF33: 5 | AI33: Ton | AQ33: نصب و جوشکاری کف مخزن | BG33: 3.7.2
A35: =H35*AF35 -> 6.1870201e+08 | H35: =1.806*O35 -> 22096500 | O35: 12235050 | V35: کد 591303 - ردیف 1 | AF35: 28 | AI35: Ton | AQ35: نصب و جوشکاری بدنه مخزن | BG35: 3.7.3
A37: =H37*AF37 -> 77527824 | H37: =1.806*O37 -> 19381956 | O37: 10731980 | V37: کد 591304 - ردیف 1 | AF37: 4 | AI37: Ton | AQ37: نصب و جوشکاری سقف ثابت مخزن | BG37: 3.7.4
A39: =H39*AF39 -> 24976980 | H39: =1.806*O39 -> 24976980 | O39: 13830000 | V39: کد 591308 | AF39: 1 | AI39: Ton | AQ39: نصب و جوشکاری سازه سقف ثابت مخزن | BG39: 3.7.5
A41: =H41*AF41 -> 138249.3 | H41: =1.806*O41 -> 27649.86 | O41: 15310 | V41: کد 591307 | AF41: 5 | AI41: Kg | AQ41: نصب و جوشکاری پله بدنه | BG41: 3.7.6
A43: =H43*AF43 -> 15816226 | H43: =1.806*O43 -> 131801.88 | O43: 72980 | V43: کد 591741 - ردیف 1 | AF43: 120 | AI43: M2 | AQ43: سند بلاست کف مخازن سقف ثابت | BG43: 3.7.7
A45: =H45*AF45 -> 50608454 | H45: =1.806*O45 -> 158151.42 | O45: 87570 | V45: کد 591741 - ردیف 3 | AF45: 320 | AI45: M2 | AQ45: سند بلاست بدنه خارجی مخازن و سقف ثابت | BG45: 3.7.8
A47: =H47*AF47 -> 2373084 | H47: =1.806*O47 -> 19775.7 | O47: 10950 | V47: کد 591741 - ردیف 4 | AF47: 120 | AI47: M2 | AQ47: اضافه بهای سند بلاست خارجی بابت ارتفاع بیش از 5 متر | BG47: 3.7.9
A49: =H49*AF49 -> 63260568 | H49: =1.806*O49 -> 158151.42 | O49: 87570 | V49: کد 591741 - ردیف 3 | AF49: 400 | AI49: M2 | AQ49: سند بلاست داخل مخزن | BG49: 3.7.10

Sheet INS-TANK-B (9)
N1: Basic Design Study and FEED Package Preparation for Construct New KOOPAL (ASMARI & BANGESTAN) Desalting Unit
A5: Hirgan Energy Eng. Co. | AW5: NISOC
A7: Project No.: 53-51-91215 | N7: Document Title : MECH. BASIC DESIGN MTO & COST ESTIMATION REPORT | AW7: Contract No.: 53-73-1264
A10: Consult. Proj. No.: 9104 | N10: Proj. | T10: Loc. | Z10: Disc. | AF10: Type | AL10: Seq. | AR10: Rev. | AW10: Page No: | BB10: 87 | BD10: of | BF10: 109
N11: 91215 | T11: KPL | Z11: ME | AF11: RE | AL11: 476 | AR11: R03
A13: برآورد اجراو نصب تجهیزات مکانیک بر اساس فهرست بهای اختصاصی تاسیسات نفت و گاز، رشته نصب واحدهای بهره برداری نفت و گاز -1393
A14: BANGESTAN TRAIN
A16: هزینه تمام شده مطابق فهرست بها (ریال) | H16: بهای واحد بــها با اعمال ضریب (ریال) * | O16: بهای واحد بــها بدون اعمال ضریب (ریال) | V16: ردیف فهرست بهای نفت سال 93 | AF16: مقدار | AI16: واحد | AL16: شماره تجهیز | AQ16: شرح | BG16: ردیف
A19: =H19*AF19 -> 4746168 | H19: =1.806*O19 -> 19775.7 | O19: 10950 | V19: کد 591741 - ردیف 4 | AF19: 240 | AI19: M2 | AQ19: اضافه بهای سند بلاست داخلی بابت ارتفاع بیش از 5 متر | BG19: 3.7.11
A21: =H21*AF21 -> 27404244 | H21: =1.806*O21 -> 30449.16 | O21: 16860 | V21: کد 591742 - ردیف 2 | AF21: 900 | AI21: M2 | AQ21: رنگ امیزی سطوح داخل و خارج مخزن | BG21: 3.7.12
A23: =H23*AF23 -> 187824 | H23: =1.806*O23 -> 3756.48 | O23: 2080 | V23: کد 591742 - ردیف 3 | AF23: 50 | AI23: M2 | AQ23: اضافه بهای رنگ امیزی بابت ارتفاع بیش از 5 متر | BG23: 3.7.13
A25: =H25*AF25 -> 47777730 | H25: =1.806*O25 -> 95555.46 | O25: 52910 | V25: کد 591731- ردیف 3 | AF25: 500 | AI25: M2 | AQ25: مصالح رنگ خارجی پرایمر | BG25: 3.7.14
A27: =H27*AF27 -> 12325950 | H27: =1.806*O27 -> 24651.9 | O27: 13650 | V27: کد 591731- ردیف 12 | AF27: 500 | AI27: M2 | AQ27: مصالح رنگ خارجی بدنه نهایی و میانی | BG27: 3.7.15
A29: =H29*AF29 -> 180600000 | H29: =1.806*O29 -> 451500 | O29: 250000 | V29: خارج از فهرست بها | AF29: 400 | AI29: M2 | AQ29: مصالح پوشش داخلی | BG29: 3.7.16
A31: =H31*AF31 -> 15539330 | H31: =1.806*O31 -> 30954.84 | O31: 17140 | V31: کد591901ردیف 1 | AF31: 502 | AI31: M3 | AQ31: تست هیدرواستاتیک | BG31: 3.7.17
A33: =H33*AF33 -> 5291580 | H33: =1.806*O33 -> 5291.58 | O33: 2930 | V33: کد591921 | AF33: 1000 | AI33: CM | AQ33: آزمایش پرتو نگاری | BG33: 3.7.18

Sheet INS-TANK-C (1)
N1: Basic Design Study and FEED Package Preparation for Construct New KOOPAL (ASMARI & BANGESTAN) Desalting Unit
A5: Hirgan Energy Eng. Co. | AW5: NISOC
A7: Project No.: 53-51-91215 | N7: Document Title : MECH. BASIC DESIGN MTO & COST ESTIMATION REPORT | AW7: Contract No.: 53-73-1264
A10: Consult. Proj. No.: 9104 | N10: Proj. | T10: Loc. | Z10: Disc. | AF10: Type | AL10: Seq. | AR10: Rev. | AW10: Page No: | BB10: 88 | BD10: of | BF10: 109
N11: 91215 | T11: KPL | Z11: ME | AF11: RE | AL11: 476 | AR11: R03
A13: برآورد اجراو نصب تجهیزات مکانیک بر اساس فهرست بهای اختصاصی تاسیسات نفت و گاز، رشته نصب واحدهای بهره برداری نفت و گاز -1393
A14: COMMON (ASMARI & BANGESTAN TRAINS)
A16: هزینه تمام شده مطابق فهرست بها (ریال) | H16: بهای واحد بــها با اعمال ضریب (ریال) * | O16: بهای واحد بــها بدون اعمال ضریب (ریال) | V16: ردیف فهرست بهای نفت سال 93 | AF16: مقدار | AI16: واحد | AL16: شماره تجهیز | AQ16: شرح | BG16: ردیف
A19: =A21+'INS-TANK-C (2)'!A21+'INS-TANK-C (3)'!A25 -> 4.69315e+09 | AQ19: نصب مخازن ذخیره اتمسفریک | BG19: 3
A21: =SUM(A23:G44)+SUM('INS-TANK-C (2)'!A19:G20) -> 2.1956409e+08 | AQ21: Elevated Potable Water نصب و اجرای مخزن | BG21: 3.1
A23: =H23*AF23 -> 4690904.4 | H23: =1.806*O23 -> 469090.44 | O23: 259740 | V23: کد 591301 - ردیف 1 | AF23: 10 | AI23: Ton | AQ23: تخلیه ، بار اندازی و صفافی مصالح | BG23: 3.1.1
A25: =H25*AF25 -> 28227249 | H25: =1.806*O25 -> 15681805 | O25: 8683170 | V25: کد 591302 - ردیف 1 | AF25: 1.8 | AI25: Ton | AQ25: نصب و جوشکاری کف مخزن | BG25: 3.1.2
A27: =H27*AF27 -> 79547401 | H27: =1.806*O27 -> 22096500 | O27: 12235050 | V27: کد 591303 - ردیف 1 | AF27: 3.6 | AI27: Ton | AQ27: نصب و جوشکاری بدنه مخزن | BG27: 3.1.3
A29: =H29*AF29 -> 34887521 | H29: =1.806*O29 -> 19381956 | O29: 10731980 | V29: کد 591304 - ردیف 1 | AF29: 1.8 | AI29: Ton | AQ29: نصب و جوشکاری سقف ثابت مخزن | BG29: 3.1.4
A31: =H31*AF31 -> 125798.4 | H31: =1.68*1.04*O31 -> 62899.2 | O31: 36000 | V31: کد 90501 فهرست بهای ابنیه - 1393 ** | AF31: 2 | AI31: Kg | AQ31: نصب و جوشکاری سازه نگهدارنده مخزن | BG31: 3.1.5
A33: =H33*AF33 -> 75479.04 | H33: =1.68*1.04*O33 -> 62899.2 | O33: 36000 | V33: کد 90501 فهرست بهای ابنیه - 1393 ** | AF33: 1.2 | AI33: Kg | AQ33: نصب و جوشکاری پله بدنه و سایر متعلقات | BG33: 3.1.6
A35: =H35*AF35 -> 3954056.4 | H35: =1.806*O35 -> 131801.88 | O35: 72980 | V35: کد 591741 - ردیف 1 | AF35: 30 | AI35: M2 | AQ35: سند بلاست کف مخازن سقف ثابت | BG35: 3.1.7
A37: =H37*AF37 -> 18978170 | H37: =1.806*O37 -> 158151.42 | O37: 87570 | V37: کد 591741 - ردیف 3 | AF37: 120 | AI37: M2 | AQ37: سند بلاست بدنه خارجی مخازن و سقف ثابت | BG37: 3.1.8
A39: =H39*AF39 -> 22141199 | H39: =1.806*O39 -> 158151.42 | O39: 87570 | V39: کد 591741 - ردیف 3 | AF39: 140 | AI39: M2 | AQ39: سند بلاست داخل مخزن | BG39: 3.1.9
A41: =H41*AF41 -> 9428042.4 | H41: =1.806*O41 -> 30413.04 | O41: 16840 | V41: کد 591742 - ردیف 2 | AF41: 310 | AI41: M2 | AQ41: رنگ امیزی سطوح داخل و خارج مخزن | BG41: 3.1.10
A43: =H43*AF43 -> 14333319 | H43: =1.806*O43 -> 95555.46 | O43: 52910 | V43: کد 591731- ردیف 3 | AF43: 150 | AI43: M2 | AQ43: مصالح رنگ خارجی پرایمر | BG43: 3.1.11
A45: =H45*AF45 -> 3697785 | H45: =1.806*O45 -> 24651.9 | O45: 13650 | V45: کد 591731- ردیف 12 | AF45: 150 | AI45: M2 | AQ45: مصالح رنگ خارجی بدنه نهایی و میانی | BG45: 3.1.12
A47: =H47*AF47 -> 3451266 | H47: =1.806*O47 -> 24651.9 | O47: 13650 | V47: کد 591731- ردیف 12 | AF47: 140 | AI47: M2 | AQ47: مصالح رنگ داخلی بدنه و کف (سه لایه پرایمر،میانی و نهایی) | BG47: 3.1.13
A49: =H49*AF49 -> 3497896.9 | H49: =1.806*O49 -> 30954.84 | O49: 17140 | V49: کد591901ردیف 1 | AF49: 113 | AI49: M3 | AQ49: تست هیدرواستاتیک | BG49: 3.1.14

Sheet INS-TANK-C (2)
N1: Basic Design Study and FEED Package Preparation for Construct New KOOPAL (ASMARI & BANGESTAN) Desalting Unit
A5: Hirgan Energy Eng. Co. | AW5: NISOC
A7: Project No.: 53-51-91215 | N7: Document Title : MECH. BASIC DESIGN MTO & COST ESTIMATION REPORT | AW7: Contract No.: 53-73-1264
A10: Consult. Proj. No.: 9104 | N10: Proj. | T10: Loc. | Z10: Disc. | AF10: Type | AL10: Seq. | AR10: Rev. | AW10: Page No: | BB10: 89 | BD10: of | BF10: 109
N11: 91215 | T11: KPL | Z11: ME | AF11: RE | AL11: 476 | AR11: R03
A13: برآورد اجراو نصب تجهیزات مکانیک بر اساس فهرست بهای اختصاصی تاسیسات نفت و گاز، رشته نصب واحدهای بهره برداری نفت و گاز -1393
A14: COMMON (ASMARI & BANGESTAN TRAINS)
A16: هزینه تمام شده مطابق فهرست بها (ریال) | H16: بهای واحد بــها با اعمال ضریب (ریال) * | O16: بهای واحد بــها بدون اعمال ضریب (ریال) | V16: ردیف فهرست بهای نفت سال 93 | AF16: مقدار | AI16: واحد | AL16: شماره تجهیز | AQ16: شرح | BG16: ردیف
A19: =H19*AF19 -> 3174948 | H19: =1.806*O19 -> 5291.58 | O19: 2930 | V19: کد591921 | AF19: 600 | AI19: CM | AQ19: آزمایش پرتو نگاری | BG19: 3.1.15
A21: =SUM(A23:G42)+SUM('INS-TANK-C (3)'!A19:G24) -> 4.4472612e+09 | AL21: TK-270 A/B | AQ21: Fire Water نصب و اجرای مخازن | BG21: 3.2
A23: =H23*AF23 -> 117272610 | H23: =1.806*O23 -> 469090.44 | O23: 259740 | V23: کد 591301 - ردیف 1 | AF23: 250 | AI23: Ton | AQ23: تخلیه ، بار اندازی و صفافی مصالح | BG23: 3.2.1
A25: =H25*AF25 -> 4.3909054e+08 | H25: =1.806*O25 -> 15681805 | O25: 8683170 | V25: کد 591302 - ردیف 1 | AF25: 28 | AI25: Ton | AQ25: نصب و جوشکاری کف مخزن | BG25: 3.2.2
A27: =H27*AF27 -> 1988685027 | H27: =1.806*O27 -> 22096500 | O27: 12235050 | V27: کد 591303 - ردیف 1 | AF27: 90 | AI27: Ton | AQ27: نصب و جوشکاری بدنه مخزن | BG27: 3.2.3
A29: =H29*AF29 -> 7.3651432e+08 | H29: =1.806*O29 -> 19381956 | O29: 10731980 | V29: کد 591304 - ردیف 1 | AF29: 38 | AI29: Ton | AQ29: نصب و جوشکاری سقف ثابت مخزن | BG29: 3.2.4
A31: =H31*AF31 -> 497697.48 | H31: =1.806*O31 -> 27649.86 | O31: 15310 | V31: کد 591307 | AF31: 18 | AI31: Kg | AQ31: نصب و جوشکاری پله بدنه | BG31: 3.2.5
A33: =H33*AF33 -> 47448677 | H33: =1.806*O33 -> 131801.88 | O33: 72980 | V33: کد 591741 - ردیف 1 | AF33: 360 | AI33: M2 | AQ33: سند بلاست کف مخازن سقف ثابت | BG33: 3.2.6
A35: =H35*AF35 -> 2.2141199e+08 | H35: =1.806*O35 -> 158151.42 | O35: 87570 | V35: کد 591741 - ردیف 3 | AF35: 1400 | AI35: M2 | AQ35: سند بلاست بدنه خارجی مخازن و سقف ثابت | BG35: 3.2.7
A37: =H37*AF37 -> 19775700 | H37: =1.806*O37 -> 19775.7 | O37: 10950 | V37: کد 591741 - ردیف 4 | AF37: 1000 | AI37: M2 | AQ37: اضافه بهای سند بلاست خارجی بابت ارتفاع بیش از 5 متر | BG37: 3.2.8
A39: =H39*AF39 -> 1.897817e+08 | H39: =1.806*O39 -> 158151.42 | O39: 87570 | V39: کد 591741 - ردیف 3 | AF39: 1200 | AI39: M2 | AQ39: سند بلاست داخل مخزن | BG39: 3.2.9
A41: =H41*AF41 -> 19775700 | H41: =1.806*O41 -> 19775.7 | O41: 10950 | V41: کد 591741 - ردیف 4 | AF41: 1000 | AI41: M2 | AQ41: اضافه بهای سند بلاست داخلی بابت ارتفاع بیش از 5 متر | BG41: 3.2.10
A43: =H43*AF43 -> 79167816 | H43: =1.806*O43 -> 30449.16 | O43: 16860 | V43: کد 591742 - ردیف 2 | AF43: 2600 | AI43: M2 | AQ43: رنگ امیزی سطوح داخل و خارج مخزنها | BG43: 3.2.11
A45: =H45*AF45 -> 7512960 | H45: =1.806*O45 -> 3756.48 | O45: 2080 | V45: کد 591742 - ردیف 3 | AF45: 2000 | AI45: M2 | AQ45: اضافه بهای رنگ امیزی بابت ارتفاع بیش از 5 متر | BG45: 3.2.12
... A49: =H49*AF49 -> 34512660 | H49: =1.806*O49 -> 24651.9 | O49: 13650 | V49: کد 591731- ردیف 12 | AF49: 1400 | AI49: M2 | AQ49: مصالح رنگ خارجی بدنه نهایی و میانی | BG49: 3.2.14

Sheet INS-TANK-C (3)
N1: Basic Design Study and FEED Package Preparation for Construct New KOOPAL (ASMARI & BANGESTAN) Desalting Unit
A5: Hirgan Energy Eng. Co. | AW5: NISOC
A7: Project No.: 53-51-91215 | N7: Document Title : MECH. BASIC DESIGN MTO & COST ESTIMATION REPORT | AW7: Contract No.: 53-73-1264
A10: Consult. Proj. No.: 9104 | N10: Proj. | T10: Loc. | Z10: Disc. | AF10: Type | AL10: Seq. | AR10: Rev. | AW10: Page No: | BB10: 90 | BD10: of | BF10: 109
N11: 91215 | T11: KPL | Z11: ME | AF11: RE | AL11: 476 | AR11: R03
A13: برآورد اجراو نصب تجهیزات مکانیک بر اساس فهرست بهای اختصاصی تاسیسات نفت و گاز، رشته نصب واحدهای بهره برداری نفت و گاز -1393
A14: COMMON (ASMARI & BANGESTAN TRAINS)
A16: هزینه تمام شده مطابق فهرست بها (ریال) | H16: بهای واحد بــها با اعمال ضریب (ریال) * | O16: بهای واحد بــها بدون اعمال ضریب (ریال) | V16: ردیف فهرست بهای نفت سال 93 | AF16: مقدار | AI16: واحد | AL16: شماره تجهیز | AQ16: شرح | BG16: ردیف
A19: =H19*AF19 -> 541800000 | H19: =1.806*O19 -> 451500 | O19: 250000 | V19: خارج از فهرست بها | AF19: 1200 | AI19: M2 | AQ19: مصالح پوشش داخلی | BG19: 3.2.15
A21: =H21*AF21 -> 1.0933249e+08 | H21: =1.806*O21 -> 30954.84 | O21: 17140 | V21: کد591901-ردیف 1 | AF21: 3532 | AI21: M3 | AQ21: تست هیدرواستاتیک | BG21: 3.2.16
A23: =H23*AF23 -> 15874740 | H23: =1.806*O23 -> 5291.58 | O23: 2930 | V23: کد591921 | AF23: 3000 | AI23: CM | AQ23: آزمایش پرتو نگاری | BG23: 3.2.17
A25: =SUM(A27:G40)+SUM('INS-TANK-C (4)'!A19:G20) -> 26324715 | AL25: TK-154 | AQ25: Pumps Cooling Water نصب و اجرای مخزن | BG25: 3.3
A27: =H27*AF27 -> 703635.66 | H27: =1.806*O27 -> 469090.44 | O27: 259740 | V27: کد 591301 - ردیف 1 | AF27: 1.5 | AI27: Ton | AQ27: تخلیه ، بار اندازی و صفافی مصالح | BG27: 3.3.1
A29: =H29*AF29 -> 3136361 | H29: =1.806*O29 -> 15681805 | O29: 8683170 | V29: کد 591302 - ردیف 1 | AF29: 0.2 | AI29: Ton | AQ29: نصب و جوشکاری کف مخزن | BG29: 3.3.2
A31: =H31*AF31 -> 11048250 | H31: =1.806*O31 -> 22096500 | O31: 12235050 | V31: کد 591303 - ردیف 1 | AF31: 0.5 | AI31: Ton | AQ31: نصب و جوشکاری بدنه مخزن | BG31: 3.3.3
A33: =H33*AF33 -> 4845489 | H33: =1.806*O33 -> 19381956 | O33: 10731980 | V33: کد 591304 - ردیف 1 | AF33: 0.25 | AI33: Ton | AQ33: نصب و جوشکاری سقف ثابت مخزن | BG33: 3.3.4
A35: =H35*AF35 -> 2764986 | H35: =1.806*O35 -> 27649.86 | O35: 15310 | V35: کد 591307 | AF35: 100 | AI35: Kg | AQ35: نصب و جوشکاری پله بدنه | BG35: 3.3.5
A37: =H37*AF37 -> 395405.64 | H37: =1.806*O37 -> 131801.88 | O37: 72980 | V37: کد 591741 - ردیف 1 | AF37: 3 | AI37: M2 | AQ37: سند بلاست کف مخازن سقف ثابت | BG37: 3.3.6
A39: =H39*AF39 -> 2372271.3 | H39: =1.806*O39 -> 158151.42 | O39: 87570 | V39: کد 591741 - ردیف 3 | AF39: 15 | AI39: M2 | AQ39: سند بلاست بدنه خارجی مخازن و سقف ثابت | BG39: 3.3.7
A41: =H41*AF41 -> 2688574.1 | H41: =1.806*O41 -> 158151.42 | O41: 87570 | V41: کد 591741 - ردیف 3 | AF41: 17 | AI41: M2 | AQ41: سند بلاست داخل مخزن | BG41: 3.3.8
A43: =H43*AF43 -> 883025.64 | H43: =1.806*O43 -> 30449.16 | O43: 16860 | V43: کد 591742 - ردیف 2 | AF43: 29 | AI43: M2 | AQ43: رنگ امیزی سطوح داخل و خارج مخزن | BG43: 3.3.9
A45: =H45*AF45 -> 1433331.9 | H45: =1.806*O45 -> 95555.46 | O45: 52910 | V45: کد 591731- ردیف 3 | AF45: 15 | AI45: M2 | AQ45: مصالح رنگ خارجی پرایمر | BG45: 3.3.10
A47: =H47*AF47 -> 369778.5 | H47: =1.806*O47 -> 24651.9 | O47: 13650 | V47: کد 591731- ردیف 12 | AF47: 15 | AI47: M2 | AQ47: مصالح رنگ خارجی بدنه نهایی و میانی | BG47: 3.3.11
A49: =H49*AF49 -> 154774.2 | H49: =1.806*O49 -> 30954.84 | O49: 17140 | V49: کد591901-ردیف 1 | AF49: 5 | AI49: M3 | AQ49: تست هیدرواستاتیک | BG49: 3.3.12

Sheet INS-TANK-C (4)
N1: Basic Design Study and FEED Package Preparation for Construct New KOOPAL (ASMARI & BANGESTAN) Desalting Unit
A5: Hirgan Energy Eng. Co. | AW5: NISOC
A7: Project No.: 53-51-91215 | N7: Document Title : MECH. BASIC DESIGN MTO & COST ESTIMATION REPORT | AW7: Contract No.: 53-73-1264
A10: Consult. Proj. No.: 9104 | N10: Proj. | T10: Loc. | Z10: Disc. | AF10: Type | AL10: Seq. | AR10: Rev. | AW10: Page No: | BB10: 91 | BD10: of | BF10: 109
N11: 91215 | T11: KPL | Z11: ME | AF11: RE | AL11: 476 | AR11: R03
A13: برآورد اجراو نصب تجهیزات مکانیک بر اساس فهرست بهای اختصاصی تاسیسات نفت و گاز، رشته نصب واحدهای بهره برداری نفت و گاز -1393
A14: COMMON (ASMARI & BANGESTAN TRAINS)
A16: هزینه تمام شده مطابق فهرست بها (ریال) | H16: بهای واحد بــها با اعمال ضریب (ریال) * | O16: بهای واحد بــها بدون اعمال ضریب (ریال) | V16: ردیف فهرست بهای نفت سال 93 | AF16: مقدار | AI16: واحد | AL16: شماره تجهیز | AQ16: شرح | BG16: ردیف
A19: =H19*AF19 -> 1058316 | H19: =1.806*O19 -> 5291.58 | O19: 2930 | V19: کد591921 | AF19: 200 | AI19: CM | AQ19: آزمایش پرتو نگاری | BG19: 3.3.13

Sheet INS-HE-A
N1: Basic Design Study and FEED Package Preparation for Construct New KOOPAL (ASMARI & BANGESTAN) Desalting Unit
A5: Hirgan Energy Eng. Co. | AW5: NISOC
A7: Project No.: 53-51-91215 | N7: Document Title : MECH. BASIC DESIGN MTO & COST ESTIMATION REPORT | AW7: Contract No.: 53-73-1264
A10: Consult. Proj. No.: 9104 | N10: Proj. | T10: Loc. | Z10: Disc. | AF10: Type | AL10: Seq. | AR10: Rev. | AW10: Page No: | BB10: 92 | BD10: of | BF10: 109
N11: 91215 | T11: KPL | Z11: ME | AF11: RE | AL11: 476 | AR11: R03
A13: برآورد اجراو نصب تجهیزات مکانیک بر اساس فهرست بهای اختصاصی تاسیسات نفت و گاز، رشته نصب واحدهای بهره برداری نفت و گاز -1393
A14: ASMARI TRAIN
A16: هزینه تمام شده مطابق فهرست بها (ریال) | H16: بهای واحد بــها با اعمال ضریب (ریال) * | O16: بهای واحد بــها بدون اعمال ضریب (ریال) | V16: ردیف فهرست بهای نفت سال 93 | AF16: مقدار | AI16: واحد | AL16: شماره تجهیز | AQ16: شرح | BG16: ردیف
A19: =SUM(A21:G24) -> 15327522 | AQ19: نصب مبدلهای حرارتی | BG19: 4
A21: =H21*AF21 -> 13349952 | H21: =1.806*O21 -> 4171.86 | O21: 2310 | V21: کد 591111 ردیف 3 | AF21: 3200 | AI21: Kg | AL21: E-111 | AQ21: Salty Crude / Desalted Crude Heat Exchanger | BG21: 4.1
A23: =H23*AF23 -> 1977570 | H23: =1.806*O23 -> 3955.14 | O23: 2190 | V23: کد 591111 ردیف 1 | AF23: 500 | AI23: Kg | AL23: E-112 | AQ23: Dilution Water / Waste Water Heat Exchanger | BG23: 4.2

Sheet INS-HE-B
N1: Basic Design Study and FEED Package Preparation for Construct New KOOPAL (ASMARI & BANGESTAN) Desalting Unit
A5: Hirgan Energy Eng. Co. | AW5: NISOC
A7: Project No.: 53-51-91215 | N7: Document Title : MECH. BASIC DESIGN MTO & COST ESTIMATION REPORT | AW7: Contract No.: 53-73-1264
A10: Consult. Proj. No.: 9104 | N10: Proj. | T10: Loc. | Z10: Disc. | AF10: Type | AL10: Seq. | AR10: Rev. | AW10: Page No: | BB10: 93 | BD10: of | BF10: 109
N11: 91215 | T11: KPL | Z11: ME | AF11: RE | AL11: 476 | AR11: R03
A13: برآورد اجراو نصب تجهیزات مکانیک بر اساس فهرست بهای اختصاصی تاسیسات نفت و گاز، رشته نصب واحدهای بهره برداری نفت و گاز -1393
A14: BANGESTAN TRAIN
A16: هزینه تمام شده مطابق فهرست بها (ریال) | H16: بهای واحد بــها با اعمال ضریب (ریال) * | O16: بهای واحد بــها بدون اعمال ضریب (ریال) | V16: ردیف فهرست بهای نفت سال 93 | AF16: مقدار | AI16: واحد | AL16: شماره تجهیز | AQ16: شرح | BG16: ردیف
A19: =SUM(A21:G24) -> 6073578 | AQ19: نصب مبدلهای حرارتی | BG19: 4
A21: =H21*AF21 -> 4096008 | H21: =1.806*O21 -> 3413.34 | O21: 1890 | V21: کد 591111 ردیف 2 | AF21: 1200 | AI21: Kg | AL21: E-121 | AQ21: Salty Crude / Desalted Crude Heat Exchanger | BG21: 4.1
A23: =H23*AF23 -> 1977570 | H23: =1.806*O23 -> 3955.14 | O23: 2190 | V23: کد 591111 ردیف 1 | AF23: 500 | AI23: Kg | AL23: E-122 | AQ23: Dilution Water / Waste Water Heat Exchanger | BG23: 4.2

Sheet INS-HE-C
N1: Basic Design Study and FEED Package Preparation for Construct New KOOPAL (ASMARI & BANGESTAN) Desalting Unit
A5: Hirgan Energy Eng. Co. | AW5: NISOC
A7: Project No.: 53-51-91215 | N7: Document Title : MECH. BASIC DESIGN MTO & COST ESTIMATION REPORT | AW7: Contract No.: 53-73-1264
A10: Consult. Proj. No.: 9104 | N10: Proj. | T10: Loc. | Z10: Disc. | AF10: Type | AL10: Seq. | AR10: Rev. | AW10: Page No: | BB10: 94 | BD10: of | BF10: 109
N11: 91215 | T11: KPL | Z11: ME | AF11: RE | AL11: 476 | AR11: R03
A13: برآورد اجراو نصب تجهیزات مکانیک بر اساس فهرست بهای اختصاصی تاسیسات نفت و گاز، رشته نصب واحدهای بهره برداری نفت و گاز -1393
A14: COMMON (ASMARI & BANGESTAN TRAINS)
A16: هزینه تمام شده مطابق فهرست بها (ریال) | H16: بهای واحد بــها با اعمال ضریب (ریال) * | O16: بهای واحد بــها بدون اعمال ضریب (ریال) | V16: ردیف فهرست بهای نفت سال 93 | AF16: مقدار | AI16: واحد | AL16: شماره تجهیز | AQ16: شرح | BG16: ردیف
A19: =SUM(A21:G22) -> 8533350 | AQ19: نصب مبدلهای حرارتی | BG19: 4
A21: =H21*AF21 -> 8533350 | H21: =1.806*O21 -> 3413.34 | O21: 1890 | V21: کد 591111 ردیف 1 | AF21: 2500 | AI21: Kg | AL21: E-151 | AQ21: Chilling Unit (Deaeration System) | BG21: 4.1

Sheet INS-PUMP-A (1)
N1: Basic Design Study and FEED Package Preparation for Construct New KOOPAL (ASMARI & BANGESTAN) Desalting Unit
A5: Hirgan Energy Eng. Co. | AW5: NISOC
A7: Project No.: 53-51-91215 | N7: Document Title : MECH. BASIC DESIGN MTO & COST ESTIMATION REPORT | AW7: Contract No.: 53-73-1264
A10: Consult. Proj. No.: 9104 | N10: Proj. | T10: Loc. | Z10: Disc. | AF10: Type | AL10: Seq. | AR10: Rev. | AW10: Page No: | BB10: 95 | BD10: of | BF10: 109
N11: 91215 | T11: KPL | Z11: ME | AF11: RE | AL11: 476 | AR11: R03
A13: برآورد اجراو نصب تجهیزات مکانیک بر اساس فهرست بهای اختصاصی تاسیسات نفت و گاز، رشته نصب واحدهای بهره برداری نفت و گاز -1393
A14: ASMARI TRAIN
A16: هزینه تمام شده مطابق فهرست بها (ریال) | H16: بهای واحد بــها با اعمال ضریب (ریال) * | O16: بهای واحد بــها بدون اعمال ضریب (ریال) | V16: ردیف فهرست بهای نفت سال 93 | AF16: مقدار | AI16: واحد | AL16: شماره تجهیز | AQ16: شرح | BG16: ردیف
A19: =SUM(A21:G50)+SUM('INS-PUMP-A (2)'!A19:G24) -> 478543044 | AQ19: نصب پمپ ها | BG19: 5
A21: =H21*AF21 -> 57972600 | H21: =1.806*O21 -> 9662.1 | O21: 5350 | V21: کد 591001 ردیف 03 | AF21: 6000 | AI21: Kg | AL21: P-111 A/B/C | AQ21: Salty Crude Transfer Pumps | BG21: 5.1
A23: =H23*AF23 -> 69350400 | H23: =1.806*O23 -> 7224 | O23: 4000 | V23: کد 591001 ردیف 04 | AF23: 9600 | AI23: Kg | AL23: P-114 A/B/C | AQ23: Salty Crude Booster Pumps | BG23: 5.2
A25: =H25*AF25 -> 17265360 | H25: =1.806*O25 -> 17265.36 | O25: 9560 | V25: کد 591001 ردیف 01 | AF25: 1000 | AI25: Kg | AL25: P-135 A/B | AQ25: Dirty Oil Pumps | BG25: 5.3
A27: =H27*AF27 -> 16384032 | H27: =1.806*O27 -> 13653.36 | O27: 7560 | V27: کد 591001 ردیف 02 | AF27: 1200 | AI27: Kg | AL27: P-136 A/B | AQ27: Free Water Transfer Pumps | BG27: 5.4
A29: =H29*AF29 -> 48310500 | H29: =1.806*O29 -> 9662.1 | O29: 5350 | V29: کد 591001 ردیف 03 | AF29: 5000 | AI29: Kg | AL29: P-137 A/B | AQ29: Disposal Water Injection Main Pumps | BG29: 5.5
A31: =H31*AF31 -> 38648400 | H31: =1.806*O31 -> 9662.1 | O31: 5350 | V31: کد 591001 ردیف 03 | AF31: 4000 | AI31: Kg | AL31: P-139 A/B | AQ31: Disposal Water Injection Booster Pumps | BG31: 5.6
A33: =H33*AF33 -> 32768064 | H33: =1.806*O33 -> 13653.36 | O33: 7560 | V33: کد 591001 ردیف 02 | AF33: 2400 | AI33: Kg | AL33: P-151 A/B | AQ33: Dilution Water Pumps | BG33: 5.7
A35: =H35*AF35 -> 8632680 | H35: =1.806*O35 -> 17265.36 | O35: 9560 | V35: کد 591001 ردیف 01 | AF35: 500 | AI35: Kg | AL35: P-152 | AQ35: Dilution Water Pump | BG35: 5.8
A37: =H37*AF37 -> 16384032 | H37: =1.806*O37 -> 13653.36 | O37: 7560 | V37: کد 591001 ردیف 02 | AF37: 1200 | AI37: Kg | AL37: P-171 A/B | AQ37: Flare K.O Drum Pumps | BG37: 5.9
A39: =H39*AF39 -> 27306720 | H39: =1.806*O39 -> 13653.36 | O39: 7560 | V39: کد 591001 ردیف 02 | AF39: 2000 | AI39: Kg | AL39: P-231 A/B | AQ39: Oil-Water Separator Oil Pumps | BG39: 5.1
A41: =H41*AF41 -> 16384032 | H41: =1.806*O41 -> 13653.36 | O41: 7560 | V41: کد 591001 ردیف 02 | AF41: 1200 | AI41: Kg | AL41: P-232 A/B | AQ41: Oil-Water Separator Water Pumps | BG41: 5.11
A43: =H43*AF43 -> 19114704 | H43: =1.806*O43 -> 13653.36 | O43: 7560 | V43: کد 591001 ردیف 02 | AF43: 1400 | AI43: Kg | AL43: P-234 A/B | AQ43: Closed Drain Drum Pumps | BG43: 5.12
... A49: =H49*AF49 -> 17265360 | H49: =1.806*O49 -> 17265.36 | O49: 9560 | V49: کد 591001 ردیف 01 | AF49: 1000 | AI49: Kg | AL49: P-131 A/B | AQ49: IGF De-oiled Waste Booster Pumps | BG49: 5.15

Sheet INS-PUMP-A (2)
N1: Basic Design Study and FEED Package Preparation for Construct New KOOPAL (ASMARI & BANGESTAN) Desalting Unit
A5: Hirgan Energy Eng. Co. | AW5: NISOC
A7: Project No.: 53-51-91215 | N7: Document Title : MECH. BASIC DESIGN MTO & COST ESTIMATION REPORT | AW7: Contract No.: 53-73-1264
A10: Consult. Proj. No.: 9104 | N10: Proj. | T10: Loc. | Z10: Disc. | AF10: Type | AL10: Seq. | AR10: Rev. | AW10: Page No: | BB10: 96 | BD10: of | BF10: 109
N11: 91215 | T11: KPL | Z11: ME | AF11: RE | AL11: 476 | AR11: R03
A13: برآورد اجراو نصب تجهیزات مکانیک بر اساس فهرست بهای اختصاصی تاسیسات نفت و گاز، رشته نصب واحدهای بهره برداری نفت و گاز -1393
A14: ASMARI TRAIN
A16: هزینه تمام شده مطابق فهرست بها (ریال) | H16: بهای واحد بــها با اعمال ضریب (ریال) * | O16: بهای واحد بــها بدون اعمال ضریب (ریال) | V16: ردیف فهرست بهای نفت سال 93 | AF16: مقدار | AI16: واحد | AL16: شماره تجهیز | AQ16: شرح | BG16: ردیف
A19: =H19*AF19 -> 17265360 | H19: =1.806*O19 -> 17265.36 | O19: 9560 | V19: کد 591001 ردیف 01 | AF19: 1000 | AI19: Kg | AL19: P-132 A/B | AQ19: IGF De-oiled Waste Booster Pumps | BG19: 5.16
A21: =H21*AF21 -> 17265360 | H21: =1.806*O21 -> 17265.36 | O21: 9560 | V21: کد 591001 ردیف 01 | AF21: 1000 | AI21: Kg | AL21: P-133 A/B | AQ21: IGF Recovered Waste Oil Pumps | BG21: 5.17
A23: =H23*AF23 -> 19114704 | H23: =1.806*O23 -> 13653.36 | O23: 7560 | V23: کد 591001 ردیف 02 | AF23: 1400 | AI23: Kg | AL23: P-134 A/B | AQ23: IGF Oily Sludge Pumps | BG23: 5.18

Sheet INS-PUMP-B (1)
N1: Basic Design Study and FEED Package Preparation for Construct New KOOPAL (ASMARI & BANGESTAN) Desalting Unit
A5: Hirgan Energy Eng. Co. | AW5: NISOC
A7: Project No.: 53-51-91215 | N7: Document Title : MECH. BASIC DESIGN MTO & COST ESTIMATION REPORT | AW7: Contract No.: 53-73-1264
A10: Consult. Proj. No.: 9104 | N10: Proj. | T10: Loc. | Z10: Disc. | AF10: Type | AL10: Seq. | AR10: Rev. | AW10: Page No: | BB10: 97 | BD10: of | BF10: 109
