Workbook

Sheet ماشین_حساب
B1: ماشین‌حساب قیمت پمپ — انتقال قیمت قدیم به سال هدف
B2: فقط خانه‌های زرد را پر کنید. بقیه خودکار محاسبه می‌شود. روش: تبدیل به یورو ← تعدیل با شاخص قیمت پمپ (PPI) ← کف قیمت پمپ API ← تبدیل با نرخ یوروی سال هدف.
B4: الف) ورودی‌ها
B5: ورودی | D5: مقدار | F5: راهنما
B6: نوع پمپ | D6: گریز از مرکز API 610 | F6: از لیست انتخاب کنید. کف قیمت فقط به «گریز از مرکز API 610» با کلاس S یا D اعمال می‌شود.
B7: کلاس مواد API 610 | D7: D2 | F7: از دیتاشیت (مثلاً S6، D1، I2). اگر نمی‌دانید «نامشخص».
B8: قیمت واحد پایه | D8: 260000 | F8: قیمت یک دستگاه در منبع قدیمی، به همان ارزی که در منبع آمده.
B9: ارز قیمت پایه | D9: EUR | F9: EUR / USD / IRR
B10: سال پایه (شمسی) | D10: 1393 | F10: سال تاریخ قیمت/استعلام منبع (نه سال انتشار گزارش).
B11: نرخ تسعیر منبع (ریال به ازای یورو) — اختیاری | F11: فقط برای قیمت ریالی. اگر منبع ریال را از یورو ساخته، همان نرخ را بنویسید (گچساران ۴ = ۴۵۵٬۶۹۲؛ پازنان ۱۴۰۴ = ۶۹۵٬۲۹۹). خالی = نرخ جدول Indices.
B12: سال هدف (شمسی) | D12: 1405 | F12: سالی که قیمت را برای آن می‌خواهید.
B13: نرخ یورو هدف (ریال) — اختیاری | F13: خالی = نرخ سال هدف در Indices. برای نرخ روز یا مرکز مبادله اینجا بنویسید.
B14: تعداد | D14: 2 | F14: تعداد دستگاه (مثلاً A/B = ۲).
B15: هزینه گمرک/حمل/ترخیص (٪ از قیمت) | D15: 0 | F15: برای کالای وارداتی؛ برای ساخت داخل صفر. مثال: CSV پمپ‌ها ۶٪.
B16: اعمال کف قیمت | D16: خودکار | F16: خودکار = طبق نوع و کلاس؛ یا اجباری بله/خیر.
B18: ب) مراحل محاسبه (خودکار)
B19: مرحله | D19: مقدار | F19: توضیح
B20: ۱. نرخ تبدیل ارز پایه به یورو | D20: =IF(D9="EUR",1,IF(D9="USD",INDEX(Indices!$E$51:$E$71,MATCH(D10,Indices!$A$51:$A$71,0)),IF(D11<>"",D11,INDEX(Indices!$G$51:$G$71,MATCH(D10,Indices!$A$51:$A$71,0))))) -> 1 | F20: یورو=۱؛ دلار=نرخ یورو/دلار سال پایه؛ ریال=نرخ تسعیر منبع یا نرخ سال پایه
B21: ۲. قیمت پایه به یورو | D21: =D8/D20 -> 260000 | F21: لنگر یورویی قیمت
B22: ۳. شاخص قیمت پمپ در سال پایه | D22: =INDEX(Indices!$C$51:$C$71,MATCH(D10,Indices!$A$51:$A$71,0)) -> 91.347 | F22: Eurostat C28.13 (۲۰۲۱=۱۰۰)
B23: ۴. شاخص قیمت پمپ در سال هدف | D23: =INDEX(Indices!$C$51:$C$71,MATCH(D12,Indices!$A$51:$A$71,0)) -> 125.8845 | F23: برای ۱۴۰۵ به بعد پیش‌بینی است
B24: ۵. ضریب تعدیل یورویی | D24: =D23/D22 -> 1.3780913 | F24: رشد قیمت پمپ به یورو بین دو سال
B25: ۶. قیمت یورویی تعدیل‌شده | D25: =D21*D24 -> 358303.73
B26: ۷. مشمول کف قیمت؟ | D26: =IF(D16="بله","بله",IF(D16="خیر","خیر",IF(AND(D6="گریز از مرکز API 610",OR(LEFT(D7,1)="S",LEFT(D7,1)="D")),"بله","خیر"))) -> بله | F26: پمپ کوچک API بازار امروز ارزان‌تر از این حد ندارد
B27: ۸. کف قیمت در سال هدف (یورو) | D27: =Val_EUR_Pumps!$E$16*D23/INDEX(Indices!$C$51:$C$71,MATCH(1404,Indices!$A$51:$A$71,0)) -> 25500 | F27: ۲۵٬۰۰۰ یورو در سطح ۱۴۰۴ × رشد شاخص
B28: ۹. قیمت یورویی نهایی (واحد) | D28: =IF(D26="بله",MAX(D25,D27),D25) -> 358303.73
B29: ۱۰. نرخ یورو سال هدف (ریال) | D29: =IF(D13<>"",D13,INDEX(Indices!$G$51:$G$71,MATCH(D12,Indices!$A$51:$A$71,0))) -> 2875000 | F29: دستی یا از Indices
B30: ۱۱. قیمت ریالی واحد (بدون گمرک) | D30: =D28*D29 -> 1.0301232e+12
B31: ۱۲. گمرک/حمل/ترخیص (ریال، واحد) | D31: =D30*D15 -> 0
B33: ج) نتیجه
B34: قیمت واحد (ریال) | D34: =D30+D31 -> 1.0301232e+12
B35: قیمت کل (ریال) | D35: =D34*D14 -> 2.0602465e+12
B36: قیمت کل (تومان) | D36: =D35/10 -> 2.0602465e+11
B37: قیمت کل (یورو) | D37: =D28*(1+D15)*D14 -> 716607.46
B38: قیمت کل (دلار) | D38: =D37*INDEX(Indices!$E$51:$E$71,MATCH(D12,Indices!$A$51:$A$71,0)) -> 824098.58
B40: هشدار: | D40: =IF(D10>D12,"سال پایه بعد از سال هدف است. ","")&IF(D6="آتش‌نشانی","پمپ آتش‌نشانی: دامنه کار (پمپ تنها یا پکیج NFPA 20) را مشخص کنید؛ پراکندگی استعلام‌ها بسیار زیاد است. ","")&IF(D6="پکیج تزریق مواد","پکیج تزریق: روش روی ۱۱ پکیج پازنان آزموده شده (خطای حدود ±۱۰٪). ","")&IF(D12>=1405,"شاخص پمپ برای ۱۴۰۵ پیش‌بینی است (رشد در Indices!C4). ","")&IF(AND(D9="IRR",D11=""),"قیمت ریالی بدون نرخ تسعیر منبع: نرخ تقریبی Indices استفاده شد. ","") -> شاخص پمپ برای ۱۴۰۵ پیش‌بینی است (رشد در Indices!C4).
B43: د) محاسبه چندقلمی (سال هدف، نرخ یورو هدف و درصد گمرک از بخش الف خوانده می‌شوند)
B44: Tag/شرح | C44: نوع پمپ | D44: کلاس | E44: قیمت واحد پایه | F44: ارز | G44: سال پایه | H44: نرخ تسعیر منبع (اختیاری) | I44: تعداد | J44: کف قیمت | K44: یورو پایه | L44: ضریب PPI | M44: یورو نهایی (واحد) | N44: ریال واحد | O44: ریال کل
B45: KPL P-111 A/B/C | C45: جابه‌جایی مثبت (دنده‌ای/پیچی) | D45: D1 | E45: 55000 | F45: EUR | G45: 1388 | I45: 3 | J45: خودکار | K45: =IF(E45="","",E45/IF(F45="EUR",1,IF(F45="USD",INDEX(Indices!$E$51:$E$71,MATCH(G45,Indices!$A$51:$A$71,0)),IF(H45<>"",H45,INDEX(Indices!$G$51:$G$71,MATCH(G45,Indices!$A$51:$A$71,0)))))) -> 55000 | L45: =IF(E45="","",INDEX(Indices!$C$51:$C$71,MATCH($D$12,Indices!$A$51:$A$71,0))/INDEX(Indices!$C$51:$C$71,MATCH(G45,Indices!$A$51:$A$71,0))) -> 1.5013597 | M45: =IF(E45="","",IF(OR(J45="بله",AND(J45<>"خیر",C45="گریز از مرکز API 610",OR(LEFT(D45,1)="S",LEFT(D45,1)="D"))),MAX(K45*L45,$D$27),K45*L45)) -> 82574.781 | N45: =IF(E45="","",M45*$D$29*(1+$D$15)) -> 2.374025e+11 | O45: =IF(E45="","",N45*I45) -> 7.1220749e+11
B46: Gachsaran P-103 | C46: گریز از مرکز API 610 | D46: S6 | E46: 13215061212 | F46: IRR | G46: 1402 | H46: 455692 | I46: 1 | J46: خودکار | K46: =IF(E46="","",E46/IF(F46="EUR",1,IF(F46="USD",INDEX(Indices!$E$51:$E$71,MATCH(G46,Indices!$A$51:$A$71,0)),IF(H46<>"",H46,INDEX(Indices!$G$51:$G$71,MATCH(G46,Indices!$A$51:$A$71,0)))))) -> 28999.985 | L46: =IF(E46="","",INDEX(Indices!$C$51:$C$71,MATCH($D$12,Indices!$A$51:$A$71,0))/INDEX(Indices!$C$51:$C$71,MATCH(G46,Indices!$A$51:$A$71,0))) -> 1.0556264 | M46: =IF(E46="","",IF(OR(J46="بله",AND(J46<>"خیر",C46="گریز از مرکز API 610",OR(LEFT(D46,1)="S",LEFT(D46,1)="D"))),MAX(K46*L46,$D$27),K46*L46)) -> 30613.15 | N46: =IF(E46="","",M46*$D$29*(1+$D$15)) -> 8.8012806e+10 | O46: =IF(E46="","",N46*I46) -> 8.8012806e+10
B47: Pazanan P-210 A/B | C47: پرتابل/کوچک | D47: نامشخص | E47: 100000000 | F47: IRR | G47: 1393 | I47: 2 | J47: خودکار | K47: =IF(E47="","",E47/IF(F47="EUR",1,IF(F47="USD",INDEX(Indices!$E$51:$E$71,MATCH(G47,Indices!$A$51:$A$71,0)),IF(H47<>"",H47,INDEX(Indices!$G$51:$G$71,MATCH(G47,Indices!$A$51:$A$71,0)))))) -> 2467.2595 | L47: =IF(E47="","",INDEX(Indices!$C$51:$C$71,MATCH($D$12,Indices!$A$51:$A$71,0))/INDEX(Indices!$C$51:$C$71,MATCH(G47,Indices!$A$51:$A$71,0))) -> 1.3780913 | M47: =IF(E47="","",IF(OR(J47="بله",AND(J47<>"خیر",C47="گریز از مرکز API 610",OR(LEFT(D47,1)="S",LEFT(D47,1)="D"))),MAX(K47*L47,$D$27),K47*L47)) -> 3400.1087 | N47: =IF(E47="","",M47*$D$29*(1+$D$15)) -> 9.7753126e+09 | O47: =IF(E47="","",N47*I47) -> 1.9550625e+10
J48: خودکار | K48: =IF(E48="","",E48/IF(F48="EUR",1,IF(F48="USD",INDEX(Indices!$E$51:$E$71,MATCH(G48,Indices!$A$51:$A$71,0)),IF(H48<>"",H48,INDEX(Indices!$G$51:$G$71,MATCH(G48,Indices!$A$51:$A$71,0)))))) | L48: =IF(E48="","",INDEX(Indices!$C$51:$C$71,MATCH($D$12,Indices!$A$51:$A$71,0))/INDEX(Indices!$C$51:$C$71,MATCH(G48,Indices!$A$51:$A$71,0))) | M48: =IF(E48="","",IF(OR(J48="بله",AND(J48<>"خیر",C48="گریز از مرکز API 610",OR(LEFT(D48,1)="S",LEFT(D48,1)="D"))),MAX(K48*L48,$D$27),K48*L48)) | N48: =IF(E48="","",M48*$D$29*(1+$D$15)) | O48: =IF(E48="","",N48*I48)
J49: خودکار | K49: =IF(E49="","",E49/IF(F49="EUR",1,IF(F49="USD",INDEX(Indices!$E$51:$E$71,MATCH(G49,Indices!$A$51:$A$71,0)),IF(H49<>"",H49,INDEX(Indices!$G$51:$G$71,MATCH(G49,Indices!$A$51:$A$71,0)))))) | L49: =IF(E49="","",INDEX(Indices!$C$51:$C$71,MATCH($D$12,Indices!$A$51:$A$71,0))/INDEX(Indices!$C$51:$C$71,MATCH(G49,Indices!$A$51:$A$71,0))) | M49: =IF(E49="","",IF(OR(J49="بله",AND(J49<>"خیر",C49="گریز از مرکز API 610",OR(LEFT(D49,1)="S",LEFT(D49,1)="D"))),MAX(K49*L49,$D$27),K49*L49)) | N49: =IF(E49="","",M49*$D$29*(1+$D$15)) | O49: =IF(E49="","",N49*I49)
J50: خودکار | K50: =IF(E50="","",E50/IF(F50="EUR",1,IF(F50="USD",INDEX(Indices!$E$51:$E$71,MATCH(G50,Indices!$A$51:$A$71,0)),IF(H50<>"",H50,INDEX(Indices!$G$51:$G$71,MATCH(G50,Indices!$A$51:$A$71,0)))))) | L50: =IF(E50="","",INDEX(Indices!$C$51:$C$71,MATCH($D$12,Indices!$A$51:$A$71,0))/INDEX(Indices!$C$51:$C$71,MATCH(G50,Indices!$A$51:$A$71,0))) | M50: =IF(E50="","",IF(OR(J50="بله",AND(J50<>"خیر",C50="گریز از مرکز API 610",OR(LEFT(D50,1)="S",LEFT(D50,1)="D"))),MAX(K50*L50,$D$27),K50*L50)) | N50: =IF(E50="","",M50*$D$29*(1+$D$15)) | O50: =IF(E50="","",N50*I50)
J51: خودکار | K51: =IF(E51="","",E51/IF(F51="EUR",1,IF(F51="USD",INDEX(Indices!$E$51:$E$71,MATCH(G51,Indices!$A$51:$A$71,0)),IF(H51<>"",H51,INDEX(Indices!$G$51:$G$71,MATCH(G51,Indices!$A$51:$A$71,0)))))) | L51: =IF(E51="","",INDEX(Indices!$C$51:$C$71,MATCH($D$12,Indices!$A$51:$A$71,0))/INDEX(Indices!$C$51:$C$71,MATCH(G51,Indices!$A$51:$A$71,0))) | M51: =IF(E51="","",IF(OR(J51="بله",AND(J51<>"خیر",C51="گریز از مرکز API 610",OR(LEFT(D51,1)="S",LEFT(D51,1)="D"))),MAX(K51*L51,$D$27),K51*L51)) | N51: =IF(E51="","",M51*$D$29*(1+$D$15)) | O51: =IF(E51="","",N51*I51)
J52: خودکار | K52: =IF(E52="","",E52/IF(F52="EUR",1,IF(F52="USD",INDEX(Indices!$E$51:$E$71,MATCH(G52,Indices!$A$51:$A$71,0)),IF(H52<>"",H52,INDEX(Indices!$G$51:$G$71,MATCH(G52,Indices!$A$51:$A$71,0)))))) | L52: =IF(E52="","",INDEX(Indices!$C$51:$C$71,MATCH($D$12,Indices!$A$51:$A$71,0))/INDEX(Indices!$C$51:$C$71,MATCH(G52,Indices!$A$51:$A$71,0))) | M52: =IF(E52="","",IF(OR(J52="بله",AND(J52<>"خیر",C52="گریز از مرکز API 610",OR(LEFT(D52,1)="S",LEFT(D52,1)="D"))),MAX(K52*L52,$D$27),K52*L52)) | N52: =IF(E52="","",M52*$D$29*(1+$D$15)) | O52: =IF(E52="","",N52*I52)
J53: خودکار | K53: =IF(E53="","",E53/IF(F53="EUR",1,IF(F53="USD",INDEX(Indices!$E$51:$E$71,MATCH(G53,Indices!$A$51:$A$71,0)),IF(H53<>"",H53,INDEX(Indices!$G$51:$G$71,MATCH(G53,Indices!$A$51:$A$71,0)))))) | L53: =IF(E53="","",INDEX(Indices!$C$51:$C$71,MATCH($D$12,Indices!$A$51:$A$71,0))/INDEX(Indices!$C$51:$C$71,MATCH(G53,Indices!$A$51:$A$71,0))) | M53: =IF(E53="","",IF(OR(J53="بله",AND(J53<>"خیر",C53="گریز از مرکز API 610",OR(LEFT(D53,1)="S",LEFT(D53,1)="D"))),MAX(K53*L53,$D$27),K53*L53)) | N53: =IF(E53="","",M53*$D$29*(1+$D$15)) | O53: =IF(E53="","",N53*I53)
J54: خودکار | K54: =IF(E54="","",E54/IF(F54="EUR",1,IF(F54="USD",INDEX(Indices!$E$51:$E$71,MATCH(G54,Indices!$A$51:$A$71,0)),IF(H54<>"",H54,INDEX(Indices!$G$51:$G$71,MATCH(G54,Indices!$A$51:$A$71,0)))))) | L54: =IF(E54="","",INDEX(Indices!$C$51:$C$71,MATCH($D$12,Indices!$A$51:$A$71,0))/INDEX(Indices!$C$51:$C$71,MATCH(G54,Indices!$A$51:$A$71,0))) | M54: =IF(E54="","",IF(OR(J54="بله",AND(J54<>"خیر",C54="گریز از مرکز API 610",OR(LEFT(D54,1)="S",LEFT(D54,1)="D"))),MAX(K54*L54,$D$27),K54*L54)) | N54: =IF(E54="","",M54*$D$29*(1+$D$15)) | O54: =IF(E54="","",N54*I54)
J55: خودکار | K55: =IF(E55="","",E55/IF(F55="EUR",1,IF(F55="USD",INDEX(Indices!$E$51:$E$71,MATCH(G55,Indices!$A$51:$A$71,0)),IF(H55<>"",H55,INDEX(Indices!$G$51:$G$71,MATCH(G55,Indices!$A$51:$A$71,0)))))) | L55: =IF(E55="","",INDEX(Indices!$C$51:$C$71,MATCH($D$12,Indices!$A$51:$A$71,0))/INDEX(Indices!$C$51:$C$71,MATCH(G55,Indices!$A$51:$A$71,0))) | M55: =IF(E55="","",IF(OR(J55="بله",AND(J55<>"خیر",C55="گریز از مرکز API 610",OR(LEFT(D55,1)="S",LEFT(D55,1)="D"))),MAX(K55*L55,$D$27),K55*L55)) | N55: =IF(E55="","",M55*$D$29*(1+$D$15)) | O55: =IF(E55="","",N55*I55)
J56: خودکار | K56: =IF(E56="","",E56/IF(F56="EUR",1,IF(F56="USD",INDEX(Indices!$E$51:$E$71,MATCH(G56,Indices!$A$51:$A$71,0)),IF(H56<>"",H56,INDEX(Indices!$G$51:$G$71,MATCH(G56,Indices!$A$51:$A$71,0)))))) | L56: =IF(E56="","",INDEX(Indices!$C$51:$C$71,MATCH($D$12,Indices!$A$51:$A$71,0))/INDEX(Indices!$C$51:$C$71,MATCH(G56,Indices!$A$51:$A$71,0))) | M56: =IF(E56="","",IF(OR(J56="بله",AND(J56<>"خیر",C56="گریز از مرکز API 610",OR(LEFT(D56,1)="S",LEFT(D56,1)="D"))),MAX(K56*L56,$D$27),K56*L56)) | N56: =IF(E56="","",M56*$D$29*(1+$D$15)) | O56: =IF(E56="","",N56*I56)
J57: خودکار | K57: =IF(E57="","",E57/IF(F57="EUR",1,IF(F57="USD",INDEX(Indices!$E$51:$E$71,MATCH(G57,Indices!$A$51:$A$71,0)),IF(H57<>"",H57,INDEX(Indices!$G$51:$G$71,MATCH(G57,Indices!$A$51:$A$71,0)))))) | L57: =IF(E57="","",INDEX(Indices!$C$51:$C$71,MATCH($D$12,Indices!$A$51:$A$71,0))/INDEX(Indices!$C$51:$C$71,MATCH(G57,Indices!$A$51:$A$71,0))) | M57: =IF(E57="","",IF(OR(J57="بله",AND(J57<>"خیر",C57="گریز از مرکز API 610",OR(LEFT(D57,1)="S",LEFT(D57,1)="D"))),MAX(K57*L57,$D$27),K57*L57)) | N57: =IF(E57="","",M57*$D$29*(1+$D$15)) | O57: =IF(E57="","",N57*I57)
J58: خودکار | K58: =IF(E58="","",E58/IF(F58="EUR",1,IF(F58="USD",INDEX(Indices!$E$51:$E$71,MATCH(G58,Indices!$A$51:$A$71,0)),IF(H58<>"",H58,INDEX(Indices!$G$51:$G$71,MATCH(G58,Indices!$A$51:$A$71,0)))))) | L58: =IF(E58="","",INDEX(Indices!$C$51:$C$71,MATCH($D$12,Indices!$A$51:$A$71,0))/INDEX(Indices!$C$51:$C$71,MATCH(G58,Indices!$A$51:$A$71,0))) | M58: =IF(E58="","",IF(OR(J58="بله",AND(J58<>"خیر",C58="گریز از مرکز API 610",OR(LEFT(D58,1)="S",LEFT(D58,1)="D"))),MAX(K58*L58,$D$27),K58*L58)) | N58: =IF(E58="","",M58*$D$29*(1+$D$15)) | O58: =IF(E58="","",N58*I58)
J59: خودکار | K59: =IF(E59="","",E59/IF(F59="EUR",1,IF(F59="USD",INDEX(Indices!$E$51:$E$71,MATCH(G59,Indices!$A$51:$A$71,0)),IF(H59<>"",H59,INDEX(Indices!$G$51:$G$71,MATCH(G59,Indices!$A$51:$A$71,0)))))) | L59: =IF(E59="","",INDEX(Indices!$C$51:$C$71,MATCH($D$12,Indices!$A$51:$A$71,0))/INDEX(Indices!$C$51:$C$71,MATCH(G59,Indices!$A$51:$A$71,0))) | M59: =IF(E59="","",IF(OR(J59="بله",AND(J59<>"خیر",C59="گریز از مرکز API 610",OR(LEFT(D59,1)="S",LEFT(D59,1)="D"))),MAX(K59*L59,$D$27),K59*L59)) | N59: =IF(E59="","",M59*$D$29*(1+$D$15)) | O59: =IF(E59="","",N59*I59)
... J64: خودکار | K64: =IF(E64="","",E64/IF(F64="EUR",1,IF(F64="USD",INDEX(Indices!$E$51:$E$71,MATCH(G64,Indices!$A$51:$A$71,0)),IF(H64<>"",H64,INDEX(Indices!$G$51:$G$71,MATCH(G64,Indices!$A$51:$A$71,0)))))) | L64: =IF(E64="","",INDEX(Indices!$C$51:$C$71,MATCH($D$12,Indices!$A$51:$A$71,0))/INDEX(Indices!$C$51:$C$71,MATCH(G64,Indices!$A$51:$A$71,0))) | M64: =IF(E64="","",IF(OR(J64="بله",AND(J64<>"خیر",C64="گریز از مرکز API 610",OR(LEFT(D64,1)="S",LEFT(D64,1)="D"))),MAX(K64*L64,$D$27),K64*L64)) | N64: =IF(E64="","",M64*$D$29*(1+$D$15)) | O64: =IF(E64="","",N64*I64)
B65: جمع | N65: ریال: | O65: =SUM(O45:O64) -> 8.1977092e+11
B67: سه سطر اول نمونه‌اند؛ آن‌ها را پاک یا جایگزین کنید.

Sheet راهنما
A1: راهنمای فایل: هر شیت چه می‌کند و هر نرخ به چه کار می‌آید
A3: ترتیب استفاده
A5: شیت‌ها
A6: ماشین_حساب | B6: محاسبه قیمت یک پمپ (با نمایش گام‌به‌گام) و جدول ۲۰ قلمی. ورودی‌ها زرد، نتیجه سبز.
A7: Summary | B7: جدول مقایسه ۷ روش تعدیل روی پمپ‌های یورویی و ۴ روش روی پکیج‌های ریالی، روش پیشنهادی، محدودیت‌ها و جمع بانک پمپ ۱۴۰۵. همه اعداد فرمول و متصل به شیت‌های دیگرند.
A8: Indices | B8: تنها محل نرخ‌ها و شاخص‌ها. جدول ۱: شاخص قیمت پمپ اروپا و آمریکا (میلادی). جدول ۲: سبد فلزی پمپ. جدول ۳: سری شمسی (شاخص پمپ شمسی، دلار، یورو/دلار، نرخ یورو، تورم ریالی و ارزی). تغییر هر عدد اینجا همه فایل را به‌روز می‌کند.
A9: Val_EUR_Pumps | B9: آزمون اصلی: ۱۸ پمپ پازنان ۲ با قیمت ۱۳۹۳ و استعلام واقعی ۱۴۰۴ (آریا سپهر کیهان، پمپیران، کالای پمپ). برای هر روش: پیش‌بینی، نسبت پیش‌بینی/واقعی و خطای مطلق؛ پایین شیت آمار خطا. ستون «در آمار؟» پمپ‌های آتش‌نشانی را کنار می‌گذارد؛ ستون «مشمول کف؟» تعیین می‌کند کف قیمت اعمال شود یا نه.
A10: Val_IRR_Packages | B10: آزمون مسیر ریالی: ۱۱ پکیج تزریق پازنان (قیمت ریالی ۱۳۹۳). مقایسه CPI، ضریب پازنان، مدل فعلی شما و روش پیشنهادی با استعلام ریالی واقعی و میانگین همه استعلام‌ها. پایین شیت: نرخ دلاری که روش پیشنهادی را دقیقاً منطبق می‌کند (آزمون حساسیت).
A11: Drivers | B11: تفکیک اثر عوامل ۱۳۹۳ تا ۱۴۰۳: نرخ یورو، PPI پمپ، CPI، فلزات؛ و جدول/نمودار سالانه «شاخص ریالی پمپ» در برابر CPI.
A12: Pump_Bank_Escalated | B12: ۱۱۱ ردیف پمپ مدل شما (KPL، پازنان، گچساران، CSV) با روش پیشنهادی به سال هدف (D3) + ستون مقایسه با خروجی مدل فعلی. سطرهای اشتباه‌طبقه‌بندی‌شده (جرثقیل، فیلتر، IGF، مخزن) حذف شده‌اند.
A13: Model_Issues | B13: ۱۰ ایراد یافت‌شده در مدل فعلی با محل، اثر و اصلاح.
A14: Sources | B14: لینک منابع شاخص‌ها و نرخ‌ها و فایل‌های مرجع.
A15: نرخ‌ها و ضرایب: چه هستند و چرا
A16: شاخص PPI پمپ اروپا (Eurostat C28.13) | B16: شاخص رسمی قیمت تولیدکننده پمپ و کمپرسور در منطقه یورو. موتور اصلی تعدیل است چون استعلام‌ها (حتی سازنده داخلی) به یورو داده می‌شوند. ۱۳۹۳→۱۴۰۴ ≈ ۱٫۳۵ برابر. اثر فولاد، نیکل، مس، دستمزد و انرژی سازنده داخلش هست.
A17: سهم سال شمسی (۰٫۷۹) | B17: تبدیل شاخص میلادی به شمسی: سال شمسی Y حدود ۹٫۵ ماه در سال میلادی Y+621 است. شاخص شمسی = ۰٫۷۹×میلادی(Y+621) + ۰٫۲۱×میلادی(Y+622).
A18: رشد پیش‌بینی (۲٪) و روش «فلزی» | B18: برای سال‌هایی که شاخص رسمی هنوز منتشر نشده (۲۰۲۶ به بعد). «روند» = ۲٪ ثابت؛ «فلزی» = ترکیب ۷۰٪ روند + ۳۰٪ تغییر سبد فلزی. فلزات فقط همین‌جا وارد می‌شوند تا دوباره‌شماری نشود.
A19: سبد فلزی پمپ (فولاد ۶۰٪، مس ۲۵٪، نیکل ۱۲٪، مولیبدن ۳٪) | B19: برای nowcast و تحلیل حساسیت. نشان می‌دهد اثر مستقیم فلزات در ۱۰ سال فقط حدود ۵٪ قیمت بوده است.
A20: PPI پمپ آمریکا (BLS) | B20: فقط برای مقایسه (روش M5). چون قیمت‌ها به یورو است، شاخص اروپا مبناست.
A21: دلار آزاد و یورو/دلار (Indices ستون D و E) | B21: برای تبدیل قیمت ریالی و دلاری به یورو در سال پایه و برگرداندن یورو به ریال در سال هدف. از Params مدل شما آمده و تخمینی است؛ ۱۴۰۵ = ۲٬۵۰۰٬۰۰۰ (عدد خودتان).
A22: نرخ یورو جایگزین ۱۳۹۳ = ۴۰٬۵۳۱ | B22: از شیت Inflation مارون ۳. همان نرخی است که قیمت‌های ریالی آن دوره با آن ساخته شده‌اند، پس برای برگرداندن آن‌ها به یورو درست‌ترین است.
A23: نرخ تسعیر منبع | B23: قاعده طلایی: ریال را با همان نرخی به یورو برگردانید که منبع با آن ساخته (گچساران ۴: ۴۲۰٬۰۰۰×۱٫۰۸۵ = ۴۵۵٬۶۹۲؛ پازنان ۱۴۰۴: ۶۵۸٬۵۳۳×۱٫۰۵۶ = ۶۹۵٬۲۹۹). اگر نه، خطای نرخ ارز وارد قیمت می‌شود.
A24: تورم ریالی (CPI) و تورم ارزی مارون ۳ | B24: فقط برای مقایسه و روش‌های قدیمی (M1، R1). برای پمپ CPI استفاده نمی‌شود چون در آزمون نصف قیمت واقعی را داد. تورم ریالی ۱۴۰۵ (۲۰٪) در منبع غیرواقعی است.
A25: ضرایب پازنان (۱٫۵۵ یورویی، ۱۶٫۲۶ ریالی) | B25: ضرایبی که مشاور پازنان برای اقلام بدون استعلام به کار برده (از فایل لینک‌شده Basic INFO). ۱۶٫۲۶ همان CPI است. فقط برای مقایسه (M2، R2).
A26: کف قیمت ۲۵٬۰۰۰ یورو (سطح ۱۴۰۴) | B26: پمپ گریز از مرکز API 610 با کلاس S یا D امروز ارزان‌تر از این حد عرضه نمی‌شود (پمپیران برای پمپ‌های کوچک ۳۰٬۰۰۰ داده). با شاخص به سال هدف می‌رود. پمپ چدنی I2، جابه‌جایی مثبت، آتش‌نشانی و پکیج کف ندارند. نتیجه بین ۲۲٬۵۰۰ تا ۳۰٬۰۰۰ تقریباً ثابت است.
A27: نرخ دلار اسفند ۱۴۰۳ = ۹۳۰٬۰۰۰ و یورو/دلار ۱٫۰۴ | B27: فقط در آزمون ریالی، برای تاریخ استعلام‌های پازنان. تقریبی است؛ آزمون حساسیت در Val_IRR_Packages.
A28: معیارهای خطا
A29: سوگیری میانه | B29: میانه (پیش‌بینی÷واقعی)−۱. منفی = کم‌برآورد سیستماتیک.
A30: MdAPE / MAPE | B30: میانه / میانگین قدر مطلق خطای تک‌قلم. MdAPE حساسیت کمتری به اقلام عجیب دارد.
A31: جمع پیش‌بینی/واقعی | B31: دقت روی جمع پروژه (وزنی با تعداد و مبلغ). مهم‌ترین معیار برای بودجه.
A32: رنگ‌ها | B32: آبی = ورودی؛ زرد = فرض کلیدی/ورودی کاربر؛ سیاه = فرمول؛ سبز = پیوند از شیت دیگر یا نتیجه؛ صورتی = مقدار پیش‌بینی‌شده.

Sheet Summary
A1: روش تعدیل قیمت پمپ‌های نمک‌زدایی — نتیجه صحت‌سنجی
A2: داده آزمون: همان Tagهای پازنان ۲ با قیمت ۱۳۹۳ و استعلام واقعی ۱۴۰۴ (۱۴ پمپ یورویی + ۱۱ پکیج ریالی). اعداد این صفحه همه فرمول‌اند و با تغییر ورودی‌ها به‌روز می‌شوند.
A4: الف) پمپ‌ها — قیمت یورویی (۱۴ پمپ، بدون آتش‌نشانی)
A5: کد | B5: روش | C5: ضریب ۱۳۹۳→۱۴۰۴ | D5: سوگیری میانه | E5: MdAPE | F5: MAPE | G5: خطای ≤۲۵٪ (از ۱۴) | H5: جمع پیش‌بینی/واقعی
A6: M0 | B6: =Val_EUR_Pumps!B6 -> بدون تعدیل (یورو ثابت) | C6: =IF(ISNUMBER(Val_EUR_Pumps!E6),Val_EUR_Pumps!E6,"~1.27 (هر سطر)") -> 1 | D6: =Val_EUR_Pumps!D39 -> -0.37365644 | E6: =Val_EUR_Pumps!E39 -> 0.37365644 | F6: =Val_EUR_Pumps!F39 -> 0.37234734 | G6: =Val_EUR_Pumps!G39 -> 3 | H6: =Val_EUR_Pumps!H39 -> 0.73446193
A7: M1 | B7: =Val_EUR_Pumps!B7 -> تورم ارزی مارون ۳ (۱۳۹۴ تا ۱۴۰۳) | C7: =IF(ISNUMBER(Val_EUR_Pumps!E7),Val_EUR_Pumps!E7,"~1.27 (هر سطر)") -> 1.3810889 | D7: =Val_EUR_Pumps!D40 -> -0.13496388 | E7: =Val_EUR_Pumps!E40 -> 0.21998303 | F7: =Val_EUR_Pumps!F40 -> 0.26138111 | G7: =Val_EUR_Pumps!G40 -> 8 | H7: =Val_EUR_Pumps!H40 -> 1.0143572
A8: M2 | B8: =Val_EUR_Pumps!B8 -> ضریب یورویی پازنان (Basic INFO!C138) | C8: =IF(ISNUMBER(Val_EUR_Pumps!E8),Val_EUR_Pumps!E8,"~1.27 (هر سطر)") -> 1.5520762 | D8: =Val_EUR_Pumps!D41 -> -0.027867046 | E8: =Val_EUR_Pumps!E41 -> 0.17359989 | F8: =Val_EUR_Pumps!F41 -> 0.25805632 | G8: =Val_EUR_Pumps!G41 -> 8 | H8: =Val_EUR_Pumps!H41 -> 1.1399409
A9: M3 | B9: =Val_EUR_Pumps!B9 -> مدل فلزی فعلی شما (ضریب هر سطر) | C9: =IF(ISNUMBER(Val_EUR_Pumps!E9),Val_EUR_Pumps!E9,"~1.27 (هر سطر)") -> ~1.27 (هر سطر) | D9: =Val_EUR_Pumps!D42 -> -0.20406498 | E9: =Val_EUR_Pumps!E42 -> 0.28204029 | F9: =Val_EUR_Pumps!F42 -> 0.2859887 | G9: =Val_EUR_Pumps!G42 -> 6 | H9: =Val_EUR_Pumps!H42 -> 0.93570194
A10: M4 | B10: =Val_EUR_Pumps!B10 -> PPI پمپ منطقه یورو (Eurostat C28.13) | C10: =IF(ISNUMBER(Val_EUR_Pumps!E10),Val_EUR_Pumps!E10,"~1.27 (هر سطر)") -> 1.3454191 | D10: =Val_EUR_Pumps!D43 -> -0.1573054 | E10: =Val_EUR_Pumps!E43 -> 0.24012874 | F10: =Val_EUR_Pumps!F43 -> 0.26877251 | G10: =Val_EUR_Pumps!G43 -> 8 | H10: =Val_EUR_Pumps!H43 -> 0.98815912
A11: M5 | B11: =Val_EUR_Pumps!B11 -> PPI پمپ آمریکا تبدیل‌شده به یورو | C11: =IF(ISNUMBER(Val_EUR_Pumps!E11),Val_EUR_Pumps!E11,"~1.27 (هر سطر)") -> 1.5903823 | D11: =Val_EUR_Pumps!D44 -> -0.0038742953 | E11: =Val_EUR_Pumps!E44 -> 0.17535235 | F11: =Val_EUR_Pumps!F44 -> 0.26442528 | G11: =Val_EUR_Pumps!G44 -> 9 | H11: =Val_EUR_Pumps!H44 -> 1.1680752
A12: M6 | B12: =Val_EUR_Pumps!B12 -> پیشنهادی: PPI پمپ یورو + کف قیمت پمپ API (S/D) | C12: =IF(ISNUMBER(Val_EUR_Pumps!E12),Val_EUR_Pumps!E12,"~1.27 (هر سطر)") -> 1.3454191 | D12: =Val_EUR_Pumps!D45 -> -0.070297462 | E12: =Val_EUR_Pumps!E45 -> 0.13071961 | F12: =Val_EUR_Pumps!F45 -> 0.2084972 | G12: =Val_EUR_Pumps!G45 -> 10 | H12: =Val_EUR_Pumps!H45 -> 1.0097808
A14: ب) پکیج‌های تزریق — قیمت ریالی (۱۱ قلم)
A15: کد | B15: روش | C15: میانه پیش/استعلام ریالی | D15: جمع پیش/استعلام ریالی | E15: میانه پیش/میانگین همه استعلام‌ها | F15: جمع پیش/میانگین همه
A16: R1 | B16: تورم ریالی (CPI مارون ۳) | C16: =Val_IRR_Packages!N28 -> 0.46217203 | D16: =Val_IRR_Packages!N29 -> 0.47716293 | E16: =Val_IRR_Packages!R28 -> 0.55026843 | F16: =Val_IRR_Packages!R29 -> 0.57186268
A17: R2 | B17: ضریب ریالی پازنان (۱۶٫۲۶) | C17: =Val_IRR_Packages!O28 -> 0.45894076 | D17: =Val_IRR_Packages!O29 -> 0.47382685 | E17: =Val_IRR_Packages!S28 -> 0.54642123 | F17: =Val_IRR_Packages!S29 -> 0.56786451
A18: R3 | B18: مدل فلزی فعلی شما | C18: =Val_IRR_Packages!P28 -> 0.82899546 | D18: =Val_IRR_Packages!P29 -> 0.85544587 | E18: =Val_IRR_Packages!T28 -> 0.9870135 | F18: =Val_IRR_Packages!T29 -> 1.0252213
A19: R4 | B19: پیشنهادی: یورو × PPI × نرخ ارز | C19: =Val_IRR_Packages!Q28 -> 0.90622297 | D19: =Val_IRR_Packages!Q29 -> 0.93561699 | E19: =Val_IRR_Packages!U28 -> 1.0789616 | F19: =Val_IRR_Packages!U29 -> 1.1213035
A21: ج) روش پیشنهادی برای پمپ‌ها
A22: ۱. لنگر یورو: قیمت پایه را با «نرخ تسعیر همان منبع» در تاریخ همان منبع به یورو برگردانید (قیمت ریالی پازنان ۹۳ ÷ ۴۰٬۵۳۱؛ گچساران ÷ ۴۵۵٬۶۹۳).
A23: ۲. تعدیل در یورو با شاخص PPI پمپ و کمپرسور منطقه یورو (Eurostat C28.13)؛ ۱۳۹۳→۱۴۰۴ ≈ ۱٫۳۵ (حدود ۳٪ در سال).
A24: ۳. کف قیمت برای پمپ گریز از مرکز API 610 با کلاس مواد S یا D: حداقل ۲۵٬۰۰۰ یورو در سطح ۱۴۰۴ (با همان شاخص تعدیل شود). پمپ‌های I2 چدنی، جابه‌جایی مثبت و آتش‌نشانی کف ندارند.
A25: ۴. تبدیل به ریال با نرخ یوروی تاریخ هدف، از همان نوع نرخ (آزاد یا مرکز مبادله) که در کل پروژه ثابت است؛ هزینه ترخیص/حمل جدا.
A26: ۵. تورم ریالی (CPI) برای پمپ و پکیج پمپ استفاده نشود؛ فلزات فقط برای پیش‌بینی سال‌های بدون PPI (۲۰۲۶ به بعد) و تحلیل حساسیت.
A27: فرمول: ریال(هدف) = MAX[ قیمت پایه ÷ نرخ تسعیر منبع × PPI(هدف)/PPI(پایه) ، کف × PPI(هدف)/PPI(۱۴۰۴) ] × نرخ یورو(هدف)
A29: د) محدودیت‌ها
A30: • فقط یک زوج داده واقعی (پازنان ۲) با همان Tag در دو زمان موجود است؛ ۱۴ پمپ و ۱۱ پکیج. کف قیمت روی همین داده تنظیم شده و باید با استعلام‌های بعدی بازبینی شود.
A31: • پراکندگی استعلام دو فروشنده برای یک پمپ (میانه ~۱٫۳ برابر، بیشینه ۴ برابر) سقف دقت تک‌قلم را تعیین می‌کند؛ دقت روی جمع پروژه (±۵٪) بسیار بهتر از تک‌قلم (±۲۰٪) است.
A32: • نرخ‌های ارز سالانه Indices تخمینی‌اند (از Params مدل شما). برای آزمون ریالی نرخ اسفند ۱۴۰۳ (۹۳۰٬۰۰۰ ریال/دلار) تقریبی است؛ حساسیت در شیت Val_IRR_Packages.
A33: • PPI منطقه یورو برای ۲۰۲۶ و ۲۰۲۷ هنوز منتشر نشده و با رشد ۲٪ (یا روش فلزی) پیش‌بینی شده است.
A35: ه) جمع بانک پمپ‌ها در سال هدف (شیت Pump_Bank_Escalated)
A36: روش پیشنهادی (ریال) | D36: =Pump_Bank_Escalated!P123 -> 4.1237234e+13
A37: مدل فعلی شما (ریال، همان اقلام) | D37: =Pump_Bank_Escalated!Q123 -> 3.5640785e+13
A38: اختلاف | D38: =Pump_Bank_Escalated!R123 -> 0.15702375
A40: راهنما: سلول‌های آبی ورودی‌اند و زرد فرض‌های کلیدی. برای تغییر سال هدف به Pump_Bank_Escalated!D3 و برای نرخ ارز به Indices بروید.

Sheet Indices
A1: شاخص‌ها و نرخ‌ها (ورودی‌های مدل تعدیل پمپ)
A2: متن آبی = ورودی قابل ویرایش؛ زرد = فرض کلیدی؛ سیاه = فرمول. منابع در شیت Sources.
A3: سهم سال شمسی از سال میلادی هم‌شماره (Y+621) | C3: 0.79 | D3: فروردین تا دی = ~۹٫۵ ماه از ۱۲ ماه در سال میلادی Y+621
A4: رشد پیش‌بینی شاخص پمپ (روند) برای سال‌های بدون داده | C4: 0.02 | D4: میانگین رشد سالانه EA C2813 در ۲۰۱۵ تا ۲۰۲۱ حدود ۱٫۴٪ و ۲۰۲۴ تا ۲۰۲۵ حدود ۱٪ بوده؛ ۲٪ فرض محافظه‌کارانه است
A5: روش پیش‌بینی ۲۰۲۶ (روند / فلزی) | C5: روند | D5: «فلزی»: رشد ۲۰۲۶ = (۱−سهم فلز)×رشد روند + سهم فلز×تغییر سبد فلزی پمپ (۱۴۰۴→۱۴۰۵، جدول پایین)
A6: سهم فلزات در قیمت پمپ (برای nowcast) | C6: 0.3
A8: جدول ۱: شاخص قیمت تولیدکننده پمپ (میلادی)
A9: سال میلادی | B9: EA20 PPI C28.13 پمپ و کمپرسور (2021=100) | C9: رشد سالانه | D9: وضعیت | E9: US PPI پمپ (NAICS 333914، ژانویه، Dec1983=100)
A10: 2005 | B10: 74.8 | D10: Eurostat sts_inppd_a (imputed)
A11: 2006 | B11: 76.5 | C11: =B11/B10-1 -> 0.022727273 | D11: Eurostat sts_inppd_a (imputed)
A12: 2007 | B12: 79.8 | C12: =B12/B11-1 -> 0.043137255 | D12: Eurostat sts_inppd_a (imputed)
A13: 2008 | B13: 81.5 | C13: =B13/B12-1 -> 0.021303258 | D13: Eurostat sts_inppd_a (imputed)
A14: 2009 | B14: 83.7 | C14: =B14/B13-1 -> 0.026993865 | D14: Eurostat sts_inppd_a (imputed)
A15: 2010 | B15: 84.4 | C15: =B15/B14-1 -> 0.0083632019 | D15: Eurostat sts_inppd_a (imputed) | E15: 226.2
A16: 2011 | B16: 86.2 | C16: =B16/B15-1 -> 0.021327014 | D16: Eurostat sts_inppd_a (imputed) | E16: 229.2
A17: 2012 | B17: 88.4 | C17: =B17/B16-1 -> 0.025522042 | D17: Eurostat sts_inppd_a (imputed) | E17: 235.4
A18: 2013 | B18: 89.9 | C18: =B18/B17-1 -> 0.016968326 | D18: Eurostat sts_inppd_a (imputed) | E18: 239.5
A19: 2014 | B19: 91.2 | C19: =B19/B18-1 -> 0.014460512 | D19: Eurostat sts_inppd_a (imputed) | E19: 245.1
A20: 2015 | B20: 91.9 | C20: =B20/B19-1 -> 0.0076754386 | D20: Eurostat sts_inppd_a (imputed) | E20: 250.7
A21: 2016 | B21: 92.6 | C21: =B21/B20-1 -> 0.007616975 | D21: Eurostat sts_inppd_a (imputed) | E21: 255.9
A22: 2017 | B22: 93.6 | C22: =B22/B21-1 -> 0.010799136 | D22: Eurostat sts_inppd_a (imputed) | E22: 256.9
A23: 2018 | B23: 94.6 | C23: =B23/B22-1 -> 0.010683761 | D23: Eurostat sts_inppd_a | E23: 266.4
A24: 2019 | B24: 96.4 | C24: =B24/B23-1 -> 0.019027484 | D24: Eurostat sts_inppd_a | E24: 274.9
A25: 2020 | B25: 97.8 | C25: =B25/B24-1 -> 0.014522822 | D25: Eurostat sts_inppd_a | E25: 276
A26: 2021 | B26: 100 | C26: =B26/B25-1 -> 0.022494888 | D26: Eurostat sts_inppd_a | E26: 279.4
... A30: 2025 | B30: 122.9 | C30: =B30/B29-1 -> 0.0098603122 | D30: Eurostat sts_inppd_a | E30: 382.901
A31: 2026 | B31: =B30*(1+IF($C$5="فلزی",(1-$C$6)*$C$4+$C$6*$H$45,$C$4)) -> 125.358 | C31: =B31/B30-1 -> 0.02 | D31: پیش‌بینی (داده رسمی هنوز منتشر نشده) | E31: 399.843
A32: 2027 | B32: =B31*(1+$C$4) -> 127.86516 | C32: =B32/B31-1 -> 0.02 | D32: پیش‌بینی
A36: جدول ۲: سبد فلزی پمپ (قیمت‌ها از شیت MetalPrices مدل شما، دلار بر تن؛ بخشی تخمینی)
A37: فلز | B37: وزن در سبد پمپ | C37: ۱۳۹۳ | D37: ۱۴۰۳ | E37: ۱۴۰۴ | F37: ۱۴۰۵ | G37: نسبت ۱۴۰۴/۱۳۹۳ | H37: نسبت ۱۴۰۵/۱۴۰۴
A38: فولاد (HRC/Plate) | B38: 0.6 | C38: 560 | D38: 600 | E38: 560 | F38: 600 | G38: =E38/C38 -> 1 | H38: =F38/E38 -> 1.0714286
A39: نیکل | B39: 0.12 | C39: 16893 | D39: 16814 | E39: 15162 | F39: 17800 | G39: =E39/C39 -> 0.89753152 | H39: =F39/E39 -> 1.1739876
A40: مولیبدن | B40: 0.03 | C40: 24000 | D40: 46000 | E40: 52000 | F40: 66000 | G40: =E40/C40 -> 2.1666667 | H40: =F40/E40 -> 1.2692308
A41: مس (سیم‌پیچ موتور) | B41: 0.25 | C41: 6863 | D41: 9142 | E41: 9921 | F41: 13200 | G41: =E41/C41 -> 1.4455777 | H41: =F41/E41 -> 1.330511
A42: جمع وزن | B42: =SUM(B38:B41) -> 1
A44: تغییر سبد فلزی (دلاری) ۱۳۹۳→۱۴۰۴ | G44: =SUMPRODUCT(B38:B41,G38:G41)-1 -> 0.13409822
A45: تغییر سبد فلزی (دلاری) ۱۴۰۴→۱۴۰۵ (برای nowcast ۲۰۲۶) | H45: =SUMPRODUCT(B38:B41,H38:H41)-1 -> 0.15444034
A46: وزن‌ها برآورد مهندسی است (پوسته/پروانه/شفت + سیم‌پیچ مسی الکتروموتور). اعداد فلزات از MetalPrices مدل شما کپی شده و برای ۱۴۰۵ تخمینی است.
A49: جدول ۳: سری سالانه شمسی (شاخص پمپ، نرخ ارز، تورم)
A50: سال شمسی | B50: سال میلادی | C50: شاخص پمپ EA (شمسی) | D50: دلار آزاد (ریال، میانگین تقریبی) | E50: یورو/دلار | F50: نرخ یورو جایگزین (ریال) | G50: نرخ مؤثر یورو (ریال) | H50: تورم ریالی سالانه | I50: شاخص تجمعی ریالی (۱۳۸۵=۱) | J50: تورم ارزی سالانه (مارون ۳) | K50: شاخص تجمعی ارزی | L50: شاخص ریالیِ پمپ = یورو×PPI (۱۳۸۵=۱) | M50: وضعیت داده
A51: 1385 | B51: =A51+621 -> 2006 | C51: =$C$3*INDEX($B$10:$B$32,MATCH(B51,$A$10:$A$32,0))+(1-$C$3)*INDEX($B$10:$B$32,MATCH(B51+1,$A$10:$A$32,0)) -> 77.193 | D51: 9148 | E51: 1.26 | G51: =IF(F51="",D51*E51,F51) -> 11526.48 | I51: 1 | K51: 1 | L51: =(G51*C51)/($G$51*$C$51) -> 1 | M51: نرخ دلار از خود شما (Params مدل)
A52: 1386 | B52: =A52+621 -> 2007 | C52: =$C$3*INDEX($B$10:$B$32,MATCH(B52,$A$10:$A$32,0))+(1-$C$3)*INDEX($B$10:$B$32,MATCH(B52+1,$A$10:$A$32,0)) -> 80.157 | D52: 9300 | E52: 1.37 | G52: =IF(F52="",D52*E52,F52) -> 12741 | H52: 0.184 | I52: =I51*(1+H52) -> 1.184 | J52: 0.03 | K52: =K51*(1+J52) -> 1.03 | L52: =(G52*C52)/($G$51*$C$51) -> 1.1478109 | M52: نرخ دلار و یورو/دلار از Params مدل شما (تخمینی) — با سری رسمی/بازار جایگزین شود
A53: 1387 | B53: =A53+621 -> 2008 | C53: =$C$3*INDEX($B$10:$B$32,MATCH(B53,$A$10:$A$32,0))+(1-$C$3)*INDEX($B$10:$B$32,MATCH(B53+1,$A$10:$A$32,0)) -> 81.962 | D53: 9800 | E53: 1.47 | G53: =IF(F53="",D53*E53,F53) -> 14406 | H53: 0.254 | I53: =I52*(1+H53) -> 1.484736 | J53: 0.035 | K53: =K52*(1+J53) -> 1.06605 | L53: =(G53*C53)/($G$51*$C$51) -> 1.3270318 | M53: نرخ دلار و یورو/دلار از Params مدل شما (تخمینی) — با سری رسمی/بازار جایگزین شود
A54: 1388 | B54: =A54+621 -> 2009 | C54: =$C$3*INDEX($B$10:$B$32,MATCH(B54,$A$10:$A$32,0))+(1-$C$3)*INDEX($B$10:$B$32,MATCH(B54+1,$A$10:$A$32,0)) -> 83.847 | D54: 10300 | E54: 1.39 | G54: =IF(F54="",D54*E54,F54) -> 14317 | H54: 0.108 | I54: =I53*(1+H54) -> 1.6450875 | J54: 0 | K54: =K53*(1+J54) -> 1.06605 | L54: =(G54*C54)/($G$51*$C$51) -> 1.3491646 | M54: نرخ دلار و یورو/دلار از Params مدل شما (تخمینی) — با سری رسمی/بازار جایگزین شود
A55: 1389 | B55: =A55+621 -> 2010 | C55: =$C$3*INDEX($B$10:$B$32,MATCH(B55,$A$10:$A$32,0))+(1-$C$3)*INDEX($B$10:$B$32,MATCH(B55+1,$A$10:$A$32,0)) -> 84.778 | D55: 10700 | E55: 1.33 | G55: =IF(F55="",D55*E55,F55) -> 14231 | H55: 0.124 | I55: =I54*(1+H55) -> 1.8490783 | J55: 0.015 | K55: =K54*(1+J55) -> 1.0820407 | L55: =(G55*C55)/($G$51*$C$51) -> 1.3559509 | M55: نرخ دلار و یورو/دلار از Params مدل شما (تخمینی) — با سری رسمی/بازار جایگزین شود
A56: 1390 | B56: =A56+621 -> 2011 | C56: =$C$3*INDEX($B$10:$B$32,MATCH(B56,$A$10:$A$32,0))+(1-$C$3)*INDEX($B$10:$B$32,MATCH(B56+1,$A$10:$A$32,0)) -> 86.662 | D56: 13500 | E56: 1.39 | G56: =IF(F56="",D56*E56,F56) -> 18765 | H56: 0.215 | I56: =I55*(1+H56) -> 2.2466302 | J56: 0.03 | K56: =K55*(1+J56) -> 1.114502 | L56: =(G56*C56)/($G$51*$C$51) -> 1.8276905 | M56: نرخ دلار و یورو/دلار از Params مدل شما (تخمینی) — با سری رسمی/بازار جایگزین شود
A57: 1391 | B57: =A57+621 -> 2012 | C57: =$C$3*INDEX($B$10:$B$32,MATCH(B57,$A$10:$A$32,0))+(1-$C$3)*INDEX($B$10:$B$32,MATCH(B57+1,$A$10:$A$32,0)) -> 88.715 | D57: 24000 | E57: 1.28 | G57: =IF(F57="",D57*E57,F57) -> 30720 | H57: 0.305 | I57: =I56*(1+H57) -> 2.9318524 | J57: 0.02 | K57: =K56*(1+J57) -> 1.136792 | L57: =(G57*C57)/($G$51*$C$51) -> 3.0629764 | M57: نرخ دلار و یورو/دلار از Params مدل شما (تخمینی) — با سری رسمی/بازار جایگزین شود
A58: 1392 | B58: =A58+621 -> 2013 | C58: =$C$3*INDEX($B$10:$B$32,MATCH(B58,$A$10:$A$32,0))+(1-$C$3)*INDEX($B$10:$B$32,MATCH(B58+1,$A$10:$A$32,0)) -> 90.173 | D58: 27500 | E58: 1.33 | G58: =IF(F58="",D58*E58,F58) -> 36575 | H58: 0.37 | I58: =I57*(1+H58) -> 4.0166378 | J58: 0.02 | K58: =K57*(1+J58) -> 1.1595279 | L58: =(G58*C58)/($G$51*$C$51) -> 3.7066897 | M58: نرخ دلار و یورو/دلار از Params مدل شما (تخمینی) — با سری رسمی/بازار جایگزین شود؛ تورم‌ها از شیت Inflation مارون ۳
A59: 1393 | B59: =A59+621 -> 2014 | C59: =$C$3*INDEX($B$10:$B$32,MATCH(B59,$A$10:$A$32,0))+(1-$C$3)*INDEX($B$10:$B$32,MATCH(B59+1,$A$10:$A$32,0)) -> 91.347 | D59: 31000 | E59: 1.33 | F59: 40530.8 | G59: =IF(F59="",D59*E59,F59) -> 40530.8 | H59: 0.156 | I59: =I58*(1+H59) -> 4.6432333 | J59: 0.02 | K59: =K58*(1+J59) -> 1.1827184 | L59: =(G59*C59)/($G$51*$C$51) -> 4.1610683 | M59: نرخ دلار و یورو/دلار از Params مدل شما (تخمینی) — با سری رسمی/بازار جایگزین شود؛ تورم‌ها از شیت Inflation مارون ۳
A60: 1394 | B60: =A60+621 -> 2015 | C60: =$C$3*INDEX($B$10:$B$32,MATCH(B60,$A$10:$A$32,0))+(1-$C$3)*INDEX($B$10:$B$32,MATCH(B60+1,$A$10:$A$32,0)) -> 92.047 | D60: 33500 | E60: 1.11 | G60: =IF(F60="",D60*E60,F60) -> 37185 | H60: 0.119 | I60: =I59*(1+H60) -> 5.195778 | J60: 0.02 | K60: =K59*(1+J60) -> 1.2063728 | L60: =(G60*C60)/($G$51*$C$51) -> 3.8468283 | M60: نرخ دلار و یورو/دلار از Params مدل شما (تخمینی) — با سری رسمی/بازار جایگزین شود؛ تورم‌ها از شیت Inflation مارون ۳
A61: 1395 | B61: =A61+621 -> 2016 | C61: =$C$3*INDEX($B$10:$B$32,MATCH(B61,$A$10:$A$32,0))+(1-$C$3)*INDEX($B$10:$B$32,MATCH(B61+1,$A$10:$A$32,0)) -> 92.81 | D61: 36500 | E61: 1.11 | G61: =IF(F61="",D61*E61,F61) -> 40515 | H61: 0.09 | I61: =I60*(1+H61) -> 5.663398 | J61: 0.02 | K61: =K60*(1+J61) -> 1.2305002 | L61: =(G61*C61)/($G$51*$C$51) -> 4.2260633 | M61: نرخ دلار و یورو/دلار از Params مدل شما (تخمینی) — با سری رسمی/بازار جایگزین شود؛ تورم‌ها از شیت Inflation مارون ۳
A62: 1396 | B62: =A62+621 -> 2017 | C62: =$C$3*INDEX($B$10:$B$32,MATCH(B62,$A$10:$A$32,0))+(1-$C$3)*INDEX($B$10:$B$32,MATCH(B62+1,$A$10:$A$32,0)) -> 93.81 | D62: 41000 | E62: 1.13 | G62: =IF(F62="",D62*E62,F62) -> 46330 | H62: 0.096 | I62: =I61*(1+H62) -> 6.2070842 | J62: 0.02 | K62: =K61*(1+J62) -> 1.2551102 | L62: =(G62*C62)/($G$51*$C$51) -> 4.8846878 | M62: نرخ دلار و یورو/دلار از Params مدل شما (تخمینی) — با سری رسمی/بازار جایگزین شود؛ تورم‌ها از شیت Inflation مارون ۳
A63: 1397 | B63: =A63+621 -> 2018 | C63: =$C$3*INDEX($B$10:$B$32,MATCH(B63,$A$10:$A$32,0))+(1-$C$3)*INDEX($B$10:$B$32,MATCH(B63+1,$A$10:$A$32,0)) -> 94.978 | D63: 85000 | E63: 1.18 | G63: =IF(F63="",D63*E63,F63) -> 100300 | H63: 0.312 | I63: =I62*(1+H63) -> 8.1436945 | J63: 0.02 | K63: =K62*(1+J63) -> 1.2802124 | L63: =(G63*C63)/($G$51*$C$51) -> 10.706545 | M63: نرخ دلار و یورو/دلار از Params مدل شما (تخمینی) — با سری رسمی/بازار جایگزین شود؛ تورم‌ها از شیت Inflation مارون ۳
A64: 1398 | B64: =A64+621 -> 2019 | C64: =$C$3*INDEX($B$10:$B$32,MATCH(B64,$A$10:$A$32,0))+(1-$C$3)*INDEX($B$10:$B$32,MATCH(B64+1,$A$10:$A$32,0)) -> 96.694 | D64: 120000 | E64: 1.12 | G64: =IF(F64="",D64*E64,F64) -> 134400 | H64: 0.412 | I64: =I63*(1+H64) -> 11.498897 | J64: 0.02 | K64: =K63*(1+J64) -> 1.3058167 | L64: =(G64*C64)/($G$51*$C$51) -> 14.60576 | M64: نرخ دلار و یورو/دلار از Params مدل شما (تخمینی) — با سری رسمی/بازار جایگزین شود؛ تورم‌ها از شیت Inflation مارون ۳
A65: 1399 | B65: =A65+621 -> 2020 | C65: =$C$3*INDEX($B$10:$B$32,MATCH(B65,$A$10:$A$32,0))+(1-$C$3)*INDEX($B$10:$B$32,MATCH(B65+1,$A$10:$A$32,0)) -> 98.262 | D65: 240000 | E65: 1.14 | G65: =IF(F65="",D65*E65,F65) -> 273600 | H65: 0.47 | I65: =I64*(1+H65) -> 16.903378 | J65: 0.05 | K65: =K64*(1+J65) -> 1.3711075 | L65: =(G65*C65)/($G$51*$C$51) -> 30.215311 | M65: نرخ دلار و یورو/دلار از Params مدل شما (تخمینی) — با سری رسمی/بازار جایگزین شود؛ تورم‌ها از شیت Inflation مارون ۳
A66: 1400 | B66: =A66+621 -> 2021 | C66: =$C$3*INDEX($B$10:$B$32,MATCH(B66,$A$10:$A$32,0))+(1-$C$3)*INDEX($B$10:$B$32,MATCH(B66+1,$A$10:$A$32,0)) -> 101.953 | D66: 270000 | E66: 1.18 | G66: =IF(F66="",D66*E66,F66) -> 318600 | H66: 0.462 | I66: =I65*(1+H66) -> 24.712739 | J66: 0.05 | K66: =K65*(1+J66) -> 1.4396629 | L66: =(G66*C66)/($G$51*$C$51) -> 36.506581 | M66: نرخ دلار و یورو/دلار از Params مدل شما (تخمینی) — با سری رسمی/بازار جایگزین شود؛ تورم‌ها از شیت Inflation مارون ۳
A67: 1401 | B67: =A67+621 -> 2022 | C67: =$C$3*INDEX($B$10:$B$32,MATCH(B67,$A$10:$A$32,0))+(1-$C$3)*INDEX($B$10:$B$32,MATCH(B67+1,$A$10:$A$32,0)) -> 111.253 | D67: 350000 | E67: 1.05 | G67: =IF(F67="",D67*E67,F67) -> 367500 | H67: 0.465 | I67: =I66*(1+H67) -> 36.204162 | J67: 0.049 | K67: =K66*(1+J67) -> 1.5102064 | L67: =(G67*C67)/($G$51*$C$51) -> 45.950946 | M67: نرخ دلار و یورو/دلار از Params مدل شما (تخمینی) — با سری رسمی/بازار جایگزین شود؛ تورم‌ها از شیت Inflation مارون ۳
A68: 1402 | B68: =A68+621 -> 2023 | C68: =$C$3*INDEX($B$10:$B$32,MATCH(B68,$A$10:$A$32,0))+(1-$C$3)*INDEX($B$10:$B$32,MATCH(B68+1,$A$10:$A$32,0)) -> 119.251 | D68: 520000 | E68: 1.08 | G68: =IF(F68="",D68*E68,F68) -> 561600 | H68: 0.5 | I68: =I67*(1+H68) -> 54.306244 | J68: 0.04 | K68: =K67*(1+J68) -> 1.5706146 | L68: =(G68*C68)/($G$51*$C$51) -> 75.268716 | M68: نرخ دلار و یورو/دلار از Params مدل شما (تخمینی) — با سری رسمی/بازار جایگزین شود؛ تورم‌ها از شیت Inflation مارون ۳
A69: 1403 | B69: =A69+621 -> 2024 | C69: =$C$3*INDEX($B$10:$B$32,MATCH(B69,$A$10:$A$32,0))+(1-$C$3)*INDEX($B$10:$B$32,MATCH(B69+1,$A$10:$A$32,0)) -> 121.952 | D69: 640000 | E69: 1.08 | G69: =IF(F69="",D69*E69,F69) -> 691200 | H69: 0.4 | I69: =I68*(1+H69) -> 76.028741 | J69: 0.04 | K69: =K68*(1+J69) -> 1.6334392 | L69: =(G69*C69)/($G$51*$C$51) -> 94.736653 | M69: نرخ دلار و یورو/دلار از Params مدل شما (تخمینی) — با سری رسمی/بازار جایگزین شود؛ تورم‌ها از شیت Inflation مارون ۳
A70: 1404 | B70: =A70+621 -> 2025 | C70: =$C$3*INDEX($B$10:$B$32,MATCH(B70,$A$10:$A$32,0))+(1-$C$3)*INDEX($B$10:$B$32,MATCH(B70+1,$A$10:$A$32,0)) -> 123.41618 | D70: 1000000 | E70: 1.13 | G70: =IF(F70="",D70*E70,F70) -> 1130000 | H70: 0.6 | I70: =I69*(1+H70) -> 121.64599 | J70: 0.04 | K70: =K69*(1+J70) -> 1.6987768 | L70: =(G70*C70)/($G$51*$C$51) -> 156.73859 | M70: نرخ دلار و یورو/دلار از Params مدل شما (تخمینی) — با سری رسمی/بازار جایگزین شود؛ تورم‌ها از شیت Inflation مارون ۳
A71: 1405 | B71: =A71+621 -> 2026 | C71: =$C$3*INDEX($B$10:$B$32,MATCH(B71,$A$10:$A$32,0))+(1-$C$3)*INDEX($B$10:$B$32,MATCH(B71+1,$A$10:$A$32,0)) -> 125.8845 | D71: 2500000 | E71: 1.15 | G71: =IF(F71="",D71*E71,F71) -> 2875000 | H71: 0.2 | I71: =I70*(1+H71) -> 145.97518 | J71: 0.01 | K71: =K70*(1+J71) -> 1.7157646 | L71: =(G71*C71)/($G$51*$C$51) -> 406.75744 | M71: نرخ دلار از خود شما (Params مدل)؛ تورم‌ها از شیت Inflation مارون ۳
A73: هشدار: تورم ریالی ۱۴۰۵ در فایل مارون ۳ برابر ۲۰٪ است که با واقعیت (تورم نقطه‌ای بالای ۵۰٪) نمی‌خواند؛ برای پمپ‌ها این ستون در روش پیشنهادی استفاده نمی‌شود ولی در روش CPI اثر دارد.
A74: نرخ دلار بازار آزاد ۱۴۰۵: یورونیوز ۲ سپتامبر ۲۰۲۶ دلار را ۲٬۲۰۰٬۰۰۰ و یورو را حدود ۲٬۵۵۰٬۰۰۰ ریال گزارش کرده است؛ عدد ۲٬۵۰۰٬۰۰۰ دلار (از شما) را نگه داشتم.

Sheet Val_EUR_Pumps
A1: اعتبارسنجی ۱: پمپ‌های پازنان ۲ — قیمت یورویی ۱۳۹۳ (بهمن، Rev.R02 فوریه ۲۰۱۵) در برابر استعلام‌های واقعی ۱۴۰۴ (فوریه تا مه ۲۰۲۵)
A2: همان Tag و همان مشخصات؛ «واقعی» = میانگین استعلام‌های فروشندگان (همه به یورو). سطرهایی که قیمت ۱۴۰۴ آن‌ها مشتق از ضریب است (P-163, P-210, P-211) حذف شده‌اند.
A4: ضرایب روش‌ها (۱۳۹۳ → ۲۰۲۵)
A5: کد | B5: روش | E5: ضریب | F5: منبع
A6: M0 | B6: بدون تعدیل (یورو ثابت) | E6: =1 -> 1 | F6: مرجع
A7: M1 | B7: تورم ارزی مارون ۳ (۱۳۹۴ تا ۱۴۰۳) | E7: =INDEX(Indices!$K$51:$K$71,MATCH(1403,Indices!$A$51:$A$71,0))/INDEX(Indices!$K$51:$K$71,MATCH(1393,Indices!$A$51:$A$71,0)) -> 1.3810889 | F7: شیت Inflation مارون ۳
A8: M2 | B8: ضریب یورویی پازنان (Basic INFO!C138) | E8: 1.5520762 | F8: فایل لینک‌شده PZN-Summary-140401 Rev.03
A9: M3 | B9: مدل فلزی فعلی شما (ضریب هر سطر) | E9: هر سطر | F9: خروجی ستون AH شیت Equipment مدل (پس از محاسبه مجدد)
A10: M4 | B10: PPI پمپ منطقه یورو (Eurostat C28.13) | E10: =INDEX(Indices!$B$10:$B$32,MATCH(2025,Indices!$A$10:$A$32,0))/INDEX(Indices!$C$51:$C$71,MATCH(1393,Indices!$A$51:$A$71,0)) -> 1.3454191 | F10: Eurostat
A11: M5 | B11: PPI پمپ آمریکا تبدیل‌شده به یورو | E11: =(INDEX(Indices!$E$10:$E$32,MATCH(2025,Indices!$A$10:$A$32,0))/INDEX(Indices!$E$10:$E$32,MATCH(2015,Indices!$A$10:$A$32,0)))*E14/E15 -> 1.5903823 | F11: BLS/FRED
A12: M6 | B12: پیشنهادی: PPI پمپ یورو + کف قیمت پمپ API (S/D) | E12: =E10 -> 1.3454191 | F12: M4 + کف
B14: یورو/دلار بهمن ۱۳۹۳ (فوریه ۲۰۱۵) | E14: 1.135
B15: یورو/دلار فوریه تا مه ۲۰۲۵ (میانگین تقریبی) | E15: 1.09
B16: کف قیمت پمپ گریز از مرکز API 610 کلاس S/D (یورو، سطح ۱۴۰۴) | E16: 25000 | F16: فقط پمپ‌های گریز از مرکز با کلاس مواد S یا D (نه I2 چدنی، نه جابه‌جایی مثبت، نه آتش‌نشانی). نتیجه بین ۲۲٬۵۰۰ تا ۳۰٬۰۰۰ تقریباً ثابت است (پمپیران برای پمپ‌های کوچک API عدد ثابت ۳۰٬۰۰۰ داده)؛ با داده جدید بازبینی شود
A17: Tag | B17: سرویس | C17: نوع | D17: کلاس مواد API 610 | E17: تعداد | F17: قیمت ۱۳۹۳ (یورو) | G17: آریا سپهر کیهان | H17: پمپیران | I17: کالای پمپ | J17: میانگین استعلام (واقعی) | K17: بیشینه/کمینه استعلام | L17: در آمار؟ | M17: مشمول کف؟ | N17: نسبت واقعی/قدیم | O17: M0 پیش‌بینی | P17: M0 پیش/واقعی | Q17: M0 |خطا| | R17: M1 پیش‌بینی | S17: M1 پیش/واقعی | T17: M1 |خطا| | U17: M2 پیش‌بینی | V17: M2 پیش/واقعی | W17: M2 |خطا| | X17: M3 پیش‌بینی | Y17: M3 پیش/واقعی | Z17: M3 |خطا| | AA17: M4 پیش‌بینی | AB17: M4 پیش/واقعی | AC17: M4 |خطا| | AD17: M5 پیش‌بینی | AE17: M5 پیش/واقعی | AF17: M5 |خطا| | AG17: M6 پیش‌بینی | AH17: M6 پیش/واقعی | AI17: M6 |خطا| | AJ17: پراکندگی (کمکی)
A18: P-111 A/B | B18: Off Spec. Crude Pumps | C18: Centrifugal (VS6) | D18: D1 | E18: 2 | F18: 75000 | G18: 43000 | H18: 180000 | J18: =AVERAGE(G18:I18) -> 111500 | K18: =MAX(G18:I18)/MIN(G18:I18) -> 4.1860465 | L18: Y | M18: Y | N18: =J18/F18 -> 1.4866667 | O18: =F18*$E$6 -> 75000 | P18: =IF($L18="Y",O18/$J18,"") -> 0.67264574 | Q18: =IF($L18="Y",ABS(P18-1),"") -> 0.32735426 | R18: =F18*$E$7 -> 103581.66 | S18: =IF($L18="Y",R18/$J18,"") -> 0.92898354 | T18: =IF($L18="Y",ABS(S18-1),"") -> 0.071016459 | U18: =F18*$E$8 -> 116405.72 | V18: =IF($L18="Y",U18/$J18,"") -> 1.0439975 | W18: =IF($L18="Y",ABS(V18-1),"") -> 0.043997466 | X18: =F18*1.27425462793664 -> 95569.097 | Y18: =IF($L18="Y",X18/$J18,"") -> 0.85712195 | Z18: =IF($L18="Y",ABS(Y18-1),"") -> 0.14287805 | AA18: =F18*$E$10 -> 100906.43 | AB18: =IF($L18="Y",AA18/$J18,"") -> 0.90499044 | AC18: =IF($L18="Y",ABS(AB18-1),"") -> 0.095009563 | AD18: =F18*$E$11 -> 119278.67 | AE18: =IF($L18="Y",AD18/$J18,"") -> 1.0697639 | AF18: =IF($L18="Y",ABS(AE18-1),"") -> 0.06976387 | AG18: =IF(M18="Y",MAX(F18*$E$12,$E$16),F18*$E$12) -> 100906.43 | AH18: =IF($L18="Y",AG18/$J18,"") -> 0.90499044 | AI18: =IF($L18="Y",ABS(AH18-1),"") -> 0.095009563 | AJ18: =IF(AND(L18="Y",COUNT(G18:I18)>=2),K18,"") -> 4.1860465
A19: P-122 A/B | B19: Deaerated Water Pumps | C19: Centrifugal (Horizontal) | D19: I2 | E19: 2 | F19: 10000 | G19: 14100 | H19: 16000 | J19: =AVERAGE(G19:I19) -> 15050 | K19: =MAX(G19:I19)/MIN(G19:I19) -> 1.1347518 | L19: Y | M19: N | N19: =J19/F19 -> 1.505 | O19: =F19*$E$6 -> 10000 | P19: =IF($L19="Y",O19/$J19,"") -> 0.66445183 | Q19: =IF($L19="Y",ABS(P19-1),"") -> 0.33554817 | R19: =F19*$E$7 -> 13810.889 | S19: =IF($L19="Y",R19/$J19,"") -> 0.91766702 | T19: =IF($L19="Y",ABS(S19-1),"") -> 0.08233298 | U19: =F19*$E$8 -> 15520.762 | V19: =IF($L19="Y",U19/$J19,"") -> 1.0312799 | W19: =IF($L19="Y",ABS(V19-1),"") -> 0.031279889 | X19: =F19*1.2649857956038 -> 12649.858 | Y19: =IF($L19="Y",X19/$J19,"") -> 0.84052212 | Z19: =IF($L19="Y",ABS(Y19-1),"") -> 0.15947788 | AA19: =F19*$E$10 -> 13454.191 | AB19: =IF($L19="Y",AA19/$J19,"") -> 0.89396619 | AC19: =IF($L19="Y",ABS(AB19-1),"") -> 0.10603381 | AD19: =F19*$E$11 -> 15903.823 | AE19: =IF($L19="Y",AD19/$J19,"") -> 1.0567324 | AF19: =IF($L19="Y",ABS(AE19-1),"") -> 0.056732417 | AG19: =IF(M19="Y",MAX(F19*$E$12,$E$16),F19*$E$12) -> 13454.191 | AH19: =IF($L19="Y",AG19/$J19,"") -> 0.89396619 | AI19: =IF($L19="Y",ABS(AH19-1),"") -> 0.10603381 | AJ19: =IF(AND(L19="Y",COUNT(G19:I19)>=2),K19,"") -> 1.1347518
A20: P-124 | B20: Dilution Water Pump | C20: Centrifugal (OH2) | D20: I2 | E20: 1 | F20: 15000 | G20: 28500 | H20: 16000 | J20: =AVERAGE(G20:I20) -> 22250 | K20: =MAX(G20:I20)/MIN(G20:I20) -> 1.78125 | L20: Y | M20: N | N20: =J20/F20 -> 1.4833333 | O20: =F20*$E$6 -> 15000 | P20: =IF($L20="Y",O20/$J20,"") -> 0.6741573 | Q20: =IF($L20="Y",ABS(P20-1),"") -> 0.3258427 | R20: =F20*$E$7 -> 20716.333 | S20: =IF($L20="Y",R20/$J20,"") -> 0.93107114 | T20: =IF($L20="Y",ABS(S20-1),"") -> 0.068928855 | U20: =F20*$E$8 -> 23281.143 | V20: =IF($L20="Y",U20/$J20,"") -> 1.0463435 | W20: =IF($L20="Y",ABS(V20-1),"") -> 0.046343528 | X20: =F20*1.2649857956038 -> 18974.787 | Y20: =IF($L20="Y",X20/$J20,"") -> 0.85279941 | Z20: =IF($L20="Y",ABS(Y20-1),"") -> 0.14720059 | AA20: =F20*$E$10 -> 20181.287 | AB20: =IF($L20="Y",AA20/$J20,"") -> 0.90702412 | AC20: =IF($L20="Y",ABS(AB20-1),"") -> 0.092975877 | AD20: =F20*$E$11 -> 23855.734 | AE20: =IF($L20="Y",AD20/$J20,"") -> 1.0721678 | AF20: =IF($L20="Y",ABS(AE20-1),"") -> 0.072167834 | AG20: =IF(M20="Y",MAX(F20*$E$12,$E$16),F20*$E$12) -> 20181.287 | AH20: =IF($L20="Y",AG20/$J20,"") -> 0.90702412 | AI20: =IF($L20="Y",ABS(AH20-1),"") -> 0.092975877 | AJ20: =IF(AND(L20="Y",COUNT(G20:I20)>=2),K20,"") -> 1.78125
A21: P-125 A/B | B21: Dilution Water Pumps | C21: Centrifugal (OH2) | D21: I2 | E21: 2 | F21: 12000 | G21: 27000 | H21: 16000 | J21: =AVERAGE(G21:I21) -> 21500 | K21: =MAX(G21:I21)/MIN(G21:I21) -> 1.6875 | L21: Y | M21: N | N21: =J21/F21 -> 1.7916667 | O21: =F21*$E$6 -> 12000 | P21: =IF($L21="Y",O21/$J21,"") -> 0.55813953 | Q21: =IF($L21="Y",ABS(P21-1),"") -> 0.44186047 | R21: =F21*$E$7 -> 16573.066 | S21: =IF($L21="Y",R21/$J21,"") -> 0.7708403 | T21: =IF($L21="Y",ABS(S21-1),"") -> 0.2291597 | U21: =F21*$E$8 -> 18624.915 | V21: =IF($L21="Y",U21/$J21,"") -> 0.86627511 | W21: =IF($L21="Y",ABS(V21-1),"") -> 0.13372489 | X21: =F21*1.2649857956038 -> 15179.83 | Y21: =IF($L21="Y",X21/$J21,"") -> 0.70603858 | Z21: =IF($L21="Y",ABS(Y21-1),"") -> 0.29396142 | AA21: =F21*$E$10 -> 16145.029 | AB21: =IF($L21="Y",AA21/$J21,"") -> 0.7509316 | AC21: =IF($L21="Y",ABS(AB21-1),"") -> 0.2490684 | AD21: =F21*$E$11 -> 19084.587 | AE21: =IF($L21="Y",AD21/$J21,"") -> 0.88765523 | AF21: =IF($L21="Y",ABS(AE21-1),"") -> 0.11234477 | AG21: =IF(M21="Y",MAX(F21*$E$12,$E$16),F21*$E$12) -> 16145.029 | AH21: =IF($L21="Y",AG21/$J21,"") -> 0.7509316 | AI21: =IF($L21="Y",ABS(AH21-1),"") -> 0.2490684 | AJ21: =IF(AND(L21="Y",COUNT(G21:I21)>=2),K21,"") -> 1.6875
A22: P-136 A/B | B22: Disposal Water InjectionPumps | C22: Centrifugal (BB3) | D22: D2 | E22: 2 | F22: 260000 | G22: 335000 | H22: 300000 | J22: =AVERAGE(G22:I22) -> 317500 | K22: =MAX(G22:I22)/MIN(G22:I22) -> 1.1166667 | L22: Y | M22: Y | N22: =J22/F22 -> 1.2211538 | O22: =F22*$E$6 -> 260000 | P22: =IF($L22="Y",O22/$J22,"") -> 0.81889764 | Q22: =IF($L22="Y",ABS(P22-1),"") -> 0.18110236 | R22: =F22*$E$7 -> 359083.1 | S22: =IF($L22="Y",R22/$J22,"") -> 1.1309704 | T22: =IF($L22="Y",ABS(S22-1),"") -> 0.13097041 | U22: =F22*$E$8 -> 403539.82 | V22: =IF($L22="Y",U22/$J22,"") -> 1.2709916 | W22: =IF($L22="Y",ABS(V22-1),"") -> 0.27099156 | X22: =F22*1.27425462793664 -> 331306.2 | Y22: =IF($L22="Y",X22/$J22,"") -> 1.0434841 | Z22: =IF($L22="Y",ABS(Y22-1),"") -> 0.043484105 | AA22: =F22*$E$10 -> 349808.97 | AB22: =IF($L22="Y",AA22/$J22,"") -> 1.1017605 | AC22: =IF($L22="Y",ABS(AB22-1),"") -> 0.10176054 | AD22: =F22*$E$11 -> 413499.39 | AE22: =IF($L22="Y",AD22/$J22,"") -> 1.3023603 | AF22: =IF($L22="Y",ABS(AE22-1),"") -> 0.3023603 | AG22: =IF(M22="Y",MAX(F22*$E$12,$E$16),F22*$E$12) -> 349808.97 | AH22: =IF($L22="Y",AG22/$J22,"") -> 1.1017605 | AI22: =IF($L22="Y",ABS(AH22-1),"") -> 0.10176054 | AJ22: =IF(AND(L22="Y",COUNT(G22:I22)>=2),K22,"") -> 1.1166667
A23: P-137 A/B | B23: Dirty Oil Pumps | C23: P.D.-Rotary (Ext. Gear) | D23: D1 | E23: 2 | F23: 10000 | G23: 30000 | J23: =AVERAGE(G23:I23) -> 30000 | K23: =MAX(G23:I23)/MIN(G23:I23) -> 1 | L23: Y | M23: N | N23: =J23/F23 -> 3 | O23: =F23*$E$6 -> 10000 | P23: =IF($L23="Y",O23/$J23,"") -> 0.33333333 | Q23: =IF($L23="Y",ABS(P23-1),"") -> 0.66666667 | R23: =F23*$E$7 -> 13810.889 | S23: =IF($L23="Y",R23/$J23,"") -> 0.46036295 | T23: =IF($L23="Y",ABS(S23-1),"") -> 0.53963705 | U23: =F23*$E$8 -> 15520.762 | V23: =IF($L23="Y",U23/$J23,"") -> 0.51735874 | W23: =IF($L23="Y",ABS(V23-1),"") -> 0.48264126 | X23: =F23*1.27499556885319 -> 12749.956 | Y23: =IF($L23="Y",X23/$J23,"") -> 0.42499852 | Z23: =IF($L23="Y",ABS(Y23-1),"") -> 0.57500148 | AA23: =F23*$E$10 -> 13454.191 | AB23: =IF($L23="Y",AA23/$J23,"") -> 0.44847304 | AC23: =IF($L23="Y",ABS(AB23-1),"") -> 0.55152696 | AD23: =F23*$E$11 -> 15903.823 | AE23: =IF($L23="Y",AD23/$J23,"") -> 0.53012743 | AF23: =IF($L23="Y",ABS(AE23-1),"") -> 0.46987257 | AG23: =IF(M23="Y",MAX(F23*$E$12,$E$16),F23*$E$12) -> 13454.191 | AH23: =IF($L23="Y",AG23/$J23,"") -> 0.44847304 | AI23: =IF($L23="Y",ABS(AH23-1),"") -> 0.55152696 | AJ23: =IF(AND(L23="Y",COUNT(G23:I23)>=2),K23,"")
A24: P-138 A/B | B24: Evaporation Pond Water Return Pumps | C24: Centrifugal (OH2) | D24: D2 | E24: 2 | F24: 35000 | G24: 28000 | H24: 30000 | J24: =AVERAGE(G24:I24) -> 29000 | K24: =MAX(G24:I24)/MIN(G24:I24) -> 1.0714286 | L24: Y | M24: Y | N24: =J24/F24 -> 0.82857143 | O24: =F24*$E$6 -> 35000 | P24: =IF($L24="Y",O24/$J24,"") -> 1.2068966 | Q24: =IF($L24="Y",ABS(P24-1),"") -> 0.20689655 | R24: =F24*$E$7 -> 48338.11 | S24: =IF($L24="Y",R24/$J24,"") -> 1.6668314 | T24: =IF($L24="Y",ABS(S24-1),"") -> 0.66683139 | U24: =F24*$E$8 -> 54322.668 | V24: =IF($L24="Y",U24/$J24,"") -> 1.8731955 | W24: =IF($L24="Y",ABS(V24-1),"") -> 0.87319545 | X24: =F24*1.27425462793664 -> 44598.912 | Y24: =IF($L24="Y",X24/$J24,"") -> 1.5378935 | Z24: =IF($L24="Y",ABS(Y24-1),"") -> 0.53789352 | AA24: =F24*$E$10 -> 47089.669 | AB24: =IF($L24="Y",AA24/$J24,"") -> 1.6237817 | AC24: =IF($L24="Y",ABS(AB24-1),"") -> 0.62378169 | AD24: =F24*$E$11 -> 55663.38 | AE24: =IF($L24="Y",AD24/$J24,"") -> 1.9194269 | AF24: =IF($L24="Y",ABS(AE24-1),"") -> 0.9194269 | AG24: =IF(M24="Y",MAX(F24*$E$12,$E$16),F24*$E$12) -> 47089.669 | AH24: =IF($L24="Y",AG24/$J24,"") -> 1.6237817 | AI24: =IF($L24="Y",ABS(AH24-1),"") -> 0.62378169 | AJ24: =IF(AND(L24="Y",COUNT(G24:I24)>=2),K24,"") -> 1.0714286
A25: P-139 A/B/C | B25: Disposal Water InjectionPumps | C25: Centrifugal (BB3) | D25: D2 | E25: 3 | F25: 180000 | G25: 225000 | H25: 270000 | J25: =AVERAGE(G25:I25) -> 247500 | K25: =MAX(G25:I25)/MIN(G25:I25) -> 1.2 | L25: Y | M25: Y | N25: =J25/F25 -> 1.375 | O25: =F25*$E$6 -> 180000 | P25: =IF($L25="Y",O25/$J25,"") -> 0.72727273 | Q25: =IF($L25="Y",ABS(P25-1),"") -> 0.27272727 | R25: =F25*$E$7 -> 248596 | S25: =IF($L25="Y",R25/$J25,"") -> 1.0044283 | T25: =IF($L25="Y",ABS(S25-1),"") -> 0.0044282653 | U25: =F25*$E$8 -> 279373.72 | V25: =IF($L25="Y",U25/$J25,"") -> 1.1287827 | W25: =IF($L25="Y",ABS(V25-1),"") -> 0.12878271 | X25: =F25*1.27425462793664 -> 229365.83 | Y25: =IF($L25="Y",X25/$J25,"") -> 0.92673064 | Z25: =IF($L25="Y",ABS(Y25-1),"") -> 0.073269362 | AA25: =F25*$E$10 -> 242175.44 | AB25: =IF($L25="Y",AA25/$J25,"") -> 0.97848663 | AC25: =IF($L25="Y",ABS(AB25-1),"") -> 0.02151337 | AD25: =F25*$E$11 -> 286268.81 | AE25: =IF($L25="Y",AD25/$J25,"") -> 1.1566417 | AF25: =IF($L25="Y",ABS(AE25-1),"") -> 0.15664166 | AG25: =IF(M25="Y",MAX(F25*$E$12,$E$16),F25*$E$12) -> 242175.44 | AH25: =IF($L25="Y",AG25/$J25,"") -> 0.97848663 | AI25: =IF($L25="Y",ABS(AH25-1),"") -> 0.02151337 | AJ25: =IF(AND(L25="Y",COUNT(G25:I25)>=2),K25,"") -> 1.2
A26: P-151 A/B | B26: Flare K.O. Drum Pumps | C26: Centrifugal (OH2) | D26: S6 | E26: 2 | F26: 15000 | G26: 21000 | H26: 30000 | J26: =AVERAGE(G26:I26) -> 25500 | K26: =MAX(G26:I26)/MIN(G26:I26) -> 1.4285714 | L26: Y | M26: Y | N26: =J26/F26 -> 1.7 | O26: =F26*$E$6 -> 15000 | P26: =IF($L26="Y",O26/$J26,"") -> 0.58823529 | Q26: =IF($L26="Y",ABS(P26-1),"") -> 0.41176471 | R26: =F26*$E$7 -> 20716.333 | S26: =IF($L26="Y",R26/$J26,"") -> 0.81240521 | T26: =IF($L26="Y",ABS(S26-1),"") -> 0.18759479 | U26: =F26*$E$8 -> 23281.143 | V26: =IF($L26="Y",U26/$J26,"") -> 0.91298602 | W26: =IF($L26="Y",ABS(V26-1),"") -> 0.087013981 | X26: =F26*1.27729147398551 -> 19159.372 | Y26: =IF($L26="Y",X26/$J26,"") -> 0.75134793 | Z26: =IF($L26="Y",ABS(Y26-1),"") -> 0.24865207 | AA26: =F26*$E$10 -> 20181.287 | AB26: =IF($L26="Y",AA26/$J26,"") -> 0.79142301 | AC26: =IF($L26="Y",ABS(AB26-1),"") -> 0.20857699 | AD26: =F26*$E$11 -> 23855.734 | AE26: =IF($L26="Y",AD26/$J26,"") -> 0.93551899 | AF26: =IF($L26="Y",ABS(AE26-1),"") -> 0.064481007 | AG26: =IF(M26="Y",MAX(F26*$E$12,$E$16),F26*$E$12) -> 25000 | AH26: =IF($L26="Y",AG26/$J26,"") -> 0.98039216 | AI26: =IF($L26="Y",ABS(AH26-1),"") -> 0.019607843 | AJ26: =IF(AND(L26="Y",COUNT(G26:I26)>=2),K26,"") -> 1.4285714
A27: P-161 A/B | B27: Closed Drain Drum Pumps | C27: Centrifugal (OH2) | D27: D2 | E27: 2 | F27: 32000 | G27: 32000 | H27: 30000 | J27: =AVERAGE(G27:I27) -> 31000 | K27: =MAX(G27:I27)/MIN(G27:I27) -> 1.0666667 | L27: Y | M27: Y | N27: =J27/F27 -> 0.96875 | O27: =F27*$E$6 -> 32000 | P27: =IF($L27="Y",O27/$J27,"") -> 1.0322581 | Q27: =IF($L27="Y",ABS(P27-1),"") -> 0.032258065 | R27: =F27*$E$7 -> 44194.844 | S27: =IF($L27="Y",R27/$J27,"") -> 1.4256401 | T27: =IF($L27="Y",ABS(S27-1),"") -> 0.42564012 | U27: =F27*$E$8 -> 49666.439 | V27: =IF($L27="Y",U27/$J27,"") -> 1.6021432 | W27: =IF($L27="Y",ABS(V27-1),"") -> 0.60214321 | X27: =F27*1.27425462793664 -> 40776.148 | Y27: =IF($L27="Y",X27/$J27,"") -> 1.3153596 | Z27: =IF($L27="Y",ABS(Y27-1),"") -> 0.31535962 | AA27: =F27*$E$10 -> 43053.412 | AB27: =IF($L27="Y",AA27/$J27,"") -> 1.3888197 | AC27: =IF($L27="Y",ABS(AB27-1),"") -> 0.38881973 | AD27: =F27*$E$11 -> 50892.233 | AE27: =IF($L27="Y",AD27/$J27,"") -> 1.6416849 | AF27: =IF($L27="Y",ABS(AE27-1),"") -> 0.64168494 | AG27: =IF(M27="Y",MAX(F27*$E$12,$E$16),F27*$E$12) -> 43053.412 | AH27: =IF($L27="Y",AG27/$J27,"") -> 1.3888197 | AI27: =IF($L27="Y",ABS(AH27-1),"") -> 0.38881973 | AJ27: =IF(AND(L27="Y",COUNT(G27:I27)>=2),K27,"") -> 1.0666667
A28: P-162 | B28: C. D. Drum / Flare K.O. Drum Sump Pump | C28: Centrifugal (VS4) | D28: S6 | E28: 1 | F28: 15000 | G28: 24000 | H28: 45000 | J28: =AVERAGE(G28:I28) -> 34500 | K28: =MAX(G28:I28)/MIN(G28:I28) -> 1.875 | L28: Y | M28: Y | N28: =J28/F28 -> 2.3 | O28: =F28*$E$6 -> 15000 | P28: =IF($L28="Y",O28/$J28,"") -> 0.43478261 | Q28: =IF($L28="Y",ABS(P28-1),"") -> 0.56521739 | R28: =F28*$E$7 -> 20716.333 | S28: =IF($L28="Y",R28/$J28,"") -> 0.60047342 | T28: =IF($L28="Y",ABS(S28-1),"") -> 0.39952658 | U28: =F28*$E$8 -> 23281.143 | V28: =IF($L28="Y",U28/$J28,"") -> 0.67481575 | W28: =IF($L28="Y",ABS(V28-1),"") -> 0.32518425 | X28: =F28*1.27729147398551 -> 19159.372 | Y28: =IF($L28="Y",X28/$J28,"") -> 0.55534412 | Z28: =IF($L28="Y",ABS(Y28-1),"") -> 0.44465588 | AA28: =F28*$E$10 -> 20181.287 | AB28: =IF($L28="Y",AA28/$J28,"") -> 0.58496483 | AC28: =IF($L28="Y",ABS(AB28-1),"") -> 0.41503517 | AD28: =F28*$E$11 -> 23855.734 | AE28: =IF($L28="Y",AD28/$J28,"") -> 0.69147056 | AF28: =IF($L28="Y",ABS(AE28-1),"") -> 0.30852944 | AG28: =IF(M28="Y",MAX(F28*$E$12,$E$16),F28*$E$12) -> 25000 | AH28: =IF($L28="Y",AG28/$J28,"") -> 0.72463768 | AI28: =IF($L28="Y",ABS(AH28-1),"") -> 0.27536232 | AJ28: =IF(AND(L28="Y",COUNT(G28:I28)>=2),K28,"") -> 1.875
A29: P-164 A/B | B29: O.W.S. Water Pumps | C29: Centrifugal (OH2) | D29: D2 | E29: 2 | F29: 15000 | G29: 29200 | H29: 30000 | J29: =AVERAGE(G29:I29) -> 29600 | K29: =MAX(G29:I29)/MIN(G29:I29) -> 1.0273973 | L29: Y | M29: Y | N29: =J29/F29 -> 1.9733333 | O29: =F29*$E$6 -> 15000 | P29: =IF($L29="Y",O29/$J29,"") -> 0.50675676 | Q29: =IF($L29="Y",ABS(P29-1),"") -> 0.49324324 | R29: =F29*$E$7 -> 20716.333 | S29: =IF($L29="Y",R29/$J29,"") -> 0.69987611 | T29: =IF($L29="Y",ABS(S29-1),"") -> 0.30012389 | U29: =F29*$E$8 -> 23281.143 | V29: =IF($L29="Y",U29/$J29,"") -> 0.78652512 | W29: =IF($L29="Y",ABS(V29-1),"") -> 0.21347488 | X29: =F29*1.27425462793664 -> 19113.819 | Y29: =IF($L29="Y",X29/$J29,"") -> 0.64573714 | Z29: =IF($L29="Y",ABS(Y29-1),"") -> 0.35426286 | AA29: =F29*$E$10 -> 20181.287 | AB29: =IF($L29="Y",AA29/$J29,"") -> 0.68180023 | AC29: =IF($L29="Y",ABS(AB29-1),"") -> 0.31819977 | AD29: =F29*$E$11 -> 23855.734 | AE29: =IF($L29="Y",AD29/$J29,"") -> 0.80593697 | AF29: =IF($L29="Y",ABS(AE29-1),"") -> 0.19406303 | AG29: =IF(M29="Y",MAX(F29*$E$12,$E$16),F29*$E$12) -> 25000 | AH29: =IF($L29="Y",AG29/$J29,"") -> 0.84459459 | AI29: =IF($L29="Y",ABS(AH29-1),"") -> 0.15540541 | AJ29: =IF(AND(L29="Y",COUNT(G29:I29)>=2),K29,"") -> 1.0273973
A30: P-165 A/B | B30: Oily Water Basin Pumps | C30: Centrifugal (OH2) | D30: S6 | E30: 2 | F30: 15000 | G30: 22500 | H30: 30000 | J30: =AVERAGE(G30:I30) -> 26250 | K30: =MAX(G30:I30)/MIN(G30:I30) -> 1.3333333 | L30: Y | M30: Y | N30: =J30/F30 -> 1.75 | O30: =F30*$E$6 -> 15000 | P30: =IF($L30="Y",O30/$J30,"") -> 0.57142857 | Q30: =IF($L30="Y",ABS(P30-1),"") -> 0.42857143 | R30: =F30*$E$7 -> 20716.333 | S30: =IF($L30="Y",R30/$J30,"") -> 0.78919364 | T30: =IF($L30="Y",ABS(S30-1),"") -> 0.21080636 | U30: =F30*$E$8 -> 23281.143 | V30: =IF($L30="Y",U30/$J30,"") -> 0.8869007 | W30: =IF($L30="Y",ABS(V30-1),"") -> 0.1130993 | X30: =F30*1.27729147398551 -> 19159.372 | Y30: =IF($L30="Y",X30/$J30,"") -> 0.72988084 | Z30: =IF($L30="Y",ABS(Y30-1),"") -> 0.27011916 | AA30: =F30*$E$10 -> 20181.287 | AB30: =IF($L30="Y",AA30/$J30,"") -> 0.76881092 | AC30: =IF($L30="Y",ABS(AB30-1),"") -> 0.23118908 | AD30: =F30*$E$11 -> 23855.734 | AE30: =IF($L30="Y",AD30/$J30,"") -> 0.90878988 | AF30: =IF($L30="Y",ABS(AE30-1),"") -> 0.091210121 | AG30: =IF(M30="Y",MAX(F30*$E$12,$E$16),F30*$E$12) -> 25000 | AH30: =IF($L30="Y",AG30/$J30,"") -> 0.95238095 | AI30: =IF($L30="Y",ABS(AH30-1),"") -> 0.047619048 | AJ30: =IF(AND(L30="Y",COUNT(G30:I30)>=2),K30,"") -> 1.3333333
A31: P-171 | B31: Fuel Oil Pump | C31: Centrifugal (Horizontal) | D31: S1 | E31: 1 | F31: 10000 | G31: 12000 | H31: 30000 | J31: =AVERAGE(G31:I31) -> 21000 | K31: =MAX(G31:I31)/MIN(G31:I31) -> 2.5 | L31: Y | M31: Y | N31: =J31/F31 -> 2.1 | O31: =F31*$E$6 -> 10000 | P31: =IF($L31="Y",O31/$J31,"") -> 0.47619048 | Q31: =IF($L31="Y",ABS(P31-1),"") -> 0.52380952 | R31: =F31*$E$7 -> 13810.889 | S31: =IF($L31="Y",R31/$J31,"") -> 0.65766136 | T31: =IF($L31="Y",ABS(S31-1),"") -> 0.34233864 | U31: =F31*$E$8 -> 15520.762 | V31: =IF($L31="Y",U31/$J31,"") -> 0.73908392 | W31: =IF($L31="Y",ABS(V31-1),"") -> 0.26091608 | X31: =F31*1.2649857956038 -> 12649.858 | Y31: =IF($L31="Y",X31/$J31,"") -> 0.60237419 | Z31: =IF($L31="Y",ABS(Y31-1),"") -> 0.39762581 | AA31: =F31*$E$10 -> 13454.191 | AB31: =IF($L31="Y",AA31/$J31,"") -> 0.64067577 | AC31: =IF($L31="Y",ABS(AB31-1),"") -> 0.35932423 | AD31: =F31*$E$11 -> 15903.823 | AE31: =IF($L31="Y",AD31/$J31,"") -> 0.7573249 | AF31: =IF($L31="Y",ABS(AE31-1),"") -> 0.2426751 | AG31: =IF(M31="Y",MAX(F31*$E$12,$E$16),F31*$E$12) -> 25000 | AH31: =IF($L31="Y",AG31/$J31,"") -> 1.1904762 | AI31: =IF($L31="Y",ABS(AH31-1),"") -> 0.19047619 | AJ31: =IF(AND(L31="Y",COUNT(G31:I31)>=2),K31,"") -> 2.5
A32: P-191 | B32: Fire Water Loading Pump | C32: Centrifugal (Horizontal) | D32: I2 | E32: 1 | F32: 6500 | G32: 19000 | H32: 13000 | J32: =AVERAGE(G32:I32) -> 16000 | K32: =MAX(G32:I32)/MIN(G32:I32) -> 1.4615385 | L32: N | M32: N | N32: =J32/F32 -> 2.4615385 | O32: =F32*$E$6 -> 6500 | P32: =IF($L32="Y",O32/$J32,"") | Q32: =IF($L32="Y",ABS(P32-1),"") | R32: =F32*$E$7 -> 8977.0776 | S32: =IF($L32="Y",R32/$J32,"") | T32: =IF($L32="Y",ABS(S32-1),"") | U32: =F32*$E$8 -> 10088.496 | V32: =IF($L32="Y",U32/$J32,"") | W32: =IF($L32="Y",ABS(V32-1),"") | X32: =F32*1.28661751025058 -> 8363.0138 | Y32: =IF($L32="Y",X32/$J32,"") | Z32: =IF($L32="Y",ABS(Y32-1),"") | AA32: =F32*$E$10 -> 8745.2243 | AB32: =IF($L32="Y",AA32/$J32,"") | AC32: =IF($L32="Y",ABS(AB32-1),"") | AD32: =F32*$E$11 -> 10337.485 | AE32: =IF($L32="Y",AD32/$J32,"") | AF32: =IF($L32="Y",ABS(AE32-1),"") | AG32: =IF(M32="Y",MAX(F32*$E$12,$E$16),F32*$E$12) -> 8745.2243 | AH32: =IF($L32="Y",AG32/$J32,"") | AI32: =IF($L32="Y",ABS(AH32-1),"") | AJ32: =IF(AND(L32="Y",COUNT(G32:I32)>=2),K32,"")
A33: P-192 | B33: Fire Water Pump-Elect. Motor Driven | C33: Centrifugal (Horizontal, | D33: I2 | E33: 1 | F33: 80000 | G33: 200000 | H33: 30000 | I33: 698980.33 | J33: =AVERAGE(G33:I33) -> 309660.11 | K33: =MAX(G33:I33)/MIN(G33:I33) -> 23.299344 | L33: N | M33: N | N33: =J33/F33 -> 3.8707514 | O33: =F33*$E$6 -> 80000 | P33: =IF($L33="Y",O33/$J33,"") | Q33: =IF($L33="Y",ABS(P33-1),"") | R33: =F33*$E$7 -> 110487.11 | S33: =IF($L33="Y",R33/$J33,"") | T33: =IF($L33="Y",ABS(S33-1),"") | U33: =F33*$E$8 -> 124166.1 | V33: =IF($L33="Y",U33/$J33,"") | W33: =IF($L33="Y",ABS(V33-1),"") | X33: =F33*1.28661751025058 -> 102929.4 | Y33: =IF($L33="Y",X33/$J33,"") | Z33: =IF($L33="Y",ABS(Y33-1),"") | AA33: =F33*$E$10 -> 107633.53 | AB33: =IF($L33="Y",AA33/$J33,"") | AC33: =IF($L33="Y",ABS(AB33-1),"") | AD33: =F33*$E$11 -> 127230.58 | AE33: =IF($L33="Y",AD33/$J33,"") | AF33: =IF($L33="Y",ABS(AE33-1),"") | AG33: =IF(M33="Y",MAX(F33*$E$12,$E$16),F33*$E$12) -> 107633.53 | AH33: =IF($L33="Y",AG33/$J33,"") | AI33: =IF($L33="Y",ABS(AH33-1),"") | AJ33: =IF(AND(L33="Y",COUNT(G33:I33)>=2),K33,"")
A34: P-193 | B34: Fire Water Pump-Diesel Engine Driven | C34: Centrifugal (Horizontal, | D34: I2 | E34: 1 | F34: 100000 | G34: 225000 | H34: 120000 | I34: 263921.27 | J34: =AVERAGE(G34:I34) -> 202973.76 | K34: =MAX(G34:I34)/MIN(G34:I34) -> 2.1993439 | L34: N | M34: N | N34: =J34/F34 -> 2.0297376 | O34: =F34*$E$6 -> 100000 | P34: =IF($L34="Y",O34/$J34,"") | Q34: =IF($L34="Y",ABS(P34-1),"") | R34: =F34*$E$7 -> 138108.89 | S34: =IF($L34="Y",R34/$J34,"") | T34: =IF($L34="Y",ABS(S34-1),"") | U34: =F34*$E$8 -> 155207.62 | V34: =IF($L34="Y",U34/$J34,"") | W34: =IF($L34="Y",ABS(V34-1),"") | X34: =F34*1.28661751025058 -> 128661.75 | Y34: =IF($L34="Y",X34/$J34,"") | Z34: =IF($L34="Y",ABS(Y34-1),"") | AA34: =F34*$E$10 -> 134541.91 | AB34: =IF($L34="Y",AA34/$J34,"") | AC34: =IF($L34="Y",ABS(AB34-1),"") | AD34: =F34*$E$11 -> 159038.23 | AE34: =IF($L34="Y",AD34/$J34,"") | AF34: =IF($L34="Y",ABS(AE34-1),"") | AG34: =IF(M34="Y",MAX(F34*$E$12,$E$16),F34*$E$12) -> 134541.91 | AH34: =IF($L34="Y",AG34/$J34,"") | AI34: =IF($L34="Y",ABS(AH34-1),"") | AJ34: =IF(AND(L34="Y",COUNT(G34:I34)>=2),K34,"")
A35: P-194 A/B | B35: Fire Water Jockey Pumps | C35: Centrifugal | D35: I2 | E35: 2 | F35: 15000 | G35: 19000 | H35: 21000 | I35: 40424.2 | J35: =AVERAGE(G35:I35) -> 26808.067 | K35: =MAX(G35:I35)/MIN(G35:I35) -> 2.1275895 | L35: N | M35: N | N35: =J35/F35 -> 1.7872044 | O35: =F35*$E$6 -> 15000 | P35: =IF($L35="Y",O35/$J35,"") | Q35: =IF($L35="Y",ABS(P35-1),"") | R35: =F35*$E$7 -> 20716.333 | S35: =IF($L35="Y",R35/$J35,"") | T35: =IF($L35="Y",ABS(S35-1),"") | U35: =F35*$E$8 -> 23281.143 | V35: =IF($L35="Y",U35/$J35,"") | W35: =IF($L35="Y",ABS(V35-1),"") | X35: =F35*1.28661751025058 -> 19299.263 | Y35: =IF($L35="Y",X35/$J35,"") | Z35: =IF($L35="Y",ABS(Y35-1),"") | AA35: =F35*$E$10 -> 20181.287 | AB35: =IF($L35="Y",AA35/$J35,"") | AC35: =IF($L35="Y",ABS(AB35-1),"") | AD35: =F35*$E$11 -> 23855.734 | AE35: =IF($L35="Y",AD35/$J35,"") | AF35: =IF($L35="Y",ABS(AE35-1),"") | AG35: =IF(M35="Y",MAX(F35*$E$12,$E$16),F35*$E$12) -> 20181.287 | AH35: =IF($L35="Y",AG35/$J35,"") | AI35: =IF($L35="Y",ABS(AH35-1),"") | AJ35: =IF(AND(L35="Y",COUNT(G35:I35)>=2),K35,"")
A37: آمار خطا (فقط سطرهای «در آمار = Y»)
A38: کد | B38: روش | C38: تعداد | D38: میانه پیش/واقعی −۱ (سوگیری) | E38: میانه |خطا| (MdAPE) | F38: میانگین |خطا| (MAPE) | G38: تعداد با خطای ≤۲۵٪ | H38: جمع پیش‌بینی/جمع واقعی (وزنی با تعداد)
A39: M0 | B39: =B6 -> بدون تعدیل (یورو ثابت) | C39: =COUNT(P18:P35) -> 14 | D39: =MEDIAN(P18:P35)-1 -> -0.37365644 | E39: =MEDIAN(Q18:Q35) -> 0.37365644 | F39: =AVERAGE(Q18:Q35) -> 0.37234734 | G39: =COUNTIF(Q18:Q35,"<=0.25") -> 3 | H39: =SUMPRODUCT(($L$18:$L$35="Y")*$E$18:$E$35*O18:O35)/SUMPRODUCT(($L$18:$L$35="Y")*$E$18:$E$35*$J$18:$J$35) -> 0.73446193
A40: M1 | B40: =B7 -> تورم ارزی مارون ۳ (۱۳۹۴ تا ۱۴۰۳) | C40: =COUNT(S18:S35) -> 14 | D40: =MEDIAN(S18:S35)-1 -> -0.13496388 | E40: =MEDIAN(T18:T35) -> 0.21998303 | F40: =AVERAGE(T18:T35) -> 0.26138111 | G40: =COUNTIF(T18:T35,"<=0.25") -> 8 | H40: =SUMPRODUCT(($L$18:$L$35="Y")*$E$18:$E$35*R18:R35)/SUMPRODUCT(($L$18:$L$35="Y")*$E$18:$E$35*$J$18:$J$35) -> 1.0143572
A41: M2 | B41: =B8 -> ضریب یورویی پازنان (Basic INFO!C138) | C41: =COUNT(V18:V35) -> 14 | D41: =MEDIAN(V18:V35)-1 -> -0.027867046 | E41: =MEDIAN(W18:W35) -> 0.17359989 | F41: =AVERAGE(W18:W35) -> 0.25805632 | G41: =COUNTIF(W18:W35,"<=0.25") -> 8 | H41: =SUMPRODUCT(($L$18:$L$35="Y")*$E$18:$E$35*U18:U35)/SUMPRODUCT(($L$18:$L$35="Y")*$E$18:$E$35*$J$18:$J$35) -> 1.1399409
A42: M3 | B42: =B9 -> مدل فلزی فعلی شما (ضریب هر سطر) | C42: =COUNT(Y18:Y35) -> 14 | D42: =MEDIAN(Y18:Y35)-1 -> -0.20406498 | E42: =MEDIAN(Z18:Z35) -> 0.28204029 | F42: =AVERAGE(Z18:Z35) -> 0.2859887 | G42: =COUNTIF(Z18:Z35,"<=0.25") -> 6 | H42: =SUMPRODUCT(($L$18:$L$35="Y")*$E$18:$E$35*X18:X35)/SUMPRODUCT(($L$18:$L$35="Y")*$E$18:$E$35*$J$18:$J$35) -> 0.93570194
A43: M4 | B43: =B10 -> PPI پمپ منطقه یورو (Eurostat C28.13) | C43: =COUNT(AB18:AB35) -> 14 | D43: =MEDIAN(AB18:AB35)-1 -> -0.1573054 | E43: =MEDIAN(AC18:AC35) -> 0.24012874 | F43: =AVERAGE(AC18:AC35) -> 0.26877251 | G43: =COUNTIF(AC18:AC35,"<=0.25") -> 8 | H43: =SUMPRODUCT(($L$18:$L$35="Y")*$E$18:$E$35*AA18:AA35)/SUMPRODUCT(($L$18:$L$35="Y")*$E$18:$E$35*$J$18:$J$35) -> 0.98815912
A44: M5 | B44: =B11 -> PPI پمپ آمریکا تبدیل‌شده به یورو | C44: =COUNT(AE18:AE35) -> 14 | D44: =MEDIAN(AE18:AE35)-1 -> -0.0038742953 | E44: =MEDIAN(AF18:AF35) -> 0.17535235 | F44: =AVERAGE(AF18:AF35) -> 0.26442528 | G44: =COUNTIF(AF18:AF35,"<=0.25") -> 9 | H44: =SUMPRODUCT(($L$18:$L$35="Y")*$E$18:$E$35*AD18:AD35)/SUMPRODUCT(($L$18:$L$35="Y")*$E$18:$E$35*$J$18:$J$35) -> 1.1680752
A45: M6 | B45: =B12 -> پیشنهادی: PPI پمپ یورو + کف قیمت پمپ API (S/D) | C45: =COUNT(AH18:AH35) -> 14 | D45: =MEDIAN(AH18:AH35)-1 -> -0.070297462 | E45: =MEDIAN(AI18:AI35) -> 0.13071961 | F45: =AVERAGE(AI18:AI35) -> 0.2084972 | G45: =COUNTIF(AI18:AI35,"<=0.25") -> 10 | H45: =SUMPRODUCT(($L$18:$L$35="Y")*$E$18:$E$35*AG18:AG35)/SUMPRODUCT(($L$18:$L$35="Y")*$E$18:$E$35*$J$18:$J$35) -> 1.0097808
A47: کف نویز داده (پراکندگی استعلام‌ها)
A48: میانه نسبت بیشینه/کمینه استعلام‌ها برای یک Tag (پمپ‌های در آمار با ≥۲ استعلام) | H48: =MEDIAN(AJ18:AJ35) -> 1.3333333
A49: تفسیر: وقتی دو فروشنده برای یک پمپ به‌طور میانه ~۳۳٪ (و گاهی تا ۴ برابر) اختلاف قیمت می‌دهند، هیچ روش تعدیلی نمی‌تواند خطای تک‌قلم را زیر ~۱۵٪ ببرد؛ معیار اصلی باید سوگیری و دقت جمع باشد.
A50: اثر اندازه: پمپ‌های کوچک (قیمت ۱۳۹۳ ≤ ۱۵٬۰۰۰ یورو) ۱٫۵ تا ۳ برابر شده‌اند ولی پمپ‌های بزرگ BB3 فقط ۱٫۲ تا ۱٫۴ برابر؛ یعنی برآوردهای قدیمی پمپ‌های کوچک API کم بوده و بازار امروز یک کف قیمت دارد.

Sheet Val_IRR_Packages
A1: اعتبارسنجی ۲: پکیج‌های تزریق مواد شیمیایی پازنان ۲ — قیمت ریالی ۱۳۹۳ در برابر استعلام ۱۴۰۴
A2: این سطرها آزمون مسیر «ریالی» است: آیا قیمت ریالی قدیم را باید با تورم ریالی (CPI) بالا برد یا با نرخ ارز؟ «واقعی الف» = تنها استعلام کاملاً ریالی (کندر صنعت پارتیان، اسفند ۱۴۰۳)؛ «واقعی ب» = میانگین همه استعلام‌ها (ریالی، دلاری، یورویی) که پازنان با نرخ ۶۵۸٬۵۳۳ ریال/دلار تبدیل کرده است.
A4: ورودی‌ها
A5: نرخ یورو پایه (بهمن ۱۳۹۳، فایل مارون ۳) | E5: =INDEX(Indices!$G$51:$G$71,MATCH(1393,Indices!$A$51:$A$71,0)) -> 40530.8 | F5: Indices
A6: دلار آزاد در تاریخ استعلام (اسفند ۱۴۰۳، تقریبی) | E6: 930000 | F6: تقریبی؛ ۲ اردیبهشت ۱۴۰۴ حدود ۷۹۰٬۰۰۰ و اوایل ۲۰۲۵ حدود ۸۱۷٬۵۰۰ بوده — با نرخ روز استعلام جایگزین شود
A7: یورو/دلار در تاریخ استعلام | E7: 1.04 | F7: فوریه ۲۰۲۵
A8: نرخ یورو هدف (ریال) | E8: =E6*E7 -> 967200 | F8: فرمول
A9: شاخص پمپ EA (۱۳۹۳→۲۰۲۵) | E9: =Val_EUR_Pumps!E10 -> 1.3454191 | F9: Val_EUR_Pumps
A10: ضریب تورم ریالی ۱۳۹۴ تا ۱۴۰۳ (مارون ۳) | E10: =INDEX(Indices!$I$51:$I$71,MATCH(1403,Indices!$A$51:$A$71,0))/INDEX(Indices!$I$51:$I$71,MATCH(1393,Indices!$A$51:$A$71,0)) -> 16.374095 | F10: Indices
A11: ضریب ریالی پازنان (Basic INFO!E127) | E11: 16.259615 | F11: فایل لینک‌شده PZN-Summary؛ عملاً همان CPI
A12: نرخ تسعیر پازنان (ریال/یورو) | E12: =658533*1.05582863728925 -> 695298 | F12: Basic INFO!C101 × C103 (نرخ مرکز مبادله)
A15: Tag | B15: سرویس | C15: تعداد | D15: قیمت ۱۳۹۳ (ریال) | E15: معادل یورویی ۱۳۹۳ | F15: واقعی الف: استعلام ریالی | G15: واقعی ب: میانگین همه (پازنان) | H15: نسبت واقعی الف/قدیم | I15: نسبت واقعی ب/قدیم | J15: R1 تورم ریالی (CPI) | K15: R2 ضریب ریالی پازنان | L15: R3 مدل فلزی فعلی | M15: R4 پیشنهادی: یورو×PPI×نرخ ارز | N15: R1/الف | O15: R2/الف | P15: R3/الف | Q15: R4/الف | R15: R1/ب | S15: R2/ب | T15: R3/ب | U15: R4/ب
A16: PK-180 | B16: Anti Scale Injection Package | C16: 1 | D16: 1750000000 | E16: =D16/$E$5 -> 43177.041 | F16: 62000000000 | G16: 4.9878867e+10 | H16: =F16/D16 -> 35.428571 | I16: =G16/D16 -> 28.50221 | J16: =D16*$E$10 -> 2.8654666e+10 | K16: =D16*$E$11 -> 2.8454327e+10 | L16: =D16*29.3701248418824 -> 5.1397718e+10 | M16: =E16*$E$9*$E$8 -> 5.6185824e+10 | N16: =J16/$F16 -> 0.46217203 | O16: =K16/$F16 -> 0.45894076 | P16: =L16/$F16 -> 0.82899546 | Q16: =M16/$F16 -> 0.90622297 | R16: =J16/$G16 -> 0.57448509 | S16: =K16/$G16 -> 0.57046859 | T16: =L16/$G16 -> 1.0304508 | U16: =M16/$G16 -> 1.1264455
A17: PK-181 | B17: Demulsifier Injection Package | C17: 1 | D17: 3000000000 | E17: =D17/$E$5 -> 74017.784 | F17: 86500000000 | G17: 7.3692915e+10 | H17: =F17/D17 -> 28.833333 | I17: =G17/D17 -> 24.564305 | J17: =D17*$E$10 -> 4.9122284e+10 | K17: =D17*$E$11 -> 4.8778846e+10 | L17: =D17*29.3701248418824 -> 8.8110375e+10 | M17: =E17*$E$9*$E$8 -> 9.6318555e+10 | N17: =J17/$F17 -> 0.56788768 | O17: =K17/$F17 -> 0.5639173 | P17: =L17/$F17 -> 1.018617 | Q17: =M17/$F17 -> 1.1135093 | R17: =J17/$G17 -> 0.66658083 | S17: =K17/$G17 -> 0.66192044 | T17: =L17/$G17 -> 1.1956424 | U17: =M17/$G17 -> 1.307026
A18: PK-182 | B18: Reverse Demulsifier Injection Package | C18: 1 | D18: 1750000000 | E18: =D18/$E$5 -> 43177.041 | F18: 62000000000 | G18: 5.0976422e+10 | H18: =F18/D18 -> 35.428571 | I18: =G18/D18 -> 29.129384 | J18: =D18*$E$10 -> 2.8654666e+10 | K18: =D18*$E$11 -> 2.8454327e+10 | L18: =D18*29.3701248418824 -> 5.1397718e+10 | M18: =E18*$E$9*$E$8 -> 5.6185824e+10 | N18: =J18/$F18 -> 0.46217203 | O18: =K18/$F18 -> 0.45894076 | P18: =L18/$F18 -> 0.82899546 | Q18: =M18/$F18 -> 0.90622297 | R18: =J18/$G18 -> 0.56211606 | S18: =K18/$G18 -> 0.55818603 | T18: =L18/$G18 -> 1.0082645 | U18: =M18/$G18 -> 1.1021924
A19: PK-183 | B19: Biocide Injection Package | C19: 1 | D19: 1900000000 | E19: =D19/$E$5 -> 46877.93 | F19: 62000000000 | G19: 5.2073977e+10 | H19: =F19/D19 -> 32.631579 | I19: =G19/D19 -> 27.407357 | J19: =D19*$E$10 -> 3.111078e+10 | K19: =D19*$E$11 -> 3.0893269e+10 | L19: =D19*29.3701248418824 -> 5.5803237e+10 | M19: =E19*$E$9*$E$8 -> 6.1001752e+10 | N19: =J19/$F19 -> 0.50178677 | O19: =K19/$F19 -> 0.49827854 | P19: =L19/$F19 -> 0.90005221 | Q19: =M19/$F19 -> 0.98389922 | R19: =J19/$G19 -> 0.59743429 | S19: =K19/$G19 -> 0.59325734 | T19: =L19/$G19 -> 1.0716147 | U19: =M19/$G19 -> 1.1714441
A20: PK-184 | B20: Oxygen Scavenger Injection Package | C20: 1 | D20: 1350000000 | E20: =D20/$E$5 -> 33308.003 | F20: 50500000000 | G20: 4.0488071e+10 | H20: =F20/D20 -> 37.407407 | I20: =G20/D20 -> 29.991164 | J20: =D20*$E$10 -> 2.2105028e+10 | K20: =D20*$E$11 -> 2.1950481e+10 | L20: =D20*29.2979785279696 -> 3.9552271e+10 | M20: =E20*$E$9*$E$8 -> 4.334335e+10 | N20: =J20/$F20 -> 0.43772332 | O20: =K20/$F20 -> 0.43466299 | P20: =L20/$F20 -> 0.78321329 | Q20: =M20/$F20 -> 0.85828416 | R20: =J20/$G20 -> 0.54596396 | S20: =K20/$G20 -> 0.54214686 | T20: =L20/$G20 -> 0.97688701 | U20: =M20/$G20 -> 1.0705215
A21: PK-185 | B21: Anti Scale Injection Package | C21: 1 | D21: 1750000000 | E21: =D21/$E$5 -> 43177.041 | F21: 62000000000 | G21: 5.2073977e+10 | H21: =F21/D21 -> 35.428571 | I21: =G21/D21 -> 29.756558 | J21: =D21*$E$10 -> 2.8654666e+10 | K21: =D21*$E$11 -> 2.8454327e+10 | L21: =D21*29.3701248418824 -> 5.1397718e+10 | M21: =E21*$E$9*$E$8 -> 5.6185824e+10 | N21: =J21/$F21 -> 0.46217203 | O21: =K21/$F21 -> 0.45894076 | P21: =L21/$F21 -> 0.82899546 | Q21: =M21/$F21 -> 0.90622297 | R21: =J21/$G21 -> 0.55026843 | S21: =K21/$G21 -> 0.54642123 | T21: =L21/$G21 -> 0.9870135 | U21: =M21/$G21 -> 1.0789616
A22: PK-186 | B22: Corrosion Inhibitor Injection Package | C22: 1 | D22: 1750000000 | E22: =D22/$E$5 -> 43177.041 | F22: 62000000000 | G22: 5.2073977e+10 | H22: =F22/D22 -> 35.428571 | I22: =G22/D22 -> 29.756558 | J22: =D22*$E$10 -> 2.8654666e+10 | K22: =D22*$E$11 -> 2.8454327e+10 | L22: =D22*29.3701248418824 -> 5.1397718e+10 | M22: =E22*$E$9*$E$8 -> 5.6185824e+10 | N22: =J22/$F22 -> 0.46217203 | O22: =K22/$F22 -> 0.45894076 | P22: =L22/$F22 -> 0.82899546 | Q22: =M22/$F22 -> 0.90622297 | R22: =J22/$G22 -> 0.55026843 | S22: =K22/$G22 -> 0.54642123 | T22: =L22/$G22 -> 0.9870135 | U22: =M22/$G22 -> 1.0789616
A23: PK-187 | B23: Anti Scale Injection Package | C23: 1 | D23: 1750000000 | E23: =D23/$E$5 -> 43177.041 | F23: 62000000000 | G23: 5.2073977e+10 | H23: =F23/D23 -> 35.428571 | I23: =G23/D23 -> 29.756558 | J23: =D23*$E$10 -> 2.8654666e+10 | K23: =D23*$E$11 -> 2.8454327e+10 | L23: =D23*29.3701248418824 -> 5.1397718e+10 | M23: =E23*$E$9*$E$8 -> 5.6185824e+10 | N23: =J23/$F23 -> 0.46217203 | O23: =K23/$F23 -> 0.45894076 | P23: =L23/$F23 -> 0.82899546 | Q23: =M23/$F23 -> 0.90622297 | R23: =J23/$G23 -> 0.55026843 | S23: =K23/$G23 -> 0.54642123 | T23: =L23/$G23 -> 0.9870135 | U23: =M23/$G23 -> 1.0789616
A24: PK-188 | B24: Oxygen Scavenger Injection Package | C24: 1 | D24: 1400000000 | E24: =D24/$E$5 -> 34541.633 | F24: 50500000000 | G24: 4.3780736e+10 | H24: =F24/D24 -> 36.071429 | I24: =G24/D24 -> 31.271955 | J24: =D24*$E$10 -> 2.2923733e+10 | K24: =D24*$E$11 -> 2.2763462e+10 | L24: =D24*29.2979785279696 -> 4.101717e+10 | M24: =E24*$E$9*$E$8 -> 4.4948659e+10 | N24: =J24/$F24 -> 0.4539353 | O24: =K24/$F24 -> 0.45076161 | P24: =L24/$F24 -> 0.81222119 | Q24: =M24/$F24 -> 0.89007246 | R24: =J24/$G24 -> 0.52360317 | S24: =K24/$G24 -> 0.51994241 | T24: =L24/$G24 -> 0.93687711 | U24: =M24/$G24 -> 1.0266766
A25: PK-189 | B25: Oxygen Scavenger Injection Package | C25: 1 | D25: 1350000000 | E25: =D25/$E$5 -> 33308.003 | F25: 50500000000 | G25: 4.0488071e+10 | H25: =F25/D25 -> 37.407407 | I25: =G25/D25 -> 29.991164 | J25: =D25*$E$10 -> 2.2105028e+10 | K25: =D25*$E$11 -> 2.1950481e+10 | L25: =D25*29.2979785279696 -> 3.9552271e+10 | M25: =E25*$E$9*$E$8 -> 4.334335e+10 | N25: =J25/$F25 -> 0.43772332 | O25: =K25/$F25 -> 0.43466299 | P25: =L25/$F25 -> 0.78321329 | Q25: =M25/$F25 -> 0.85828416 | R25: =J25/$G25 -> 0.54596396 | S25: =K25/$G25 -> 0.54214686 | T25: =L25/$G25 -> 0.97688701 | U25: =M25/$G25 -> 1.0705215
A26: PK-212 | B26: Demulsifier Injection Package | C26: 1 | D26: 1900000000 | E26: =D26/$E$5 -> 46877.93 | F26: 64300000000 | G26: 5.5035754e+10 | H26: =F26/D26 -> 33.842105 | I26: =G26/D26 -> 28.966186 | J26: =D26*$E$10 -> 3.111078e+10 | K26: =D26*$E$11 -> 3.0893269e+10 | L26: =D26*29.3701248418824 -> 5.5803237e+10 | M26: =E26*$E$9*$E$8 -> 6.1001752e+10 | N26: =J26/$F26 -> 0.48383795 | O26: =K26/$F26 -> 0.4804552 | P26: =L26/$F26 -> 0.8678575 | Q26: =M26/$F26 -> 0.94870532 | R26: =J26/$G26 -> 0.56528307 | S26: =K26/$G26 -> 0.5613309 | T26: =L26/$G26 -> 1.0139452 | U26: =M26/$G26 -> 1.1084022
A28: میانه نسبت‌ها | H28: =MEDIAN(H16:H26) -> 35.428571 | I28: =MEDIAN(I16:I26) -> 29.756558 | N28: =MEDIAN(N16:N26) -> 0.46217203 | O28: =MEDIAN(O16:O26) -> 0.45894076 | P28: =MEDIAN(P16:P26) -> 0.82899546 | Q28: =MEDIAN(Q16:Q26) -> 0.90622297 | R28: =MEDIAN(R16:R26) -> 0.55026843 | S28: =MEDIAN(S16:S26) -> 0.54642123 | T28: =MEDIAN(T16:T26) -> 0.9870135 | U28: =MEDIAN(U16:U26) -> 1.0789616
A29: جمع پیش‌بینی / جمع واقعی | N29: =SUMPRODUCT($C$16:$C$26,J16:J26)/SUMPRODUCT($C$16:$C$26,$F$16:$F$26) -> 0.47716293 | O29: =SUMPRODUCT($C$16:$C$26,K16:K26)/SUMPRODUCT($C$16:$C$26,$F$16:$F$26) -> 0.47382685 | P29: =SUMPRODUCT($C$16:$C$26,L16:L26)/SUMPRODUCT($C$16:$C$26,$F$16:$F$26) -> 0.85544587 | Q29: =SUMPRODUCT($C$16:$C$26,M16:M26)/SUMPRODUCT($C$16:$C$26,$F$16:$F$26) -> 0.93561699 | R29: =SUMPRODUCT($C$16:$C$26,J16:J26)/SUMPRODUCT($C$16:$C$26,$G$16:$G$26) -> 0.57186268 | S29: =SUMPRODUCT($C$16:$C$26,K16:K26)/SUMPRODUCT($C$16:$C$26,$G$16:$G$26) -> 0.56786451 | T29: =SUMPRODUCT($C$16:$C$26,L16:L26)/SUMPRODUCT($C$16:$C$26,$G$16:$G$26) -> 1.0252213 | U29: =SUMPRODUCT($C$16:$C$26,M16:M26)/SUMPRODUCT($C$16:$C$26,$G$16:$G$26) -> 1.1213035
A31: آزمون حساسیت: نرخ دلار لازم برای اینکه روش R4 دقیقاً میانه «واقعی الف» را بدهد | M31: =$E$6*MEDIAN(H16:H26)/(($E$9*$E$8)/$E$5) -> 1026237.5 | N31: ریال/دلار
A32: نتیجه: مسیر تورم ریالی (R1، R2) قیمت را حدود نصف واقعیت برآورد می‌کند؛ چون از ۱۳۹۳ تا ۱۴۰۳ دلار ~۲۸ برابر ولی CPI ~۱۶ برابر شده و قیمت پمپ و پکیج (حتی سازنده داخلی) به ارز گره خورده است.
A33: نکته: هر سه فروشنده (یکی ریالی، یکی دلاری، یکی یورویی) سازنده داخلی‌اند؛ یعنی «ساخت داخل» به معنای «ریالی» نیست.

Sheet Drivers
A1: تفکیک اثر عوامل: تورم ارزی، تورم ریالی، نرخ ارز و فلزات (۱۳۹۳ → ۱۴۰۳/۱۴۰۴)
A3: عامل | B3: ضریب ۱۳۹۳→هدف | C3: توضیح
A4: نرخ یورو (ریال) — بهمن ۱۳۹۳ تا اسفند ۱۴۰۳ | B4: =Val_IRR_Packages!E8/Val_IRR_Packages!E5 -> 23.863334 | C4: کاهش ارزش ریال؛ بزرگ‌ترین عامل
A5: شاخص قیمت پمپ به یورو (EA PPI C28.13) | B5: =Val_EUR_Pumps!E10 -> 1.3454191 | C5: تورم ارزیِ خاصِ صنعت پمپ؛ اثر فلزات، دستمزد و انرژی سازنده در آن نهفته است
A6: حاصل‌ضرب: «شاخص ریالیِ پمپ» | B6: =B4*B5 -> 32.106185 | C6: پیش‌بینی روش پیشنهادی برای قیمت ریالی
A7: تورم ریالی تجمعی (CPI، مارون ۳) | B7: =Val_IRR_Packages!E10 -> 16.374095 | C7: مسیر CPI
A8: مشاهده‌شده: میانه استعلام ریالی/قیمت قدیم | B8: =Val_IRR_Packages!H28 -> 35.428571 | C8: پکیج‌های تزریق، واقعی الف
A9: مشاهده‌شده: پمپ‌ها، میانه نسبت یورویی واقعی/قدیم | B9: =MEDIAN(Val_EUR_Pumps!N18:N35) -> 1.7686022 | C9: در یورو؛ شامل اثر کف قیمت پمپ‌های کوچک
A10: مشاهده‌شده: پمپ‌ها، جمع واقعی/جمع قدیم (بدون آتش‌نشانی) | B10: =SUMPRODUCT((Val_EUR_Pumps!L18:L35="Y")*Val_EUR_Pumps!E18:E35*Val_EUR_Pumps!J18:J35)/SUMPRODUCT((Val_EUR_Pumps!L18:L35="Y")*Val_EUR_Pumps!E18:E35*Val_EUR_Pumps!F18:F35) -> 1.361541 | C10: در یورو، وزنی با مبلغ
A11: سبد فلزی پمپ به دلار (۱۳۹۳→۱۴۰۴) | B11: =1+Indices!G44 -> 1.1340982 | C11: فولاد ثابت، نیکل −۱۰٪، مولیبدن ×۲٫۲، مس +۴۵٪
A12: سبد فلزی پمپ به یورو | B12: =B11*Val_EUR_Pumps!E14/Val_EUR_Pumps!E15 -> 1.1809188 | C12: با تبدیل یورو/دلار
A13: سهم مستقیم فلز در رشد قیمت (فرض سهم فلز) | B13: =Indices!C6*(B12-1) -> 0.054275636 | C13: سهم فلز × تغییر سبد فلزی؛ در برابر کل رشد ~۳۵٪
A15: برداشت:
A16: ۱) قیمت ریالی پمپ ≈ قیمت یورویی × نرخ یورو. ضریب «یورو × PPI» (حدود ۳۰ تا ۳۲) با مشاهده (۳۰ تا ۳۵) می‌خواند؛ CPI (حدود ۱۶) نصف واقعیت است.
A17: ۲) در خود یورو، رشد قیمت پمپ طی ۱۰ سال حدود ۳۵٪ (۳٪ در سال) بوده که دو سوم آن در ۲۰۲۲ و ۲۰۲۳ رخ داده است.
A18: ۳) اثر مستقیم فلزات کوچک است (چند درصد) و خودش داخل PPI لحاظ شده؛ اضافه‌کردن جداگانه شاخص فلزی روی PPI دوباره‌شماری است.
A19: ۴) فلزات فقط برای «پیش‌بینی» سال‌هایی که هنوز PPI رسمی ندارند (۲۰۲۶ به بعد) و برای تحلیل حساسیت (شوک نیکل/مس برای پمپ‌های دوپلکس) کاربرد دارند.
A22: مقایسه سالانه: شاخص ریالیِ پمپ (یورو×PPI) در برابر شاخص تورم ریالی (۱۳۹۳ = ۱)
A23: سال شمسی | B23: شاخص پمپ به یورو | C23: نرخ یورو | D23: شاخص ریالی پمپ | E23: شاخص CPI | F23: نسبت پمپ/CPI
A24: 1393 | B24: =INDEX(Indices!$C$51:$C$71,MATCH(A24,Indices!$A$51:$A$71,0))/INDEX(Indices!$C$51:$C$71,MATCH(1393,Indices!$A$51:$A$71,0)) -> 1 | C24: =INDEX(Indices!$G$51:$G$71,MATCH(A24,Indices!$A$51:$A$71,0))/INDEX(Indices!$G$51:$G$71,MATCH(1393,Indices!$A$51:$A$71,0)) -> 1 | D24: =B24*C24 -> 1 | E24: =INDEX(Indices!$I$51:$I$71,MATCH(A24,Indices!$A$51:$A$71,0))/INDEX(Indices!$I$51:$I$71,MATCH(1393,Indices!$A$51:$A$71,0)) -> 1 | F24: =D24/E24 -> 1
A25: 1394 | B25: =INDEX(Indices!$C$51:$C$71,MATCH(A25,Indices!$A$51:$A$71,0))/INDEX(Indices!$C$51:$C$71,MATCH(1393,Indices!$A$51:$A$71,0)) -> 1.0076631 | C25: =INDEX(Indices!$G$51:$G$71,MATCH(A25,Indices!$A$51:$A$71,0))/INDEX(Indices!$G$51:$G$71,MATCH(1393,Indices!$A$51:$A$71,0)) -> 0.91745043 | D25: =B25*C25 -> 0.92448094 | E25: =INDEX(Indices!$I$51:$I$71,MATCH(A25,Indices!$A$51:$A$71,0))/INDEX(Indices!$I$51:$I$71,MATCH(1393,Indices!$A$51:$A$71,0)) -> 1.119 | F25: =D25/E25 -> 0.82616706
A26: 1395 | B26: =INDEX(Indices!$C$51:$C$71,MATCH(A26,Indices!$A$51:$A$71,0))/INDEX(Indices!$C$51:$C$71,MATCH(1393,Indices!$A$51:$A$71,0)) -> 1.0160159 | C26: =INDEX(Indices!$G$51:$G$71,MATCH(A26,Indices!$A$51:$A$71,0))/INDEX(Indices!$G$51:$G$71,MATCH(1393,Indices!$A$51:$A$71,0)) -> 0.99961017 | D26: =B26*C26 -> 1.0156198 | E26: =INDEX(Indices!$I$51:$I$71,MATCH(A26,Indices!$A$51:$A$71,0))/INDEX(Indices!$I$51:$I$71,MATCH(1393,Indices!$A$51:$A$71,0)) -> 1.21971 | F26: =D26/E26 -> 0.83267316
A27: 1396 | B27: =INDEX(Indices!$C$51:$C$71,MATCH(A27,Indices!$A$51:$A$71,0))/INDEX(Indices!$C$51:$C$71,MATCH(1393,Indices!$A$51:$A$71,0)) -> 1.0269631 | C27: =INDEX(Indices!$G$51:$G$71,MATCH(A27,Indices!$A$51:$A$71,0))/INDEX(Indices!$G$51:$G$71,MATCH(1393,Indices!$A$51:$A$71,0)) -> 1.1430813 | D27: =B27*C27 -> 1.1739023 | E27: =INDEX(Indices!$I$51:$I$71,MATCH(A27,Indices!$A$51:$A$71,0))/INDEX(Indices!$I$51:$I$71,MATCH(1393,Indices!$A$51:$A$71,0)) -> 1.3368022 | F27: =D27/E27 -> 0.87814217
A28: 1397 | B28: =INDEX(Indices!$C$51:$C$71,MATCH(A28,Indices!$A$51:$A$71,0))/INDEX(Indices!$C$51:$C$71,MATCH(1393,Indices!$A$51:$A$71,0)) -> 1.0397495 | C28: =INDEX(Indices!$G$51:$G$71,MATCH(A28,Indices!$A$51:$A$71,0))/INDEX(Indices!$G$51:$G$71,MATCH(1393,Indices!$A$51:$A$71,0)) -> 2.4746612 | D28: =B28*C28 -> 2.5730279 | E28: =INDEX(Indices!$I$51:$I$71,MATCH(A28,Indices!$A$51:$A$71,0))/INDEX(Indices!$I$51:$I$71,MATCH(1393,Indices!$A$51:$A$71,0)) -> 1.7538844 | F28: =D28/E28 -> 1.4670453
A29: 1398 | B29: =INDEX(Indices!$C$51:$C$71,MATCH(A29,Indices!$A$51:$A$71,0))/INDEX(Indices!$C$51:$C$71,MATCH(1393,Indices!$A$51:$A$71,0)) -> 1.058535 | C29: =INDEX(Indices!$G$51:$G$71,MATCH(A29,Indices!$A$51:$A$71,0))/INDEX(Indices!$G$51:$G$71,MATCH(1393,Indices!$A$51:$A$71,0)) -> 3.3159967 | D29: =B29*C29 -> 3.5100987 | E29: =INDEX(Indices!$I$51:$I$71,MATCH(A29,Indices!$A$51:$A$71,0))/INDEX(Indices!$I$51:$I$71,MATCH(1393,Indices!$A$51:$A$71,0)) -> 2.4764848 | F29: =D29/E29 -> 1.4173714
A30: 1399 | B30: =INDEX(Indices!$C$51:$C$71,MATCH(A30,Indices!$A$51:$A$71,0))/INDEX(Indices!$C$51:$C$71,MATCH(1393,Indices!$A$51:$A$71,0)) -> 1.0757004 | C30: =INDEX(Indices!$G$51:$G$71,MATCH(A30,Indices!$A$51:$A$71,0))/INDEX(Indices!$G$51:$G$71,MATCH(1393,Indices!$A$51:$A$71,0)) -> 6.7504219 | D30: =B30*C30 -> 7.2614312 | E30: =INDEX(Indices!$I$51:$I$71,MATCH(A30,Indices!$A$51:$A$71,0))/INDEX(Indices!$I$51:$I$71,MATCH(1393,Indices!$A$51:$A$71,0)) -> 3.6404327 | F30: =D30/E30 -> 1.9946616
A31: 1400 | B31: =INDEX(Indices!$C$51:$C$71,MATCH(A31,Indices!$A$51:$A$71,0))/INDEX(Indices!$C$51:$C$71,MATCH(1393,Indices!$A$51:$A$71,0)) -> 1.1161067 | C31: =INDEX(Indices!$G$51:$G$71,MATCH(A31,Indices!$A$51:$A$71,0))/INDEX(Indices!$G$51:$G$71,MATCH(1393,Indices!$A$51:$A$71,0)) -> 7.8606887 | D31: =B31*C31 -> 8.7733674 | E31: =INDEX(Indices!$I$51:$I$71,MATCH(A31,Indices!$A$51:$A$71,0))/INDEX(Indices!$I$51:$I$71,MATCH(1393,Indices!$A$51:$A$71,0)) -> 5.3223126 | F31: =D31/E31 -> 1.6484126
A32: 1401 | B32: =INDEX(Indices!$C$51:$C$71,MATCH(A32,Indices!$A$51:$A$71,0))/INDEX(Indices!$C$51:$C$71,MATCH(1393,Indices!$A$51:$A$71,0)) -> 1.2179163 | C32: =INDEX(Indices!$G$51:$G$71,MATCH(A32,Indices!$A$51:$A$71,0))/INDEX(Indices!$G$51:$G$71,MATCH(1393,Indices!$A$51:$A$71,0)) -> 9.0671785 | D32: =B32*C32 -> 11.043065 | E32: =INDEX(Indices!$I$51:$I$71,MATCH(A32,Indices!$A$51:$A$71,0))/INDEX(Indices!$I$51:$I$71,MATCH(1393,Indices!$A$51:$A$71,0)) -> 7.7971879 | F32: =D32/E32 -> 1.4162881
A33: 1402 | B33: =INDEX(Indices!$C$51:$C$71,MATCH(A33,Indices!$A$51:$A$71,0))/INDEX(Indices!$C$51:$C$71,MATCH(1393,Indices!$A$51:$A$71,0)) -> 1.3054725 | C33: =INDEX(Indices!$G$51:$G$71,MATCH(A33,Indices!$A$51:$A$71,0))/INDEX(Indices!$G$51:$G$71,MATCH(1393,Indices!$A$51:$A$71,0)) -> 13.856129 | D33: =B33*C33 -> 18.088796 | E33: =INDEX(Indices!$I$51:$I$71,MATCH(A33,Indices!$A$51:$A$71,0))/INDEX(Indices!$I$51:$I$71,MATCH(1393,Indices!$A$51:$A$71,0)) -> 11.695782 | F33: =D33/E33 -> 1.5466085
A34: 1403 | B34: =INDEX(Indices!$C$51:$C$71,MATCH(A34,Indices!$A$51:$A$71,0))/INDEX(Indices!$C$51:$C$71,MATCH(1393,Indices!$A$51:$A$71,0)) -> 1.3350411 | C34: =INDEX(Indices!$G$51:$G$71,MATCH(A34,Indices!$A$51:$A$71,0))/INDEX(Indices!$G$51:$G$71,MATCH(1393,Indices!$A$51:$A$71,0)) -> 17.053697 | D34: =B34*C34 -> 22.767387 | E34: =INDEX(Indices!$I$51:$I$71,MATCH(A34,Indices!$A$51:$A$71,0))/INDEX(Indices!$I$51:$I$71,MATCH(1393,Indices!$A$51:$A$71,0)) -> 16.374095 | F34: =D34/E34 -> 1.3904517
A35: 1404 | B35: =INDEX(Indices!$C$51:$C$71,MATCH(A35,Indices!$A$51:$A$71,0))/INDEX(Indices!$C$51:$C$71,MATCH(1393,Indices!$A$51:$A$71,0)) -> 1.3510699 | C35: =INDEX(Indices!$G$51:$G$71,MATCH(A35,Indices!$A$51:$A$71,0))/INDEX(Indices!$G$51:$G$71,MATCH(1393,Indices!$A$51:$A$71,0)) -> 27.880032 | D35: =B35*C35 -> 37.667871 | E35: =INDEX(Indices!$I$51:$I$71,MATCH(A35,Indices!$A$51:$A$71,0))/INDEX(Indices!$I$51:$I$71,MATCH(1393,Indices!$A$51:$A$71,0)) -> 26.198551 | F35: =D35/E35 -> 1.4377845
A36: 1405 | B36: =INDEX(Indices!$C$51:$C$71,MATCH(A36,Indices!$A$51:$A$71,0))/INDEX(Indices!$C$51:$C$71,MATCH(1393,Indices!$A$51:$A$71,0)) -> 1.3780913 | C36: =INDEX(Indices!$G$51:$G$71,MATCH(A36,Indices!$A$51:$A$71,0))/INDEX(Indices!$G$51:$G$71,MATCH(1393,Indices!$A$51:$A$71,0)) -> 70.93371 | D36: =B36*C36 -> 97.753126 | E36: =INDEX(Indices!$I$51:$I$71,MATCH(A36,Indices!$A$51:$A$71,0))/INDEX(Indices!$I$51:$I$71,MATCH(1393,Indices!$A$51:$A$71,0)) -> 31.438262 | F36: =D36/E36 -> 3.109368
A38: توجه: نرخ یورو این جدول از ستون «نرخ مؤثر یورو» Indices است (میانگین سالانه تقریبی، و برای ۱۳۹۳ نرخ مارون ۳)؛ با سری رسمی جایگزین کنید.

Sheet Pump_Bank_Escalated
A1: بانک قیمت پمپ‌ها به سال هدف با روش پیشنهادی (لنگر یورو + PPI پمپ + کف قیمت + نرخ ارز هدف)
A3: سال هدف | D3: 1405 | F3: روش: یورو پایه = قیمت ÷ نرخ تسعیرِ همان منبع ← × شاخص پمپ(هدف)/شاخص پمپ(پایه) ← اگر مشمول کف: MAX(…، کف×شاخص) ← × نرخ یورو هدف
A4: نرخ یورو هدف (ریال) — پیش‌فرض از Indices | D4: 2850000 | F4: هشدار: نرخ تسعیر منبع را همانی بگذارید که منبع با آن ریال را ساخته (گچساران ۴: ۴۲۰٬۰۰۰×۱٫۰۸۵؛ پازنان: ۶۵۸٬۵۳۳×۱٫۰۵۶). ستون «مدل فعلی» برای مقایسه از خروجی مدل شما کپی شده (ثابت).
A5: نرخ یورو هدف دستی (اختیاری، مثلاً نرخ مرکز مبادله یا روز)
A6: نرخ یورو مؤثر هدف | D6: =IF(D5="",D4,D5) -> 2850000
A7: کف قیمت پمپ API (یورو، سطح ۱۴۰۴) | D7: =Val_EUR_Pumps!E16 -> 25000
A8: شاخص پمپ سال هدف / ۱۴۰۴ | D8: =INDEX(Indices!$C$51:$C$71,MATCH(D3,Indices!$A$51:$A$71,0))/INDEX(Indices!$C$51:$C$71,MATCH(1404,Indices!$A$51:$A$71,0)) -> 1.02
A10: منبع | B10: Tag | C10: سرویس | D10: نوع (اصلاح‌شده) | E10: تعداد | F10: سال پایه | G10: ارز پایه | H10: قیمت واحد پایه | I10: نرخ تسعیر منبع به یورو | J10: یورو پایه | K10: ضریب PPI پمپ | L10: یورو تعدیل‌شده | M10: مشمول کف؟ | N10: یورو نهایی (واحد) | O10: ریال واحد (سال هدف) | P10: ریال کل | Q10: مدل فعلی: ریال واحد ۱۴۰۵ | R10: اختلاف با مدل فعلی | S10: یادداشت
A11: KPL R03 (1394) | B11: P-111 A/B/C | C11: Salty Crude Transfer Pumps | D11: API 610 دوپلکس/D | E11: 3 | F11: 1394 | G11: EUR | H11: 55000 | I11: 1 | J11: =H11/I11 -> 55000 | K11: =INDEX(Indices!$C$51:$C$71,MATCH($D$3,Indices!$A$51:$A$71,0))/INDEX(Indices!$C$51:$C$71,MATCH(F11,Indices!$A$51:$A$71,0)) -> 1.3676112 | L11: =J11*K11 -> 75218.613 | M11: Y | N11: =IF(M11="Y",MAX(L11,$D$7*$D$8),L11) -> 75218.613 | O11: =N11*$D$6 -> 2.1437305e+11 | P11: =O11*E11 -> 6.4311914e+11 | Q11: 2.5355627e+11 | R11: =IF(Q11="","",O11/Q11-1) -> -0.15453463
A12: KPL R03 (1394) | B12: P-114 A/B/C | C12: Salty Crude Booster Pumps | D12: API 610 دوپلکس/D | E12: 3 | F12: 1394 | G12: EUR | H12: 60000 | I12: 1 | J12: =H12/I12 -> 60000 | K12: =INDEX(Indices!$C$51:$C$71,MATCH($D$3,Indices!$A$51:$A$71,0))/INDEX(Indices!$C$51:$C$71,MATCH(F12,Indices!$A$51:$A$71,0)) -> 1.3676112 | L12: =J12*K12 -> 82056.669 | M12: Y | N12: =IF(M12="Y",MAX(L12,$D$7*$D$8),L12) -> 82056.669 | O12: =N12*$D$6 -> 2.3386151e+11 | P12: =O12*E12 -> 7.0158452e+11 | Q12: 2.7660684e+11 | R12: =IF(Q12="","",O12/Q12-1) -> -0.15453463
A13: KPL R03 (1394) | B13: P-135 A/B | C13: Dirty Oil Pumps | D13: جابه‌جایی مثبت | E13: 2 | F13: 1394 | G13: EUR | H13: 10000 | I13: 1 | J13: =H13/I13 -> 10000 | K13: =INDEX(Indices!$C$51:$C$71,MATCH($D$3,Indices!$A$51:$A$71,0))/INDEX(Indices!$C$51:$C$71,MATCH(F13,Indices!$A$51:$A$71,0)) -> 1.3676112 | L13: =J13*K13 -> 13676.112 | M13: N | N13: =IF(M13="Y",MAX(L13,$D$7*$D$8),L13) -> 13676.112 | O13: =N13*$D$6 -> 3.8976918e+10 | P13: =O13*E13 -> 7.7953836e+10 | Q13: 4.3288163e+10 | R13: =IF(Q13="","",O13/Q13-1) -> -0.099594095
A14: KPL R03 (1394) | B14: P-136 A/B | C14: Free Water Transfer Pumps | D14: API 610 دوپلکس/D | E14: 2 | F14: 1394 | G14: EUR | H14: 30000 | I14: 1 | J14: =H14/I14 -> 30000 | K14: =INDEX(Indices!$C$51:$C$71,MATCH($D$3,Indices!$A$51:$A$71,0))/INDEX(Indices!$C$51:$C$71,MATCH(F14,Indices!$A$51:$A$71,0)) -> 1.3676112 | L14: =J14*K14 -> 41028.335 | M14: Y | N14: =IF(M14="Y",MAX(L14,$D$7*$D$8),L14) -> 41028.335 | O14: =N14*$D$6 -> 1.1693075e+11 | P14: =O14*E14 -> 2.3386151e+11 | Q14: 1.3830342e+11 | R14: =IF(Q14="","",O14/Q14-1) -> -0.15453463
A15: KPL R03 (1394) | B15: P-137 A/B | C15: Disposal Water InjectionPumps | D15: API 610 دوپلکس/D | E15: 2 | F15: 1394 | G15: EUR | H15: 210000 | I15: 1 | J15: =H15/I15 -> 210000 | K15: =INDEX(Indices!$C$51:$C$71,MATCH($D$3,Indices!$A$51:$A$71,0))/INDEX(Indices!$C$51:$C$71,MATCH(F15,Indices!$A$51:$A$71,0)) -> 1.3676112 | L15: =J15*K15 -> 287198.34 | M15: Y | N15: =IF(M15="Y",MAX(L15,$D$7*$D$8),L15) -> 287198.34 | O15: =N15*$D$6 -> 8.1851527e+11 | P15: =O15*E15 -> 1.6370305e+12 | Q15: 9.6812395e+11 | R15: =IF(Q15="","",O15/Q15-1) -> -0.15453463
A16: KPL R03 (1394) | B16: P-139 A/B | C16: Disposal Water InjectionPumps | D16: API 610 دوپلکس/D | E16: 2 | F16: 1394 | G16: EUR | H16: 150000 | I16: 1 | J16: =H16/I16 -> 150000 | K16: =INDEX(Indices!$C$51:$C$71,MATCH($D$3,Indices!$A$51:$A$71,0))/INDEX(Indices!$C$51:$C$71,MATCH(F16,Indices!$A$51:$A$71,0)) -> 1.3676112 | L16: =J16*K16 -> 205141.67 | M16: Y | N16: =IF(M16="Y",MAX(L16,$D$7*$D$8),L16) -> 205141.67 | O16: =N16*$D$6 -> 5.8465377e+11 | P16: =O16*E16 -> 1.1693075e+12 | Q16: 6.9151711e+11 | R16: =IF(Q16="","",O16/Q16-1) -> -0.15453463
A17: KPL R03 (1394) | B17: P-151 A/B | C17: Dilution Water Pumps | D17: API 610 CS/S | E17: 2 | F17: 1394 | G17: EUR | H17: 16500 | I17: 1 | J17: =H17/I17 -> 16500 | K17: =INDEX(Indices!$C$51:$C$71,MATCH($D$3,Indices!$A$51:$A$71,0))/INDEX(Indices!$C$51:$C$71,MATCH(F17,Indices!$A$51:$A$71,0)) -> 1.3676112 | L17: =J17*K17 -> 22565.584 | M17: Y | N17: =IF(M17="Y",MAX(L17,$D$7*$D$8),L17) -> 25500 | O17: =N17*$D$6 -> 72675000000 | P17: =O17*E17 -> 145350000000 | Q17: 7.2246749e+10 | R17: =IF(Q17="","",O17/Q17-1) -> 0.0059276175
A18: KPL R03 (1394) | B18: P-152 | C18: Dilution Water Pump | D18: API 610 CS/S | E18: 1 | F18: 1394 | G18: EUR | H18: 17500 | I18: 1 | J18: =H18/I18 -> 17500 | K18: =INDEX(Indices!$C$51:$C$71,MATCH($D$3,Indices!$A$51:$A$71,0))/INDEX(Indices!$C$51:$C$71,MATCH(F18,Indices!$A$51:$A$71,0)) -> 1.3676112 | L18: =J18*K18 -> 23933.195 | M18: Y | N18: =IF(M18="Y",MAX(L18,$D$7*$D$8),L18) -> 25500 | O18: =N18*$D$6 -> 72675000000 | P18: =O18*E18 -> 72675000000 | Q18: 7.662534e+10 | R18: =IF(Q18="","",O18/Q18-1) -> -0.051553961
A19: KPL R03 (1394) | B19: P-171 A/B | C19: Flare K.O. Drum Pumps | D19: API 610 CS/S | E19: 2 | F19: 1394 | G19: EUR | H19: 10000 | I19: 1 | J19: =H19/I19 -> 10000 | K19: =INDEX(Indices!$C$51:$C$71,MATCH($D$3,Indices!$A$51:$A$71,0))/INDEX(Indices!$C$51:$C$71,MATCH(F19,Indices!$A$51:$A$71,0)) -> 1.3676112 | L19: =J19*K19 -> 13676.112 | M19: Y | N19: =IF(M19="Y",MAX(L19,$D$7*$D$8),L19) -> 25500 | O19: =N19*$D$6 -> 72675000000 | P19: =O19*E19 -> 145350000000 | Q19: 4.3785908e+10 | R19: =IF(Q19="","",O19/Q19-1) -> 0.65978057
A20: KPL R03 (1394) | B20: P-231 A/B | C20: O.W.S. Oil Pumps | D20: جابه‌جایی مثبت | E20: 2 | F20: 1394 | G20: EUR | H20: 25000 | I20: 1 | J20: =H20/I20 -> 25000 | K20: =INDEX(Indices!$C$51:$C$71,MATCH($D$3,Indices!$A$51:$A$71,0))/INDEX(Indices!$C$51:$C$71,MATCH(F20,Indices!$A$51:$A$71,0)) -> 1.3676112 | L20: =J20*K20 -> 34190.279 | M20: N | N20: =IF(M20="Y",MAX(L20,$D$7*$D$8),L20) -> 34190.279 | O20: =N20*$D$6 -> 9.7442294e+10 | P20: =O20*E20 -> 1.9488459e+11 | Q20: 1.0822041e+11 | R20: =IF(Q20="","",O20/Q20-1) -> -0.099594095
A21: KPL R03 (1394) | B21: P-232 A/B | C21: O.W.S. Water Pumps | D21: API 610 دوپلکس/D | E21: 2 | F21: 1394 | G21: EUR | H21: 20000 | I21: 1 | J21: =H21/I21 -> 20000 | K21: =INDEX(Indices!$C$51:$C$71,MATCH($D$3,Indices!$A$51:$A$71,0))/INDEX(Indices!$C$51:$C$71,MATCH(F21,Indices!$A$51:$A$71,0)) -> 1.3676112 | L21: =J21*K21 -> 27352.223 | M21: Y | N21: =IF(M21="Y",MAX(L21,$D$7*$D$8),L21) -> 27352.223 | O21: =N21*$D$6 -> 7.7953836e+10 | P21: =O21*E21 -> 1.5590767e+11 | Q21: 9.2202281e+10 | R21: =IF(Q21="","",O21/Q21-1) -> -0.15453463
A22: KPL R03 (1394) | B22: P-234 A/B | C22: Closed Drain Drum Pumps | D22: API 610 دوپلکس/D | E22: 2 | F22: 1394 | G22: EUR | H22: 15000 | I22: 1 | J22: =H22/I22 -> 15000 | K22: =INDEX(Indices!$C$51:$C$71,MATCH($D$3,Indices!$A$51:$A$71,0))/INDEX(Indices!$C$51:$C$71,MATCH(F22,Indices!$A$51:$A$71,0)) -> 1.3676112 | L22: =J22*K22 -> 20514.167 | M22: Y | N22: =IF(M22="Y",MAX(L22,$D$7*$D$8),L22) -> 25500 | O22: =N22*$D$6 -> 72675000000 | P22: =O22*E22 -> 145350000000 | Q22: 6.9151711e+10 | R22: =IF(Q22="","",O22/Q22-1) -> 0.050950135
... A42: KPL R03 (1394) | B42: P-235 | C42: Closed Drain Drums Sump Pump | D42: API 610 CS/S | E42: 1 | F42: 1394 | G42: EUR | H42: 10000 | I42: 1 | J42: =H42/I42 -> 10000 | K42: =INDEX(Indices!$C$51:$C$71,MATCH($D$3,Indices!$A$51:$A$71,0))/INDEX(Indices!$C$51:$C$71,MATCH(F42,Indices!$A$51:$A$71,0)) -> 1.3676112 | L42: =J42*K42 -> 13676.112 | M42: Y | N42: =IF(M42="Y",MAX(L42,$D$7*$D$8),L42) -> 25500 | O42: =N42*$D$6 -> 72675000000 | P42: =O42*E42 -> 72675000000 | Q42: 4.3785908e+10 | R42: =IF(Q42="","",O42/Q42-1) -> 0.65978057
A43: KPL R03 (1394) | B43: P-270 | C43: Fire Water Pump-Elect. Motor Driven | D43: آتش‌نشانی | E43: 1 | F43: 1394 | G43: EUR | H43: 70000 | I43: 1 | J43: =H43/I43 -> 70000 | K43: =INDEX(Indices!$C$51:$C$71,MATCH($D$3,Indices!$A$51:$A$71,0))/INDEX(Indices!$C$51:$C$71,MATCH(F43,Indices!$A$51:$A$71,0)) -> 1.3676112 | L43: =J43*K43 -> 95732.781 | M43: N | N43: =IF(M43="Y",MAX(L43,$D$7*$D$8),L43) -> 95732.781 | O43: =N43*$D$6 -> 2.7283842e+11 | P43: =O43*E43 -> 2.7283842e+11 | Q43: 3.0206082e+11 | R43: =IF(Q43="","",O43/Q43-1) -> -0.096743425 | S43: آتش‌نشانی: دامنه کار مشخص شود
A44: KPL R03 (1394) | B44: P-271 | C44: Fire Water Pump-Diesel Engine Driven | D44: آتش‌نشانی | E44: 1 | F44: 1394 | G44: EUR | H44: 90000 | I44: 1 | J44: =H44/I44 -> 90000 | K44: =INDEX(Indices!$C$51:$C$71,MATCH($D$3,Indices!$A$51:$A$71,0))/INDEX(Indices!$C$51:$C$71,MATCH(F44,Indices!$A$51:$A$71,0)) -> 1.3676112 | L44: =J44*K44 -> 123085 | M44: N | N44: =IF(M44="Y",MAX(L44,$D$7*$D$8),L44) -> 123085 | O44: =N44*$D$6 -> 3.5079226e+11 | P44: =O44*E44 -> 3.5079226e+11 | Q44: 3.8836392e+11 | R44: =IF(Q44="","",O44/Q44-1) -> -0.096743425 | S44: آتش‌نشانی: دامنه کار مشخص شود
A45: KPL R03 (1394) | B45: P-272 A/B | C45: Fire Water Jockey Pumps | D45: آتش‌نشانی | E45: 2 | F45: 1394 | G45: EUR | H45: 15000 | I45: 1 | J45: =H45/I45 -> 15000 | K45: =INDEX(Indices!$C$51:$C$71,MATCH($D$3,Indices!$A$51:$A$71,0))/INDEX(Indices!$C$51:$C$71,MATCH(F45,Indices!$A$51:$A$71,0)) -> 1.3676112 | L45: =J45*K45 -> 20514.167 | M45: N | N45: =IF(M45="Y",MAX(L45,$D$7*$D$8),L45) -> 20514.167 | O45: =N45*$D$6 -> 5.8465377e+10 | P45: =O45*E45 -> 1.1693075e+11 | Q45: 6.4727319e+10 | R45: =IF(Q45="","",O45/Q45-1) -> -0.096743425 | S45: آتش‌نشانی: دامنه کار مشخص شود
A46: KPL R03 (1394) | B46: P-273 | C46: Fire Water Loading Pump | D46: آتش‌نشانی | E46: 1 | F46: 1394 | G46: EUR | H46: 6500 | I46: 1 | J46: =H46/I46 -> 6500 | K46: =INDEX(Indices!$C$51:$C$71,MATCH($D$3,Indices!$A$51:$A$71,0))/INDEX(Indices!$C$51:$C$71,MATCH(F46,Indices!$A$51:$A$71,0)) -> 1.3676112 | L46: =J46*K46 -> 8889.4725 | M46: N | N46: =IF(M46="Y",MAX(L46,$D$7*$D$8),L46) -> 8889.4725 | O46: =N46*$D$6 -> 2.5334997e+10 | P46: =O46*E46 -> 2.5334997e+10 | Q46: 2.8048505e+10 | R46: =IF(Q46="","",O46/Q46-1) -> -0.096743425 | S46: آتش‌نشانی: دامنه کار مشخص شود
A47: KPL R03 (1394) | B47: P-220 A/B/C/D/E | C47: Chemical Loading Pumps | D47: کوچک/پرتابل | E47: 5 | F47: 1394 | G47: IRR | H47: 100000000 | I47: =INDEX(Indices!$G$51:$G$71,MATCH(F47,Indices!$A$51:$A$71,0)) -> 37185 | J47: =H47/I47 -> 2689.2564 | K47: =INDEX(Indices!$C$51:$C$71,MATCH($D$3,Indices!$A$51:$A$71,0))/INDEX(Indices!$C$51:$C$71,MATCH(F47,Indices!$A$51:$A$71,0)) -> 1.3676112 | L47: =J47*K47 -> 3677.8571 | M47: N | N47: =IF(M47="Y",MAX(L47,$D$7*$D$8),L47) -> 3677.8571 | O47: =N47*$D$6 -> 1.0481893e+10 | P47: =O47*E47 -> 5.2409463e+10 | Q47: 5.9297098e+09 | R47: =IF(Q47="","",O47/Q47-1) -> 0.76769065
A48: KPL R03 (1394) | B48: P-157 A/B | C48: Water Liquid Return Pumps | D48: گریز از مرکز I2/S1 | E48: 2 | F48: 1394 | G48: IRR | H48: 250000000 | I48: =INDEX(Indices!$G$51:$G$71,MATCH(F48,Indices!$A$51:$A$71,0)) -> 37185 | J48: =H48/I48 -> 6723.1411 | K48: =INDEX(Indices!$C$51:$C$71,MATCH($D$3,Indices!$A$51:$A$71,0))/INDEX(Indices!$C$51:$C$71,MATCH(F48,Indices!$A$51:$A$71,0)) -> 1.3676112 | L48: =J48*K48 -> 9194.6427 | M48: N | N48: =IF(M48="Y",MAX(L48,$D$7*$D$8),L48) -> 9194.6427 | O48: =N48*$D$6 -> 2.6204732e+10 | P48: =O48*E48 -> 5.2409463e+10 | Q48: 1.519461e+10 | R48: =IF(Q48="","",O48/Q48-1) -> 0.7246071
A49: KPL R03 (1394) | B49: P-116 | C49: Water Glycol Loading Pump | D49: API 610 CS/S | E49: 1 | F49: 1394 | G49: IRR | H49: 100000000 | I49: =INDEX(Indices!$G$51:$G$71,MATCH(F49,Indices!$A$51:$A$71,0)) -> 37185 | J49: =H49/I49 -> 2689.2564 | K49: =INDEX(Indices!$C$51:$C$71,MATCH($D$3,Indices!$A$51:$A$71,0))/INDEX(Indices!$C$51:$C$71,MATCH(F49,Indices!$A$51:$A$71,0)) -> 1.3676112 | L49: =J49*K49 -> 3677.8571 | M49: N | N49: =IF(M49="Y",MAX(L49,$D$7*$D$8),L49) -> 3677.8571 | O49: =N49*$D$6 -> 1.0481893e+10 | P49: =O49*E49 -> 1.0481893e+10 | Q49: 6.0823311e+09 | R49: =IF(Q49="","",O49/Q49-1) -> 0.72333476
A50: Pazanan 2 استعلام ۱۴۰۴ | B50: P-111 A/B | C50: Off Spec. Crude Pumps Type: Centrifugal (VS6) Rated Flow (m3 | D50: API 610 دوپلکس/D | E50: 2 | F50: 1404 | G50: EUR | H50: 111500 | I50: 1 | J50: =H50/I50 -> 111500 | K50: =INDEX(Indices!$C$51:$C$71,MATCH($D$3,Indices!$A$51:$A$71,0))/INDEX(Indices!$C$51:$C$71,MATCH(F50,Indices!$A$51:$A$71,0)) -> 1.02 | L50: =J50*K50 -> 113730 | M50: Y | N50: =IF(M50="Y",MAX(L50,$D$7*$D$8),L50) -> 113730 | O50: =N50*$D$6 -> 324130500000 | P50: =O50*E50 -> 648261000000 | Q50: 3.4642327e+11 | R50: =IF(Q50="","",O50/Q50-1) -> -0.064351246
A51: Pazanan 2 استعلام ۱۴۰۴ | B51: P-122 A/B | C51: Deaerated Water Pumps Type: Centrifugal (Horizontal) Rated F | D51: گریز از مرکز I2/S1 | E51: 2 | F51: 1404 | G51: EUR | H51: 15050 | I51: 1 | J51: =H51/I51 -> 15050 | K51: =INDEX(Indices!$C$51:$C$71,MATCH($D$3,Indices!$A$51:$A$71,0))/INDEX(Indices!$C$51:$C$71,MATCH(F51,Indices!$A$51:$A$71,0)) -> 1.02 | L51: =J51*K51 -> 15351 | M51: N | N51: =IF(M51="Y",MAX(L51,$D$7*$D$8),L51) -> 15351 | O51: =N51*$D$6 -> 43750350000 | P51: =O51*E51 -> 87500700000 | Q51: 4.5920672e+10 | R51: =IF(Q51="","",O51/Q51-1) -> -0.047262415
A52: Pazanan 2 استعلام ۱۴۰۴ | B52: P-124 | C52: Dilution Water Pump Type: Centrifugal (OH2) Rated Flow (m3/h | D52: گریز از مرکز I2/S1 | E52: 1 | F52: 1404 | G52: EUR | H52: 22250 | I52: 1 | J52: =H52/I52 -> 22250 | K52: =INDEX(Indices!$C$51:$C$71,MATCH($D$3,Indices!$A$51:$A$71,0))/INDEX(Indices!$C$51:$C$71,MATCH(F52,Indices!$A$51:$A$71,0)) -> 1.02 | L52: =J52*K52 -> 22695 | M52: N | N52: =IF(M52="Y",MAX(L52,$D$7*$D$8),L52) -> 22695 | O52: =N52*$D$6 -> 64680750000 | P52: =O52*E52 -> 64680750000 | Q52: 6.7889365e+10 | R52: =IF(Q52="","",O52/Q52-1) -> -0.047262415
A53: Pazanan 2 استعلام ۱۴۰۴ | B53: P-125 A/B | C53: Dilution Water Pumps Type: Centrifugal (OH2) Rated Flow (m3/ | D53: گریز از مرکز I2/S1 | E53: 2 | F53: 1404 | G53: EUR | H53: 21500 | I53: 1 | J53: =H53/I53 -> 21500 | K53: =INDEX(Indices!$C$51:$C$71,MATCH($D$3,Indices!$A$51:$A$71,0))/INDEX(Indices!$C$51:$C$71,MATCH(F53,Indices!$A$51:$A$71,0)) -> 1.02 | L53: =J53*K53 -> 21930 | M53: N | N53: =IF(M53="Y",MAX(L53,$D$7*$D$8),L53) -> 21930 | O53: =N53*$D$6 -> 62500500000 | P53: =O53*E53 -> 125001000000 | Q53: 6.560096e+10 | R53: =IF(Q53="","",O53/Q53-1) -> -0.047262415
A54: Pazanan 2 استعلام ۱۴۰۴ | B54: P-136 A/B | C54: Disposal Water InjectionPumps Type: Centrifugal (BB3) Rated | D54: API 610 دوپلکس/D | E54: 2 | F54: 1404 | G54: EUR | H54: 317500 | I54: 1 | J54: =H54/I54 -> 317500 | K54: =INDEX(Indices!$C$51:$C$71,MATCH($D$3,Indices!$A$51:$A$71,0))/INDEX(Indices!$C$51:$C$71,MATCH(F54,Indices!$A$51:$A$71,0)) -> 1.02 | L54: =J54*K54 -> 323850 | M54: Y | N54: =IF(M54="Y",MAX(L54,$D$7*$D$8),L54) -> 323850 | O54: =N54*$D$6 -> 922972500000 | P54: =O54*E54 -> 1845945000000 | Q54: 9.8645191e+11 | R54: =IF(Q54="","",O54/Q54-1) -> -0.064351246
A55: Pazanan 2 استعلام ۱۴۰۴ | B55: P-137 A/B | C55: Dirty Oil Pumps Type: P.D.-Rotary (Ext. Gear) Rated Flow (m3 | D55: جابه‌جایی مثبت | E55: 2 | F55: 1404 | G55: EUR | H55: 30000 | I55: 1 | J55: =H55/I55 -> 30000 | K55: =INDEX(Indices!$C$51:$C$71,MATCH($D$3,Indices!$A$51:$A$71,0))/INDEX(Indices!$C$51:$C$71,MATCH(F55,Indices!$A$51:$A$71,0)) -> 1.02 | L55: =J55*K55 -> 30600 | M55: N | N55: =IF(M55="Y",MAX(L55,$D$7*$D$8),L55) -> 30600 | O55: =N55*$D$6 -> 87210000000 | P55: =O55*E55 -> 174420000000 | Q55: 9.0933124e+10 | R55: =IF(Q55="","",O55/Q55-1) -> -0.040943537
A56: Pazanan 2 استعلام ۱۴۰۴ | B56: P-138 A/B | C56: Evaporation Pond Water Return Pumps Type: Centrifugal (OH2) | D56: API 610 دوپلکس/D | E56: 2 | F56: 1404 | G56: EUR | H56: 29000 | I56: 1 | J56: =H56/I56 -> 29000 | K56: =INDEX(Indices!$C$51:$C$71,MATCH($D$3,Indices!$A$51:$A$71,0))/INDEX(Indices!$C$51:$C$71,MATCH(F56,Indices!$A$51:$A$71,0)) -> 1.02 | L56: =J56*K56 -> 29580 | M56: Y | N56: =IF(M56="Y",MAX(L56,$D$7*$D$8),L56) -> 29580 | O56: =N56*$D$6 -> 84303000000 | P56: =O56*E56 -> 168606000000 | Q56: 9.0101119e+10 | R56: =IF(Q56="","",O56/Q56-1) -> -0.064351246
A57: Pazanan 2 استعلام ۱۴۰۴ | B57: P-139 A/B/C | C57: Disposal Water InjectionPumps Type: Centrifugal (BB3) Rated | D57: API 610 دوپلکس/D | E57: 3 | F57: 1404 | G57: EUR | H57: 247500 | I57: 1 | J57: =H57/I57 -> 247500 | K57: =INDEX(Indices!$C$51:$C$71,MATCH($D$3,Indices!$A$51:$A$71,0))/INDEX(Indices!$C$51:$C$71,MATCH(F57,Indices!$A$51:$A$71,0)) -> 1.02 | L57: =J57*K57 -> 252450 | M57: Y | N57: =IF(M57="Y",MAX(L57,$D$7*$D$8),L57) -> 252450 | O57: =N57*$D$6 -> 719482500000 | P57: =O57*E57 -> 2158447500000 | Q57: 7.6896645e+11 | R57: =IF(Q57="","",O57/Q57-1) -> -0.064351246
A58: Pazanan 2 استعلام ۱۴۰۴ | B58: P-151 A/B | C58: Flare K.O. Drum Pumps Type: Centrifugal (OH2) Rated Flow (m3 | D58: API 610 CS/S | E58: 2 | F58: 1404 | G58: EUR | H58: 25500 | I58: 1 | J58: =H58/I58 -> 25500 | K58: =INDEX(Indices!$C$51:$C$71,MATCH($D$3,Indices!$A$51:$A$71,0))/INDEX(Indices!$C$51:$C$71,MATCH(F58,Indices!$A$51:$A$71,0)) -> 1.02 | L58: =J58*K58 -> 26010 | M58: Y | N58: =IF(M58="Y",MAX(L58,$D$7*$D$8),L58) -> 26010 | O58: =N58*$D$6 -> 74128500000 | P58: =O58*E58 -> 148257000000 | Q58: 7.7677166e+10 | R58: =IF(Q58="","",O58/Q58-1) -> -0.0456848
A59: Pazanan 2 استعلام ۱۴۰۴ | B59: P-161 A/B | C59: Closed Drain Drum Pumps Type: Centrifugal (OH2) Rated Flow ( | D59: API 610 دوپلکس/D | E59: 2 | F59: 1404 | G59: EUR | H59: 31000 | I59: 1 | J59: =H59/I59 -> 31000 | K59: =INDEX(Indices!$C$51:$C$71,MATCH($D$3,Indices!$A$51:$A$71,0))/INDEX(Indices!$C$51:$C$71,MATCH(F59,Indices!$A$51:$A$71,0)) -> 1.02 | L59: =J59*K59 -> 31620 | M59: Y | N59: =IF(M59="Y",MAX(L59,$D$7*$D$8),L59) -> 31620 | O59: =N59*$D$6 -> 90117000000 | P59: =O59*E59 -> 180234000000 | Q59: 9.631499e+10 | R59: =IF(Q59="","",O59/Q59-1) -> -0.064351246
A60: Pazanan 2 استعلام ۱۴۰۴ | B60: P-162 | C60: C. D. Drum / Flare K.O. Drum Sump Pump Type: Centrifugal (VS | D60: API 610 CS/S | E60: 1 | F60: 1404 | G60: EUR | H60: 34500 | I60: 1 | J60: =H60/I60 -> 34500 | K60: =INDEX(Indices!$C$51:$C$71,MATCH($D$3,Indices!$A$51:$A$71,0))/INDEX(Indices!$C$51:$C$71,MATCH(F60,Indices!$A$51:$A$71,0)) -> 1.02 | L60: =J60*K60 -> 35190 | M60: Y | N60: =IF(M60="Y",MAX(L60,$D$7*$D$8),L60) -> 35190 | O60: =N60*$D$6 -> 100291500000 | P60: =O60*E60 -> 100291500000 | Q60: 1.0509264e+11 | R60: =IF(Q60="","",O60/Q60-1) -> -0.0456848
A61: Pazanan 2 (پایه ۱۳۹۳) | B61: P-163 A/B | C61: O.W.S. Oil Pumps Type: P.D.-Rotary (Progressing Cavity) Rate | D61: جابه‌جایی مثبت | E61: 2 | F61: 1393 | G61: EUR | H61: 25000 | I61: 1 | J61: =H61/I61 -> 25000 | K61: =INDEX(Indices!$C$51:$C$71,MATCH($D$3,Indices!$A$51:$A$71,0))/INDEX(Indices!$C$51:$C$71,MATCH(F61,Indices!$A$51:$A$71,0)) -> 1.3780913 | L61: =J61*K61 -> 34452.282 | M61: N | N61: =IF(M61="Y",MAX(L61,$D$7*$D$8),L61) -> 34452.282 | O61: =N61*$D$6 -> 9.8189003e+10 | P61: =O61*E61 -> 1.9637801e+11 | Q61: 1.1761262e+11 | R61: =IF(Q61="","",O61/Q61-1) -> -0.16514906 | S61: بدون استعلام؛ پایه ۱۳۹۳ استفاده شد
A62: Pazanan 2 استعلام ۱۴۰۴ | B62: P-164 A/B | C62: O.W.S. Water Pumps Type: Centrifugal (OH2) Rated Flow (m3/hr | D62: API 610 دوپلکس/D | E62: 2 | F62: 1404 | G62: EUR | H62: 29600 | I62: 1 | J62: =H62/I62 -> 29600 | K62: =INDEX(Indices!$C$51:$C$71,MATCH($D$3,Indices!$A$51:$A$71,0))/INDEX(Indices!$C$51:$C$71,MATCH(F62,Indices!$A$51:$A$71,0)) -> 1.02 | L62: =J62*K62 -> 30192 | M62: Y | N62: =IF(M62="Y",MAX(L62,$D$7*$D$8),L62) -> 30192 | O62: =N62*$D$6 -> 86047200000 | P62: =O62*E62 -> 172094400000 | Q62: 9.196528e+10 | R62: =IF(Q62="","",O62/Q62-1) -> -0.064351246
A63: Pazanan 2 استعلام ۱۴۰۴ | B63: P-165 A/B | C63: Oily Water Basin Pumps Type: Centrifugal (OH2) Rated Flow (m | D63: API 610 CS/S | E63: 2 | F63: 1404 | G63: EUR | H63: 26250 | I63: 1 | J63: =H63/I63 -> 26250 | K63: =INDEX(Indices!$C$51:$C$71,MATCH($D$3,Indices!$A$51:$A$71,0))/INDEX(Indices!$C$51:$C$71,MATCH(F63,Indices!$A$51:$A$71,0)) -> 1.02 | L63: =J63*K63 -> 26775 | M63: Y | N63: =IF(M63="Y",MAX(L63,$D$7*$D$8),L63) -> 26775 | O63: =N63*$D$6 -> 76308750000 | P63: =O63*E63 -> 152617500000 | Q63: 7.9961788e+10 | R63: =IF(Q63="","",O63/Q63-1) -> -0.0456848
A64: Pazanan 2 استعلام ۱۴۰۴ | B64: P-171 | C64: Fuel Oil Pump Type: Centrifugal (Horizontal) Rated Flow (m3/ | D64: گریز از مرکز I2/S1 | E64: 1 | F64: 1404 | G64: EUR | H64: 21000 | I64: 1 | J64: =H64/I64 -> 21000 | K64: =INDEX(Indices!$C$51:$C$71,MATCH($D$3,Indices!$A$51:$A$71,0))/INDEX(Indices!$C$51:$C$71,MATCH(F64,Indices!$A$51:$A$71,0)) -> 1.02 | L64: =J64*K64 -> 21420 | M64: Y | N64: =IF(M64="Y",MAX(L64,$D$7*$D$8),L64) -> 25500 | O64: =N64*$D$6 -> 72675000000 | P64: =O64*E64 -> 72675000000 | Q64: 6.4075356e+10 | R64: =IF(Q64="","",O64/Q64-1) -> 0.13421141
A65: Pazanan 2 استعلام ۱۴۰۴ | B65: P-191 | C65: Fire Water Loading Pump Type: Centrifugal (Horizontal) Rated | D65: آتش‌نشانی | E65: 1 | F65: 1404 | G65: EUR | H65: 16000 | I65: 1 | J65: =H65/I65 -> 16000 | K65: =INDEX(Indices!$C$51:$C$71,MATCH($D$3,Indices!$A$51:$A$71,0))/INDEX(Indices!$C$51:$C$71,MATCH(F65,Indices!$A$51:$A$71,0)) -> 1.02 | L65: =J65*K65 -> 16320 | M65: N | N65: =IF(M65="Y",MAX(L65,$D$7*$D$8),L65) -> 16320 | O65: =N65*$D$6 -> 46512000000 | P65: =O65*E65 -> 46512000000 | Q65: 4.8383163e+10 | R65: =IF(Q65="","",O65/Q65-1) -> -0.038673847 | S65: آتش‌نشانی: پراکندگی شدید استعلام
A66: Pazanan 2 استعلام ۱۴۰۴ | B66: P-192 | C66: Fire Water Pump-Elect. Motor Driven Type: Centrifugal (Horiz | D66: آتش‌نشانی | E66: 1 | F66: 1404 | G66: EUR | H66: 309660.11 | I66: 1 | J66: =H66/I66 -> 309660.11 | K66: =INDEX(Indices!$C$51:$C$71,MATCH($D$3,Indices!$A$51:$A$71,0))/INDEX(Indices!$C$51:$C$71,MATCH(F66,Indices!$A$51:$A$71,0)) -> 1.02 | L66: =J66*K66 -> 315853.31 | M66: N | N66: =IF(M66="Y",MAX(L66,$D$7*$D$8),L66) -> 315853.31 | O66: =N66*$D$6 -> 900181939770 | P66: =O66*E66 -> 900181939770 | Q66: 9.3639597e+11 | R66: =IF(Q66="","",O66/Q66-1) -> -0.038673847 | S66: آتش‌نشانی: پراکندگی شدید استعلام
A67: Pazanan 2 استعلام ۱۴۰۴ | B67: P-193 | C67: Fire Water Pump-Diesel Engine Driven Type: Centrifugal (Hori | D67: آتش‌نشانی | E67: 1 | F67: 1404 | G67: EUR | H67: 202973.76 | I67: 1 | J67: =H67/I67 -> 202973.76 | K67: =INDEX(Indices!$C$51:$C$71,MATCH($D$3,Indices!$A$51:$A$71,0))/INDEX(Indices!$C$51:$C$71,MATCH(F67,Indices!$A$51:$A$71,0)) -> 1.02 | L67: =J67*K67 -> 207033.23 | M67: N | N67: =IF(M67="Y",MAX(L67,$D$7*$D$8),L67) -> 207033.23 | O67: =N67*$D$6 -> 5.9004471e+11 | P67: =O67*E67 -> 5.9004471e+11 | Q67: 6.1378202e+11 | R67: =IF(Q67="","",O67/Q67-1) -> -0.038673847 | S67: آتش‌نشانی: پراکندگی شدید استعلام
A68: Pazanan 2 استعلام ۱۴۰۴ | B68: P-194 A/B | C68: Fire Water Jockey Pumps Type: Centrifugal (Horizontal, Overh | D68: آتش‌نشانی | E68: 2 | F68: 1404 | G68: EUR | H68: 26808.067 | I68: 1 | J68: =H68/I68 -> 26808.067 | K68: =INDEX(Indices!$C$51:$C$71,MATCH($D$3,Indices!$A$51:$A$71,0))/INDEX(Indices!$C$51:$C$71,MATCH(F68,Indices!$A$51:$A$71,0)) -> 1.02 | L68: =J68*K68 -> 27344.228 | M68: N | N68: =IF(M68="Y",MAX(L68,$D$7*$D$8),L68) -> 27344.228 | O68: =N68*$D$6 -> 7.793105e+10 | P68: =O68*E68 -> 1.558621e+11 | Q68: 8.1066191e+10 | R68: =IF(Q68="","",O68/Q68-1) -> -0.038673847 | S68: آتش‌نشانی: پراکندگی شدید استعلام
A69: Pazanan 2 (پایه ۱۳۹۳ ریالی) | B69: P-210 A/B | C69: Chemical Loading Pumps Type: Portable Barrel Pump Rated Flow | D69: کوچک/پرتابل | E69: 2 | F69: 1393 | G69: IRR | H69: 100000000 | I69: =INDEX(Indices!$G$51:$G$71,MATCH(F69,Indices!$A$51:$A$71,0)) -> 40530.8 | J69: =H69/I69 -> 2467.2595 | K69: =INDEX(Indices!$C$51:$C$71,MATCH($D$3,Indices!$A$51:$A$71,0))/INDEX(Indices!$C$51:$C$71,MATCH(F69,Indices!$A$51:$A$71,0)) -> 1.3780913 | L69: =J69*K69 -> 3400.1087 | M69: N | N69: =IF(M69="Y",MAX(L69,$D$7*$D$8),L69) -> 3400.1087 | O69: =N69*$D$6 -> 9.6903099e+09 | P69: =O69*E69 -> 1.938062e+10 | Q69: 2.7783421e+09 | R69: =IF(Q69="","",O69/Q69-1) -> 2.487803 | S69: قیمت ۱۴۰۴ پازنان مشتق از CPI بود؛ پایه اصلی ۱۳۹۳ استفاده شد
A70: Pazanan 2 (پایه ۱۳۹۳ ریالی) | B70: P-211 | C70: Chemical Loading Pumps Type: Portable Barrel Pump Rated Flow | D70: کوچک/پرتابل | E70: 1 | F70: 1393 | G70: IRR | H70: 100000000 | I70: =INDEX(Indices!$G$51:$G$71,MATCH(F70,Indices!$A$51:$A$71,0)) -> 40530.8 | J70: =H70/I70 -> 2467.2595 | K70: =INDEX(Indices!$C$51:$C$71,MATCH($D$3,Indices!$A$51:$A$71,0))/INDEX(Indices!$C$51:$C$71,MATCH(F70,Indices!$A$51:$A$71,0)) -> 1.3780913 | L70: =J70*K70 -> 3400.1087 | M70: N | N70: =IF(M70="Y",MAX(L70,$D$7*$D$8),L70) -> 3400.1087 | O70: =N70*$D$6 -> 9.6903099e+09 | P70: =O70*E70 -> 9.6903099e+09 | Q70: 2.7783421e+09 | R70: =IF(Q70="","",O70/Q70-1) -> 2.487803 | S70: قیمت ۱۴۰۴ پازنان مشتق از CPI بود؛ پایه اصلی ۱۳۹۳ استفاده شد
A71: Pazanan 2 استعلام ۱۴۰۴ | B71: PK-180 | C71: Anti Scale Injection Package Max. Injection Rate (Lit/hr): 3 | D71: پکیج تزریق مواد (CIP) | E71: 1 | F71: 1404 | G71: IRR | H71: 4.9878867e+10 | I71: =Val_IRR_Packages!$E$12 -> 695298 | J71: =H71/I71 -> 71737.395 | K71: =INDEX(Indices!$C$51:$C$71,MATCH($D$3,Indices!$A$51:$A$71,0))/INDEX(Indices!$C$51:$C$71,MATCH(F71,Indices!$A$51:$A$71,0)) -> 1.02 | L71: =J71*K71 -> 73172.143 | M71: N | N71: =IF(M71="Y",MAX(L71,$D$7*$D$8),L71) -> 73172.143 | O71: =N71*$D$6 -> 2.0854061e+11 | P71: =O71*E71 -> 2.0854061e+11 | Q71: 8.6868133e+10 | R71: =IF(Q71="","",O71/Q71-1) -> 1.4006572 | S71: در مدل فعلی اشتباهاً PUMP_* ثبت شده؛ قالب درست CIP_SS316
A72: Pazanan 2 استعلام ۱۴۰۴ | B72: PK-181 | C72: Demulsifier Injection Package Max. Injection Rate (Lit/hr): | D72: پکیج تزریق مواد (CIP) | E72: 1 | F72: 1404 | G72: IRR | H72: 7.3692915e+10 | I72: =Val_IRR_Packages!$E$12 -> 695298 | J72: =H72/I72 -> 105987.53 | K72: =INDEX(Indices!$C$51:$C$71,MATCH($D$3,Indices!$A$51:$A$71,0))/INDEX(Indices!$C$51:$C$71,MATCH(F72,Indices!$A$51:$A$71,0)) -> 1.02 | L72: =J72*K72 -> 108107.28 | M72: N | N72: =IF(M72="Y",MAX(L72,$D$7*$D$8),L72) -> 108107.28 | O72: =N72*$D$6 -> 3.0810574e+11 | P72: =O72*E72 -> 3.0810574e+11 | Q72: 1.2834225e+11 | R72: =IF(Q72="","",O72/Q72-1) -> 1.4006572 | S72: در مدل فعلی اشتباهاً PUMP_* ثبت شده؛ قالب درست CIP_SS316
A73: Pazanan 2 استعلام ۱۴۰۴ | B73: PK-182 | C73: Reverse Demulsifier Injection Package Max. Injection Rate (L | D73: پکیج تزریق مواد (CIP) | E73: 1 | F73: 1404 | G73: IRR | H73: 5.0976422e+10 | I73: =Val_IRR_Packages!$E$12 -> 695298 | J73: =H73/I73 -> 73315.934 | K73: =INDEX(Indices!$C$51:$C$71,MATCH($D$3,Indices!$A$51:$A$71,0))/INDEX(Indices!$C$51:$C$71,MATCH(F73,Indices!$A$51:$A$71,0)) -> 1.02 | L73: =J73*K73 -> 74782.253 | M73: N | N73: =IF(M73="Y",MAX(L73,$D$7*$D$8),L73) -> 74782.253 | O73: =N73*$D$6 -> 2.1312942e+11 | P73: =O73*E73 -> 2.1312942e+11 | Q73: 8.8779615e+10 | R73: =IF(Q73="","",O73/Q73-1) -> 1.4006572 | S73: در مدل فعلی اشتباهاً PUMP_* ثبت شده؛ قالب درست CIP_SS316
A74: Pazanan 2 استعلام ۱۴۰۴ | B74: PK-183 | C74: Biocide Injection Package Max. Injection Rate (Lit/hr): 66 M | D74: پکیج تزریق مواد (CIP) | E74: 1 | F74: 1404 | G74: IRR | H74: 5.2073977e+10 | I74: =Val_IRR_Packages!$E$12 -> 695298 | J74: =H74/I74 -> 74894.473 | K74: =INDEX(Indices!$C$51:$C$71,MATCH($D$3,Indices!$A$51:$A$71,0))/INDEX(Indices!$C$51:$C$71,MATCH(F74,Indices!$A$51:$A$71,0)) -> 1.02 | L74: =J74*K74 -> 76392.363 | M74: N | N74: =IF(M74="Y",MAX(L74,$D$7*$D$8),L74) -> 76392.363 | O74: =N74*$D$6 -> 2.1771823e+11 | P74: =O74*E74 -> 2.1771823e+11 | Q74: 9.0691097e+10 | R74: =IF(Q74="","",O74/Q74-1) -> 1.4006572 | S74: در مدل فعلی اشتباهاً PUMP_* ثبت شده؛ قالب درست CIP_SS316
A75: Pazanan 2 استعلام ۱۴۰۴ | B75: PK-184 | C75: Oxygen Scavenger Injection Package Max. Injection Rate (Lit/ | D75: پکیج تزریق مواد (CIP) | E75: 1 | F75: 1404 | G75: IRR | H75: 4.0488071e+10 | I75: =Val_IRR_Packages!$E$12 -> 695298 | J75: =H75/I75 -> 58231.25 | K75: =INDEX(Indices!$C$51:$C$71,MATCH($D$3,Indices!$A$51:$A$71,0))/INDEX(Indices!$C$51:$C$71,MATCH(F75,Indices!$A$51:$A$71,0)) -> 1.02 | L75: =J75*K75 -> 59395.875 | M75: N | N75: =IF(M75="Y",MAX(L75,$D$7*$D$8),L75) -> 59395.875 | O75: =N75*$D$6 -> 1.6927824e+11 | P75: =O75*E75 -> 1.6927824e+11 | Q75: 6.9183501e+10 | R75: =IF(Q75="","",O75/Q75-1) -> 1.4468008 | S75: در مدل فعلی اشتباهاً PUMP_* ثبت شده؛ قالب درست CIP_SS316
A76: Pazanan 2 استعلام ۱۴۰۴ | B76: PK-185 | C76: Anti Scale Injection Package Max. Injection Rate (Lit/hr): 2 | D76: پکیج تزریق مواد (CIP) | E76: 1 | F76: 1404 | G76: IRR | H76: 5.2073977e+10 | I76: =Val_IRR_Packages!$E$12 -> 695298 | J76: =H76/I76 -> 74894.473 | K76: =INDEX(Indices!$C$51:$C$71,MATCH($D$3,Indices!$A$51:$A$71,0))/INDEX(Indices!$C$51:$C$71,MATCH(F76,Indices!$A$51:$A$71,0)) -> 1.02 | L76: =J76*K76 -> 76392.363 | M76: N | N76: =IF(M76="Y",MAX(L76,$D$7*$D$8),L76) -> 76392.363 | O76: =N76*$D$6 -> 2.1771823e+11 | P76: =O76*E76 -> 2.1771823e+11 | Q76: 9.0691097e+10 | R76: =IF(Q76="","",O76/Q76-1) -> 1.4006572 | S76: در مدل فعلی اشتباهاً PUMP_* ثبت شده؛ قالب درست CIP_SS316
A77: Pazanan 2 استعلام ۱۴۰۴ | B77: PK-186 | C77: Corrosion Inhibitor Injection Package Max. Injection Rate (L | D77: پکیج تزریق مواد (CIP) | E77: 1 | F77: 1404 | G77: IRR | H77: 5.2073977e+10 | I77: =Val_IRR_Packages!$E$12 -> 695298 | J77: =H77/I77 -> 74894.473 | K77: =INDEX(Indices!$C$51:$C$71,MATCH($D$3,Indices!$A$51:$A$71,0))/INDEX(Indices!$C$51:$C$71,MATCH(F77,Indices!$A$51:$A$71,0)) -> 1.02 | L77: =J77*K77 -> 76392.363 | M77: N | N77: =IF(M77="Y",MAX(L77,$D$7*$D$8),L77) -> 76392.363 | O77: =N77*$D$6 -> 2.1771823e+11 | P77: =O77*E77 -> 2.1771823e+11 | Q77: 9.0691097e+10 | R77: =IF(Q77="","",O77/Q77-1) -> 1.4006572 | S77: در مدل فعلی اشتباهاً PUMP_* ثبت شده؛ قالب درست CIP_SS316
A78: Pazanan 2 استعلام ۱۴۰۴ | B78: PK-187 | C78: Anti Scale Injection Package Max. Injection Rate (Lit/hr): 4 | D78: پکیج تزریق مواد (CIP) | E78: 1 | F78: 1404 | G78: IRR | H78: 5.2073977e+10 | I78: =Val_IRR_Packages!$E$12 -> 695298 | J78: =H78/I78 -> 74894.473 | K78: =INDEX(Indices!$C$51:$C$71,MATCH($D$3,Indices!$A$51:$A$71,0))/INDEX(Indices!$C$51:$C$71,MATCH(F78,Indices!$A$51:$A$71,0)) -> 1.02 | L78: =J78*K78 -> 76392.363 | M78: N | N78: =IF(M78="Y",MAX(L78,$D$7*$D$8),L78) -> 76392.363 | O78: =N78*$D$6 -> 2.1771823e+11 | P78: =O78*E78 -> 2.1771823e+11 | Q78: 9.0691097e+10 | R78: =IF(Q78="","",O78/Q78-1) -> 1.4006572 | S78: در مدل فعلی اشتباهاً PUMP_* ثبت شده؛ قالب درست CIP_SS316
A79: Pazanan 2 استعلام ۱۴۰۴ | B79: PK-188 | C79: Oxygen Scavenger Injection Package Max. Injection Rate (Lit/ | D79: پکیج تزریق مواد (CIP) | E79: 1 | F79: 1404 | G79: IRR | H79: 4.3780736e+10 | I79: =Val_IRR_Packages!$E$12 -> 695298 | J79: =H79/I79 -> 62966.866 | K79: =INDEX(Indices!$C$51:$C$71,MATCH($D$3,Indices!$A$51:$A$71,0))/INDEX(Indices!$C$51:$C$71,MATCH(F79,Indices!$A$51:$A$71,0)) -> 1.02 | L79: =J79*K79 -> 64226.204 | M79: N | N79: =IF(M79="Y",MAX(L79,$D$7*$D$8),L79) -> 64226.204 | O79: =N79*$D$6 -> 1.8304468e+11 | P79: =O79*E79 -> 1.8304468e+11 | Q79: 7.4809802e+10 | R79: =IF(Q79="","",O79/Q79-1) -> 1.4468008 | S79: در مدل فعلی اشتباهاً PUMP_* ثبت شده؛ قالب درست CIP_SS316
A80: Pazanan 2 استعلام ۱۴۰۴ | B80: PK-189 | C80: Oxygen Scavenger Injection Package Max. Injection Rate (Lit/ | D80: پکیج تزریق مواد (CIP) | E80: 1 | F80: 1404 | G80: IRR | H80: 4.0488071e+10 | I80: =Val_IRR_Packages!$E$12 -> 695298 | J80: =H80/I80 -> 58231.25 | K80: =INDEX(Indices!$C$51:$C$71,MATCH($D$3,Indices!$A$51:$A$71,0))/INDEX(Indices!$C$51:$C$71,MATCH(F80,Indices!$A$51:$A$71,0)) -> 1.02 | L80: =J80*K80 -> 59395.875 | M80: N | N80: =IF(M80="Y",MAX(L80,$D$7*$D$8),L80) -> 59395.875 | O80: =N80*$D$6 -> 1.6927824e+11 | P80: =O80*E80 -> 1.6927824e+11 | Q80: 6.9183501e+10 | R80: =IF(Q80="","",O80/Q80-1) -> 1.4468008 | S80: در مدل فعلی اشتباهاً PUMP_* ثبت شده؛ قالب درست CIP_SS316
A81: Pazanan 2 استعلام ۱۴۰۴ | B81: PK-212 | C81: Demulsifier Injection Package (Production Unit) Max. Injecti | D81: پکیج تزریق مواد (CIP) | E81: 1 | F81: 1404 | G81: IRR | H81: 5.5035754e+10 | I81: =Val_IRR_Packages!$E$12 -> 695298 | J81: =H81/I81 -> 79154.196 | K81: =INDEX(Indices!$C$51:$C$71,MATCH($D$3,Indices!$A$51:$A$71,0))/INDEX(Indices!$C$51:$C$71,MATCH(F81,Indices!$A$51:$A$71,0)) -> 1.02 | L81: =J81*K81 -> 80737.28 | M81: N | N81: =IF(M81="Y",MAX(L81,$D$7*$D$8),L81) -> 80737.28 | O81: =N81*$D$6 -> 2.3010125e+11 | P81: =O81*E81 -> 2.3010125e+11 | Q81: 9.5849274e+10 | R81: =IF(Q81="","",O81/Q81-1) -> 1.4006572 | S81: در مدل فعلی اشتباهاً PUMP_* ثبت شده؛ قالب درست CIP_SS316
A82: Gachsaran 4 (1402) | B82: P-001-A/B | C82: MAIN TRANSFER PUMPS | D82: API 610 CS/S | E82: 2 | F82: 1402 | G82: IRR | H82: 175441330000 | I82: =420000*1.08498039510108 -> 455691.77 | J82: =H82/I82 -> 385000 | K82: =INDEX(Indices!$C$51:$C$71,MATCH($D$3,Indices!$A$51:$A$71,0))/INDEX(Indices!$C$51:$C$71,MATCH(F82,Indices!$A$51:$A$71,0)) -> 1.0556264 | L82: =J82*K82 -> 406416.16 | M82: Y | N82: =IF(M82="Y",MAX(L82,$D$7*$D$8),L82) -> 406416.16 | O82: =N82*$D$6 -> 1.1582861e+12 | P82: =O82*E82 -> 2.3165721e+12 | Q82: 6.0423137e+11 | R82: =IF(Q82="","",O82/Q82-1) -> 0.91695786 | S82: 500m3/hr, 15.2 bar, 216.3 kw
A83: Gachsaran 4 (1402) | B83: P-002-A/B | C83: AUXILLIARY TRANSFER PUMPS | D83: API 610 CS/S | E83: 2 | F83: 1402 | G83: IRR | H83: 61518388000 | I83: =420000*1.08498039510108 -> 455691.77 | J83: =H83/I83 -> 135000 | K83: =INDEX(Indices!$C$51:$C$71,MATCH($D$3,Indices!$A$51:$A$71,0))/INDEX(Indices!$C$51:$C$71,MATCH(F83,Indices!$A$51:$A$71,0)) -> 1.0556264 | L83: =J83*K83 -> 142509.56 | M83: Y | N83: =IF(M83="Y",MAX(L83,$D$7*$D$8),L83) -> 142509.56 | O83: =N83*$D$6 -> 4.0615225e+11 | P83: =O83*E83 -> 8.1230451e+11 | Q83: 2.1187333e+11 | R83: =IF(Q83="","",O83/Q83-1) -> 0.91695786 | S83: 250m3/hr, 15.2 bar, 108.1 kw
A84: Gachsaran 4 (1402) | B84: P-003-A/B | C84: OFF-SPEC PUMPS | D84: API 610 CS/S | E84: 2 | F84: 1402 | G84: IRR | H84: 6.3796847e+10 | I84: =420000*1.08498039510108 -> 455691.77 | J84: =H84/I84 -> 140000 | K84: =INDEX(Indices!$C$51:$C$71,MATCH($D$3,Indices!$A$51:$A$71,0))/INDEX(Indices!$C$51:$C$71,MATCH(F84,Indices!$A$51:$A$71,0)) -> 1.0556264 | L84: =J84*K84 -> 147787.7 | M84: Y | N84: =IF(M84="Y",MAX(L84,$D$7*$D$8),L84) -> 147787.7 | O84: =N84*$D$6 -> 4.2119493e+11 | P84: =O84*E84 -> 8.4238987e+11 | Q84: 2.197205e+11 | R84: =IF(Q84="","",O84/Q84-1) -> 0.91695786 | S84: 100 m3/hr , 15.5 bar,44.2 kw
A85: Gachsaran 4 (1402) | B85: P-005-A/B | C85: DEGASSING WATER PUMPS | D85: API 610 CS/S | E85: 2 | F85: 1402 | G85: IRR | H85: 15493520000 | I85: =420000*1.08498039510108 -> 455691.77 | J85: =H85/I85 -> 34000 | K85: =INDEX(Indices!$C$51:$C$71,MATCH($D$3,Indices!$A$51:$A$71,0))/INDEX(Indices!$C$51:$C$71,MATCH(F85,Indices!$A$51:$A$71,0)) -> 1.0556264 | L85: =J85*K85 -> 35891.297 | M85: Y | N85: =IF(M85="Y",MAX(L85,$D$7*$D$8),L85) -> 35891.297 | O85: =N85*$D$6 -> 1.022902e+11 | P85: =O85*E85 -> 2.045804e+11 | Q85: 5.3360692e+10 | R85: =IF(Q85="","",O85/Q85-1) -> 0.91695786 | S85: 30m3/hr, 3bar, 2.7 kw
A86: Gachsaran 4 (1402) | B86: P-103 | C86: DILUTION WATER PUMPS | D86: API 610 CS/S | E86: 1 | F86: 1402 | G86: IRR | H86: 1.3215061e+10 | I86: =420000*1.08498039510108 -> 455691.77 | J86: =H86/I86 -> 29000 | K86: =INDEX(Indices!$C$51:$C$71,MATCH($D$3,Indices!$A$51:$A$71,0))/INDEX(Indices!$C$51:$C$71,MATCH(F86,Indices!$A$51:$A$71,0)) -> 1.0556264 | L86: =J86*K86 -> 30613.166 | M86: Y | N86: =IF(M86="Y",MAX(L86,$D$7*$D$8),L86) -> 30613.166 | O86: =N86*$D$6 -> 8.7247522e+10 | P86: =O86*E86 -> 8.7247522e+10 | Q86: 4.5513531e+10 | R86: =IF(Q86="","",O86/Q86-1) -> 0.91695786 | S86: 40m3/hr , 10.4 bar, 12 kw
A87: Gachsaran 4 (1402) | B87: P-106-A1/A2 | C87: DILUTION WATER PUMPS | D87: API 610 CS/S | E87: 2 | F87: 1402 | G87: IRR | H87: 1.2531524e+10 | I87: =420000*1.08498039510108 -> 455691.77 | J87: =H87/I87 -> 27500 | K87: =INDEX(Indices!$C$51:$C$71,MATCH($D$3,Indices!$A$51:$A$71,0))/INDEX(Indices!$C$51:$C$71,MATCH(F87,Indices!$A$51:$A$71,0)) -> 1.0556264 | L87: =J87*K87 -> 29029.726 | M87: Y | N87: =IF(M87="Y",MAX(L87,$D$7*$D$8),L87) -> 29029.726 | O87: =N87*$D$6 -> 8.2734719e+10 | P87: =O87*E87 -> 1.6546944e+11 | Q87: 4.3159383e+10 | R87: =IF(Q87="","",O87/Q87-1) -> 0.91695786 | S87: 20 m3/hr, 10.4 bar, 6 kw
A88: Gachsaran 4 (1402) | B88: P-102-A/B | C88: DEAERATED WATER PUMPS | D88: API 610 CS/S | E88: 2 | F88: 1402 | G88: IRR | H88: 6.8353765e+09 | I88: =420000*1.08498039510108 -> 455691.77 | J88: =H88/I88 -> 15000 | K88: =INDEX(Indices!$C$51:$C$71,MATCH($D$3,Indices!$A$51:$A$71,0))/INDEX(Indices!$C$51:$C$71,MATCH(F88,Indices!$A$51:$A$71,0)) -> 1.0556264 | L88: =J88*K88 -> 15834.396 | M88: N | N88: =IF(M88="Y",MAX(L88,$D$7*$D$8),L88) -> 15834.396 | O88: =N88*$D$6 -> 4.5128029e+10 | P88: =O88*E88 -> 9.0256057e+10 | Q88: 2.3541482e+10 | R88: =IF(Q88="","",O88/Q88-1) -> 0.91695786 | S88: 20m3/hr, 2.4 bar, 1.35 kw
A89: Gachsaran 4 (1402) | B89: P-105 | C89: DEAERATED WATER PUMPS | D89: API 610 CS/S | E89: 1 | F89: 1402 | G89: IRR | H89: 7.74676e+09 | I89: =420000*1.08498039510108 -> 455691.77 | J89: =H89/I89 -> 17000 | K89: =INDEX(Indices!$C$51:$C$71,MATCH($D$3,Indices!$A$51:$A$71,0))/INDEX(Indices!$C$51:$C$71,MATCH(F89,Indices!$A$51:$A$71,0)) -> 1.0556264 | L89: =J89*K89 -> 17945.649 | M89: N | N89: =IF(M89="Y",MAX(L89,$D$7*$D$8),L89) -> 17945.649 | O89: =N89*$D$6 -> 5.1145099e+10 | P89: =O89*E89 -> 5.1145099e+10 | Q89: 2.6680346e+10 | R89: =IF(Q89="","",O89/Q89-1) -> 0.91695786 | S89: 40m3/hr, 2.4 bar, 2.7 kw
A90: Gachsaran 4 (1402) | B90: P-104 | C90: POTABLE WATER FILLING PUMP | D90: API 610 CS/S | E90: 1 | F90: 1402 | G90: IRR | H90: 5012609000 | I90: =420000*1.08498039510108 -> 455691.77 | J90: =H90/I90 -> 10999.999 | K90: =INDEX(Indices!$C$51:$C$71,MATCH($D$3,Indices!$A$51:$A$71,0))/INDEX(Indices!$C$51:$C$71,MATCH(F90,Indices!$A$51:$A$71,0)) -> 1.0556264 | L90: =J90*K90 -> 11611.889 | M90: N | N90: =IF(M90="Y",MAX(L90,$D$7*$D$8),L90) -> 11611.889 | O90: =N90*$D$6 -> 3.3093885e+10 | P90: =O90*E90 -> 3.3093885e+10 | Q90: 1.7263752e+10 | R90: =IF(Q90="","",O90/Q90-1) -> 0.91695786 | S90: 20m3/hr, 2.5 bar, 1.4 kw
A91: Gachsaran 4 (1402) | B91: P-201-A/B/C | C91: WATER INJECTION MAIN PUMPS | D91: API 610 دوپلکس/D | E91: 3 | F91: 1402 | G91: IRR | H91: 195947459000 | I91: =420000*1.08498039510108 -> 455691.77 | J91: =H91/I91 -> 430000 | K91: =INDEX(Indices!$C$51:$C$71,MATCH($D$3,Indices!$A$51:$A$71,0))/INDEX(Indices!$C$51:$C$71,MATCH(F91,Indices!$A$51:$A$71,0)) -> 1.0556264 | L91: =J91*K91 -> 453919.35 | M91: Y | N91: =IF(M91="Y",MAX(L91,$D$7*$D$8),L91) -> 453919.35 | O91: =N91*$D$6 -> 1.2936701e+12 | P91: =O91*E91 -> 3.8810104e+12 | Q91: 7.2887217e+11 | R91: =IF(Q91="","",O91/Q91-1) -> 0.77489304 | S91: 73m3/hr (each),36.3 bar, 73.6 kw
A92: Gachsaran 4 (1402) | B92: P-206-A/B/C | C92: WATER INJECTION BOOSTER PUMPS | D92: API 610 دوپلکس/D | E92: 3 | F92: 1402 | G92: IRR | H92: 129872153000 | I92: =420000*1.08498039510108 -> 455691.77 | J92: =H92/I92 -> 285000 | K92: =INDEX(Indices!$C$51:$C$71,MATCH($D$3,Indices!$A$51:$A$71,0))/INDEX(Indices!$C$51:$C$71,MATCH(F92,Indices!$A$51:$A$71,0)) -> 1.0556264 | L92: =J92*K92 -> 300853.52 | M92: Y | N92: =IF(M92="Y",MAX(L92,$D$7*$D$8),L92) -> 300853.52 | O92: =N92*$D$6 -> 8.5743254e+11 | P92: =O92*E92 -> 2.5722976e+12 | Q92: 4.830897e+11 | R92: =IF(Q92="","",O92/Q92-1) -> 0.77489304 | S92: 36.5m3/hr (each),36.3 bar, 36.5 kw
A93: Gachsaran 4 (1402) | B93: P-501-A/B/C | C93: CHEMICAL INJECTION PORTABLE PUMPS | D93: کوچک/پرتابل | E93: 3 | F93: 1402 | G93: IRR | H93: 4101226000 | I93: =420000*1.08498039510108 -> 455691.77 | J93: =H93/I93 -> 9000.0002 | K93: =INDEX(Indices!$C$51:$C$71,MATCH($D$3,Indices!$A$51:$A$71,0))/INDEX(Indices!$C$51:$C$71,MATCH(F93,Indices!$A$51:$A$71,0)) -> 1.0556264 | L93: =J93*K93 -> 9500.6378 | M93: N | N93: =IF(M93="Y",MAX(L93,$D$7*$D$8),L93) -> 9500.6378 | O93: =N93*$D$6 -> 2.7076818e+10 | P93: =O93*E93 -> 8.1230453e+10 | Q93: 1.4055827e+10 | R93: =IF(Q93="","",O93/Q93-1) -> 0.92637677 | S93: .8m³/h, 2bar, 0.45 kw
... A107: Gachsaran 4 (1402) | B107: P-904 | C107: FIRE WATER LOADING PUMP | D107: آتش‌نشانی | E107: 1 | F107: 1402 | G107: IRR | H107: 8885989000 | I107: =420000*1.08498039510108 -> 455691.77 | J107: =H107/I107 -> 19499.999 | K107: =INDEX(Indices!$C$51:$C$71,MATCH($D$3,Indices!$A$51:$A$71,0))/INDEX(Indices!$C$51:$C$71,MATCH(F107,Indices!$A$51:$A$71,0)) -> 1.0556264 | L107: =J107*K107 -> 20584.714 | M107: N | N107: =IF(M107="Y",MAX(L107,$D$7*$D$8),L107) -> 20584.714 | O107: =N107*$D$6 -> 5.8666434e+10 | P107: =O107*E107 -> 5.8666434e+10 | Q107: 2.9531824e+10 | R107: =IF(Q107="","",O107/Q107-1) -> 0.98654961 | S107: 30m3/hr, 3 bar, 2.5 kw
A108: Pump CSV 1405 ($) | B108: #1 | C108: 2nd Stage Separators Oil Pumps | D108: API 610 CS/S | E108: 1 | F108: 1405 | G108: USD | H108: 240000 | I108: =INDEX(Indices!$E$51:$E$71,MATCH(F108,Indices!$A$51:$A$71,0)) -> 1.15 | J108: =H108/I108 -> 208695.65 | K108: =INDEX(Indices!$C$51:$C$71,MATCH($D$3,Indices!$A$51:$A$71,0))/INDEX(Indices!$C$51:$C$71,MATCH(F108,Indices!$A$51:$A$71,0)) -> 1 | L108: =J108*K108 -> 208695.65 | M108: N | N108: =IF(M108="Y",MAX(L108,$D$7*$D$8),L108) -> 208695.65 | O108: =N108*$D$6 -> 5.9478261e+11 | P108: =O108*E108 -> 5.9478261e+11 | Q108: 600000000000 | R108: =IF(Q108="","",O108/Q108-1) -> -0.0086956522 | S108: قیمت ۱۴۰۵ است؛ فقط تبدیل ارز. هزینه گمرک/حمل جدا (۶٪)
A109: Pump CSV 1405 ($) | B109: #2 | C109: 3rd Stage Separators Oil Pumps | D109: API 610 CS/S | E109: 1 | F109: 1405 | G109: USD | H109: 280000 | I109: =INDEX(Indices!$E$51:$E$71,MATCH(F109,Indices!$A$51:$A$71,0)) -> 1.15 | J109: =H109/I109 -> 243478.26 | K109: =INDEX(Indices!$C$51:$C$71,MATCH($D$3,Indices!$A$51:$A$71,0))/INDEX(Indices!$C$51:$C$71,MATCH(F109,Indices!$A$51:$A$71,0)) -> 1 | L109: =J109*K109 -> 243478.26 | M109: N | N109: =IF(M109="Y",MAX(L109,$D$7*$D$8),L109) -> 243478.26 | O109: =N109*$D$6 -> 6.9391304e+11 | P109: =O109*E109 -> 6.9391304e+11 | Q109: 700000000000 | R109: =IF(Q109="","",O109/Q109-1) -> -0.0086956522 | S109: قیمت ۱۴۰۵ است؛ فقط تبدیل ارز. هزینه گمرک/حمل جدا (۶٪)
A110: Pump CSV 1405 ($) | B110: #3 | C110: Stabilized Oil Pump | D110: API 610 CS/S | E110: 1 | F110: 1405 | G110: USD | H110: 250000 | I110: =INDEX(Indices!$E$51:$E$71,MATCH(F110,Indices!$A$51:$A$71,0)) -> 1.15 | J110: =H110/I110 -> 217391.3 | K110: =INDEX(Indices!$C$51:$C$71,MATCH($D$3,Indices!$A$51:$A$71,0))/INDEX(Indices!$C$51:$C$71,MATCH(F110,Indices!$A$51:$A$71,0)) -> 1 | L110: =J110*K110 -> 217391.3 | M110: N | N110: =IF(M110="Y",MAX(L110,$D$7*$D$8),L110) -> 217391.3 | O110: =N110*$D$6 -> 6.1956522e+11 | P110: =O110*E110 -> 6.1956522e+11 | Q110: 625000000000 | R110: =IF(Q110="","",O110/Q110-1) -> -0.0086956522 | S110: قیمت ۱۴۰۵ است؛ فقط تبدیل ارز. هزینه گمرک/حمل جدا (۶٪)
A111: Pump CSV 1405 ($) | B111: #4 | C111: Product Oil Pump | D111: API 610 CS/S | E111: 1 | F111: 1405 | G111: USD | H111: 420000 | I111: =INDEX(Indices!$E$51:$E$71,MATCH(F111,Indices!$A$51:$A$71,0)) -> 1.15 | J111: =H111/I111 -> 365217.39 | K111: =INDEX(Indices!$C$51:$C$71,MATCH($D$3,Indices!$A$51:$A$71,0))/INDEX(Indices!$C$51:$C$71,MATCH(F111,Indices!$A$51:$A$71,0)) -> 1 | L111: =J111*K111 -> 365217.39 | M111: N | N111: =IF(M111="Y",MAX(L111,$D$7*$D$8),L111) -> 365217.39 | O111: =N111*$D$6 -> 1.0408696e+12 | P111: =O111*E111 -> 1.0408696e+12 | Q111: 1050000000000 | R111: =IF(Q111="","",O111/Q111-1) -> -0.0086956522 | S111: قیمت ۱۴۰۵ است؛ فقط تبدیل ارز. هزینه گمرک/حمل جدا (۶٪)
A112: Pump CSV 1405 ($) | B112: #5 | C112: Off Spec Crude Pump | D112: API 610 CS/S | E112: 1 | F112: 1405 | G112: USD | H112: 75000 | I112: =INDEX(Indices!$E$51:$E$71,MATCH(F112,Indices!$A$51:$A$71,0)) -> 1.15 | J112: =H112/I112 -> 65217.391 | K112: =INDEX(Indices!$C$51:$C$71,MATCH($D$3,Indices!$A$51:$A$71,0))/INDEX(Indices!$C$51:$C$71,MATCH(F112,Indices!$A$51:$A$71,0)) -> 1 | L112: =J112*K112 -> 65217.391 | M112: N | N112: =IF(M112="Y",MAX(L112,$D$7*$D$8),L112) -> 65217.391 | O112: =N112*$D$6 -> 1.8586957e+11 | P112: =O112*E112 -> 1.8586957e+11 | Q112: 187500000000 | R112: =IF(Q112="","",O112/Q112-1) -> -0.0086956522 | S112: قیمت ۱۴۰۵ است؛ فقط تبدیل ارز. هزینه گمرک/حمل جدا (۶٪)
A113: Pump CSV 1405 ($) | B113: #6 | C113: Second Stage Desalter Water Criculated Pump | D113: API 610 CS/S | E113: 1 | F113: 1405 | G113: USD | H113: 60000 | I113: =INDEX(Indices!$E$51:$E$71,MATCH(F113,Indices!$A$51:$A$71,0)) -> 1.15 | J113: =H113/I113 -> 52173.913 | K113: =INDEX(Indices!$C$51:$C$71,MATCH($D$3,Indices!$A$51:$A$71,0))/INDEX(Indices!$C$51:$C$71,MATCH(F113,Indices!$A$51:$A$71,0)) -> 1 | L113: =J113*K113 -> 52173.913 | M113: N | N113: =IF(M113="Y",MAX(L113,$D$7*$D$8),L113) -> 52173.913 | O113: =N113*$D$6 -> 1.4869565e+11 | P113: =O113*E113 -> 1.4869565e+11 | Q113: 150000000000 | R113: =IF(Q113="","",O113/Q113-1) -> -0.0086956522 | S113: قیمت ۱۴۰۵ است؛ فقط تبدیل ارز. هزینه گمرک/حمل جدا (۶٪)
A114: Pump CSV 1405 ($) | B114: #7 | C114: Degassing Water Pump | D114: API 610 CS/S | E114: 1 | F114: 1405 | G114: USD | H114: 60000 | I114: =INDEX(Indices!$E$51:$E$71,MATCH(F114,Indices!$A$51:$A$71,0)) -> 1.15 | J114: =H114/I114 -> 52173.913 | K114: =INDEX(Indices!$C$51:$C$71,MATCH($D$3,Indices!$A$51:$A$71,0))/INDEX(Indices!$C$51:$C$71,MATCH(F114,Indices!$A$51:$A$71,0)) -> 1 | L114: =J114*K114 -> 52173.913 | M114: N | N114: =IF(M114="Y",MAX(L114,$D$7*$D$8),L114) -> 52173.913 | O114: =N114*$D$6 -> 1.4869565e+11 | P114: =O114*E114 -> 1.4869565e+11 | Q114: 150000000000 | R114: =IF(Q114="","",O114/Q114-1) -> -0.0086956522 | S114: قیمت ۱۴۰۵ است؛ فقط تبدیل ارز. هزینه گمرک/حمل جدا (۶٪)
A115: Pump CSV 1405 ($) | B115: #8 | C115: Disposal Water Pump | D115: API 610 دوپلکس/D | E115: 1 | F115: 1405 | G115: USD | H115: 410000 | I115: =INDEX(Indices!$E$51:$E$71,MATCH(F115,Indices!$A$51:$A$71,0)) -> 1.15 | J115: =H115/I115 -> 356521.74 | K115: =INDEX(Indices!$C$51:$C$71,MATCH($D$3,Indices!$A$51:$A$71,0))/INDEX(Indices!$C$51:$C$71,MATCH(F115,Indices!$A$51:$A$71,0)) -> 1 | L115: =J115*K115 -> 356521.74 | M115: N | N115: =IF(M115="Y",MAX(L115,$D$7*$D$8),L115) -> 356521.74 | O115: =N115*$D$6 -> 1.016087e+12 | P115: =O115*E115 -> 1.016087e+12 | Q115: 1025000000000 | R115: =IF(Q115="","",O115/Q115-1) -> -0.0086956522 | S115: قیمت ۱۴۰۵ است؛ فقط تبدیل ارز. هزینه گمرک/حمل جدا (۶٪)
A116: Pump CSV 1405 ($) | B116: #9 | C116: Fresh Water Pump | D116: API 610 CS/S | E116: 1 | F116: 1405 | G116: USD | H116: 8000 | I116: =INDEX(Indices!$E$51:$E$71,MATCH(F116,Indices!$A$51:$A$71,0)) -> 1.15 | J116: =H116/I116 -> 6956.5217 | K116: =INDEX(Indices!$C$51:$C$71,MATCH($D$3,Indices!$A$51:$A$71,0))/INDEX(Indices!$C$51:$C$71,MATCH(F116,Indices!$A$51:$A$71,0)) -> 1 | L116: =J116*K116 -> 6956.5217 | M116: N | N116: =IF(M116="Y",MAX(L116,$D$7*$D$8),L116) -> 6956.5217 | O116: =N116*$D$6 -> 1.9826087e+10 | P116: =O116*E116 -> 1.9826087e+10 | Q116: 20000000000 | R116: =IF(Q116="","",O116/Q116-1) -> -0.0086956522 | S116: قیمت ۱۴۰۵ است؛ فقط تبدیل ارز. هزینه گمرک/حمل جدا (۶٪)
A117: Pump CSV 1405 ($) | B117: #10 | C117: Closed Drain Pump | D117: API 610 CS/S | E117: 1 | F117: 1405 | G117: USD | H117: 40000 | I117: =INDEX(Indices!$E$51:$E$71,MATCH(F117,Indices!$A$51:$A$71,0)) -> 1.15 | J117: =H117/I117 -> 34782.609 | K117: =INDEX(Indices!$C$51:$C$71,MATCH($D$3,Indices!$A$51:$A$71,0))/INDEX(Indices!$C$51:$C$71,MATCH(F117,Indices!$A$51:$A$71,0)) -> 1 | L117: =J117*K117 -> 34782.609 | M117: N | N117: =IF(M117="Y",MAX(L117,$D$7*$D$8),L117) -> 34782.609 | O117: =N117*$D$6 -> 9.9130435e+10 | P117: =O117*E117 -> 9.9130435e+10 | Q117: 100000000000 | R117: =IF(Q117="","",O117/Q117-1) -> -0.0086956522 | S117: قیمت ۱۴۰۵ است؛ فقط تبدیل ارز. هزینه گمرک/حمل جدا (۶٪)
A118: Pump CSV 1405 ($) | B118: #11 | C118: Diesel Unlodaing pump | D118: جابه‌جایی مثبت | E118: 1 | F118: 1405 | G118: USD | H118: 5000 | I118: =INDEX(Indices!$E$51:$E$71,MATCH(F118,Indices!$A$51:$A$71,0)) -> 1.15 | J118: =H118/I118 -> 4347.8261 | K118: =INDEX(Indices!$C$51:$C$71,MATCH($D$3,Indices!$A$51:$A$71,0))/INDEX(Indices!$C$51:$C$71,MATCH(F118,Indices!$A$51:$A$71,0)) -> 1 | L118: =J118*K118 -> 4347.8261 | M118: N | N118: =IF(M118="Y",MAX(L118,$D$7*$D$8),L118) -> 4347.8261 | O118: =N118*$D$6 -> 1.2391304e+10 | P118: =O118*E118 -> 1.2391304e+10 | Q118: 12500000000 | R118: =IF(Q118="","",O118/Q118-1) -> -0.0086956522 | S118: قیمت ۱۴۰۵ است؛ فقط تبدیل ارز. هزینه گمرک/حمل جدا (۶٪)
A119: Pump CSV 1405 ($) | B119: #12 | C119: Diesel Transfer pump | D119: جابه‌جایی مثبت | E119: 1 | F119: 1405 | G119: USD | H119: 3000 | I119: =INDEX(Indices!$E$51:$E$71,MATCH(F119,Indices!$A$51:$A$71,0)) -> 1.15 | J119: =H119/I119 -> 2608.6957 | K119: =INDEX(Indices!$C$51:$C$71,MATCH($D$3,Indices!$A$51:$A$71,0))/INDEX(Indices!$C$51:$C$71,MATCH(F119,Indices!$A$51:$A$71,0)) -> 1 | L119: =J119*K119 -> 2608.6957 | M119: N | N119: =IF(M119="Y",MAX(L119,$D$7*$D$8),L119) -> 2608.6957 | O119: =N119*$D$6 -> 7.4347826e+09 | P119: =O119*E119 -> 7.4347826e+09 | Q119: 7500000000 | R119: =IF(Q119="","",O119/Q119-1) -> -0.0086956522 | S119: قیمت ۱۴۰۵ است؛ فقط تبدیل ارز. هزینه گمرک/حمل جدا (۶٪)
... A121: Pump CSV 1405 ($) | B121: #14 | C121: Flare KO Drum Pumps | D121: API 610 CS/S | E121: 1 | F121: 1405 | G121: USD | H121: 40000 | I121: =INDEX(Indices!$E$51:$E$71,MATCH(F121,Indices!$A$51:$A$71,0)) -> 1.15 | J121: =H121/I121 -> 34782.609 | K121: =INDEX(Indices!$C$51:$C$71,MATCH($D$3,Indices!$A$51:$A$71,0))/INDEX(Indices!$C$51:$C$71,MATCH(F121,Indices!$A$51:$A$71,0)) -> 1 | L121: =J121*K121 -> 34782.609 | M121: N | N121: =IF(M121="Y",MAX(L121,$D$7*$D$8),L121) -> 34782.609 | O121: =N121*$D$6 -> 9.9130435e+10 | P121: =O121*E121 -> 9.9130435e+10 | Q121: 100000000000 | R121: =IF(Q121="","",O121/Q121-1) -> -0.0086956522 | S121: قیمت ۱۴۰۵ است؛ فقط تبدیل ارز. هزینه گمرک/حمل جدا (۶٪)
A123: جمع (ریال) | P123: =SUM(P11:P121) -> 4.1237234e+13 | Q123: =SUMPRODUCT(E11:E121,Q11:Q121) -> 3.5640785e+13 | R123: =P123/Q123-1 -> 0.15702375
A124: جمع به یورو | P124: =SUMPRODUCT(E11:E121,N11:N121) -> 14469205

Sheet Model_Issues
A1: ایرادهای یافت‌شده در فایل Desalting_Equipment_Escalation_Model.xlsx (بخش پمپ)
A3: # | B3: شدت | C3: محل | D3: ایراد | E3: اثر | F3: اصلاح پیشنهادی
A4: 1 | B4: بالا | C4: Equipment سطرهای ریالی + Params ستون F/H | D4: مسیر ریالی (ساخت داخل) سهم غیرفلزی را با تورم ریالی (CPI) تعدیل می‌کند. | E4: در آزمون پکیج‌های پازنان، CPI قیمت را ~۵۰٪ کمتر از استعلام ریالی واقعی می‌دهد. | F4: برای پمپ و پکیج پمپ: ریال پایه ← یورو با نرخ تسعیر همان منبع ← PPI پمپ ← نرخ یورو هدف.
A5: 2 | B5: بالا | C5: Equipment سطرهای گچساران ۴ (۱۸۹ به بعد) | D5: قیمت‌های گچساران در منبع «یورو × ۴۲۰٬۰۰۰ × ۱٫۰۸۵» ساخته شده‌اند ولی در مدل به عنوان ریال ۱۴۰۲ با نرخ دلار ۵۲۰٬۰۰۰ برگشت داده می‌شوند. | E5: لنگر ارزی ۲۴٪ جابه‌جا می‌شود و بعد CPI هم رویش اعمال می‌شود. | F5: ستون «نرخ تسعیر منبع» اضافه شود؛ گچساران = ۴۵۵٬۶۹۲ ریال/یورو.
A6: 3 | B6: بالا | C6: Equipment!AP سطرهای ۳۴۲، ۳۵۰، ۳۵۱، ۳۶۶، ۳۷۰ | D6: قیمت «واقعی ۱۴۰۴» این سطرها استعلام نیست؛ پازنان آن‌ها را با ضریب ۱٫۵۵۲ (یورو) یا ۱۶٫۲۶ (ریال) از ۱۳۹۳ ساخته است. | E6: اعتبارسنجی دوری (circular) و گمراه‌کننده. | F6: از آمار اعتبارسنجی حذف شوند (در این فایل حذف شده‌اند).
A7: 4 | B7: بالا | C7: Equipment قالب مواد | D7: جرثقیل‌ها (CN-131, CN-161, CN-191, CR007..CR011, CN-1xx KPL) با قالب PUMP_* ثبت شده‌اند؛ پکیج‌های تزریق PK-180..PK-212 با PUMP_API_CS/PUMP_SMALL؛ IGF (PK-131) با PUMP_ROTARY؛ فیلتر F-121 و مخزن TK-154 با PUMP_SMALL. | E7: جمع گروه پمپ در Summary و آمار اعتبارسنجی پمپ آلوده می‌شود (نسبت ۶٫۱ برای CN-161). | F7: قالب درست: CRANE، CIP_SS316، PKG_FILTER_DX، TANK_SS.
A8: 5 | B8: متوسط | C8: Equipment سطرهای ۲۶۳ تا ۲۷۶ و ۳۰۷ تا ۳۲۰ | D8: «نمونه قیمتی» و «CSV پمپ ۱۴۰۵» همان ۱۴ پمپ‌اند (۱۰ قلم با قیمت یکسان، ۴ قلم اصلاح‌شده) و هر دو «اصلی» شمرده می‌شوند. این پمپ‌ها مربوط به واحد جداسازی/تثبیت‌اند نه نمک‌زدایی مشابه. | E8: دوباره‌شماری در Summary. | F8: نسخه قدیمی‌تر (نمونه قیمتی) غیرفعال شود؛ برچسب نوع واحد اضافه شود.
A9: 6 | B9: متوسط | C9: Templates + Alloys | D9: ضریب فلزی-وزنی برای پمپ‌ها دقت را بهتر نکرده: در آزمون پازنان سوگیری میانه حدود −۲۰٪. PPI سازنده پمپ خودش اثر فلزات را دارد. | E9: افزودن فلز روی شاخص ارزی = دوباره‌شماری؛ کنار گذاشتن PPI = کم‌برآوردی. | F9: فلزات فقط برای nowcast سال‌های بدون PPI و تحلیل حساسیت.
A10: 7 | B10: متوسط | C10: Params ستون C | D10: نرخ دلار سال‌های ۱۳۸۶ تا ۱۴۰۴ تخمینی است و میانگین سالانه است، در حالی که در ۱۴۰۴ دلار از ~۸۲۰ هزار به ~۱٫۴ میلیون ریال رسید. | E10: خطای نرخ ارز از خطای شاخص بزرگ‌تر است. | F10: به جای سال، تاریخ (ماه) قیمت و نرخ همان ماه ثبت شود؛ نوع نرخ (آزاد/مرکز مبادله) ثابت بماند.
A11: 8 | B11: متوسط | C11: Params!F32 | D11: تورم ریالی ۱۴۰۵ = ۲۰٪ (از مارون ۳)؛ با واقعیت سازگار نیست. | E11: هر قلمی که از مسیر CPI برود کم‌برآورد می‌شود. | F11: اصلاح عدد؛ در روش پیشنهادی پمپ بی‌اثر است.
A12: 9 | B12: پایین | C12: اعتبارسنجی پمپ‌های آتش‌نشانی | D12: استعلام P-192 از ۳۰ هزار تا ۶۹۹ هزار یورو؛ دامنه کار (پمپ تنها یا پکیج NFPA 20 با موتور دیزل و کنترلر) یکسان نیست. | E12: هر روش تعدیلی روی این اقلام بی‌معناست. | F12: دامنه کار استاندارد تعریف و فقط استعلام‌های هم‌دامنه مقایسه شوند.
A13: 10 | B13: پایین | C13: Params ستون D | D13: یورو/دلار ۱۳۹۳ = ۱٫۳۳ میانگین ۲۰۱۴ است؛ قیمت‌های پازنان مربوط به فوریه ۲۰۱۵ (۱٫۱۳) است. | E13: خطای ~۱۵٪ در تبدیل دلار↔یورو برای همان تاریخ. | F13: تاریخ ماهانه.

Sheet Sources
A1: منابع
A3: Eurostat — sts_inppd_a, NACE C2813 (Manufacture of other pumps and compressors), Domestic PPI, EA20, Index 2021=100 | B3: https://ec.europa.eu/eurostat/api/dissemination/statistics/1.0/data/sts_inppd_a?format=JSON&lang=EN&geo=EA20&nace_r2=C2813&unit=I21
A4: FRED/BLS — PCU333914333914, Measuring, Dispensing, and Other Pumping Equipment Mfg (Dec 1983=100) | B4: https://fred.stlouisfed.org/data/PCU333914333914
A5: ONS — EWKO, PPI output domestic C2813 Other pumps and compressors (UK, 2015=100) — برای مقایسه | B5: https://www.ons.gov.uk/economy/inflationandpriceindices/timeseries/ewko/ppi
A6: Wikipedia — Iranian rial (نرخ بازار آزاد ۲۰۱۴ تا ۲۰۲۶) | B6: https://en.wikipedia.org/wiki/Iranian_rial
A7: Euronews فارسی، ۲ سپتامبر ۲۰۲۶ — دلار آزاد ۲۲۰ هزار تومان، یورو ~۲۵۵ هزار تومان | B7: https://parsi.euronews.com/business/2026/09/02/iran-currency-rial-crisis
A8: فایل مرجع: PC-ME 14040105_Pazanan2_Reconstruction.xlsx — شیت‌های PUMPS و C.I.P. (قیمت ۱۳۹۳ و استعلام‌های ۱۴۰۴) + مقادیر کش‌شده Basic INFO
A9: فایل مرجع: برآورد پروژه نمکزدایی مارون ۳ (14050310) — شیت Inflation (تورم ریالی/ارزی، نرخ یورو ۹۳)
A10: فایل مرجع: PEP-Rev.140205 Gachsaran 4 — شیت P.ME و basic data (۴۲۰٬۰۰۰ ریال/دلار، ۱٫۰۸۵ یورو/دلار)
A11: فایل مرجع: 91215-KPL-ME-RE-476 R03 — شیت‌های PUMPS
A12: فایل مرجع: 18061405_Pump_only_CSV.csv و نمونه قیمتی نمک زدایی.xlsx
A13: فایل بررسی‌شده: Desalting_Equipment_Escalation_Model.xlsx (بازمحاسبه با LibreOffice برای استخراج ضرایب ستون AH)

Sheet Lists
A1: گریز از مرکز API 610 | B1: S1 | C1: 1385 | D1: EUR | E1: خودکار
A2: گریز از مرکز غیر API (چدنی/ISO) | B2: S5 | C2: 1386 | D2: USD | E2: بله
A3: جابه‌جایی مثبت (دنده‌ای/پیچی) | B3: S6 | C3: 1387 | D3: IRR | E3: خیر
A4: پرتابل/کوچک | B4: S8 | C4: 1388
A5: آتش‌نشانی | B5: D1 | C5: 1389
A6: پکیج تزریق مواد | B6: D2 | C6: 1390
B7: C6 | C7: 1391
B8: A8 | C8: 1392
B9: I1 | C9: 1393
B10: I2 | C10: 1394
B11: نامشخص | C11: 1395
C12: 1396
C13: 1397
C14: 1398
C15: 1399
C16: 1400
C17: 1401
C18: 1402
C19: 1403
C20: 1404
C21: 1405
